id,lat,lng,brightness,frp,confidence,timestamp,satellite,classification
firms-2026-09-09-1824-37999,-29.20072,115.27158,331.87,6.73,50,2026-09-09T18:24:00Z,N20,Routine Flare
firms-2026-09-09-1824-38001,-29.20107,115.27739,344.04,6.73,50,2026-09-09T18:24:00Z,N20,Routine Flare
firms-2026-09-09-1824-38003,-29.20168,115.27705,356.22,11.13,50,2026-09-09T18:24:00Z,N20,Routine Flare
firms-2026-09-09-1824-38005,-29.20136,115.27118,306.22,7.54,50,2026-09-09T18:24:00Z,N20,Routine Flare
firms-2026-09-09-1824-38008,-30.64676,115.70621,298.28,0.72,50,2026-09-09T18:24:00Z,N20,Routine Flare
firms-2026-09-09-1824-38314,-31.59929,116.5472,298.37,1.26,50,2026-09-09T18:24:00Z,N20,Routine Flare
firms-2026-09-09-1832-40249,-53.09893,73.50079,334.05,4.85,50,2026-09-09T18:32:00Z,N20,Routine Flare
firms-2026-09-09-1832-40250,-53.10072,73.50037,320.73,6.11,50,2026-09-09T18:32:00Z,N20,Routine Flare
firms-2026-09-09-1913-40251,19.90435,-90.45647,332.63,23.4,50,2026-09-09T19:13:00Z,N20,Industrial Fire
firms-2026-09-09-1913-40252,19.90838,-90.45321,348.91,23.4,50,2026-09-09T19:13:00Z,N20,Industrial Fire
firms-2026-09-09-1913-40253,19.90774,-90.45708,348.22,23.4,50,2026-09-09T19:13:00Z,N20,Industrial Fire
firms-2026-09-09-1913-40254,19.91901,-90.43115,340.94,6.41,50,2026-09-09T19:13:00Z,N20,Routine Flare
firms-2026-09-09-1913-40255,19.60987,-99.21311,325.29,5.06,50,2026-09-09T19:13:00Z,N20,Routine Flare
firms-2026-09-09-1913-40256,22.33191,-83.28899,339.33,5.68,50,2026-09-09T19:13:00Z,N20,Routine Flare
firms-2026-09-09-1913-40257,22.4353,-83.12872,334.91,8.5,50,2026-09-09T19:13:00Z,N20,Routine Flare
firms-2026-09-09-1913-40258,22.7781,-80.31973,341.94,3.48,50,2026-09-09T19:13:00Z,N20,Routine Flare
firms-2026-09-09-1913-40259,22.78315,-80.32033,353.38,6.68,50,2026-09-09T19:13:00Z,N20,Routine Flare
firms-2026-09-09-1913-40260,22.78284,-80.32348,336.71,3.69,50,2026-09-09T19:13:00Z,N20,Routine Flare
firms-2026-09-09-1913-40261,22.9929,-80.99246,342.61,6.69,50,2026-09-09T19:13:00Z,N20,Routine Flare
firms-2026-09-09-1913-40262,22.99229,-80.99821,333.64,6.69,50,2026-09-09T19:13:00Z,N20,Routine Flare
firms-2026-09-09-1913-40263,22.99897,-80.98149,367,10.6,50,2026-09-09T19:13:00Z,N20,Industrial Fire
firms-2026-09-09-1913-40264,22.99836,-80.98724,335.11,10.6,50,2026-09-09T19:13:00Z,N20,Routine Flare
firms-2026-09-09-1913-40265,22.99165,-80.99387,341,5.46,50,2026-09-09T19:13:00Z,N20,Routine Flare
firms-2026-09-09-1913-40266,22.99108,-80.99963,329.46,3.7,50,2026-09-09T19:13:00Z,N20,Routine Flare
firms-2026-09-09-1913-40267,22.9982,-80.97713,327.69,8.78,50,2026-09-09T19:13:00Z,N20,Routine Flare
firms-2026-09-09-1913-40268,22.99763,-80.98288,354.12,8.78,50,2026-09-09T19:13:00Z,N20,Routine Flare
firms-2026-09-09-1913-40269,22.99707,-80.98863,334.28,7.7,50,2026-09-09T19:13:00Z,N20,Routine Flare
firms-2026-09-09-1913-40270,23.13853,-82.14272,341.16,8.08,50,2026-09-09T19:13:00Z,N20,Routine Flare
firms-2026-09-09-1913-40271,20.52324,-100.92204,330.87,6.52,50,2026-09-09T19:13:00Z,N20,Routine Flare
firms-2026-09-09-1913-40272,20.57496,-101.17056,367,12.26,50,2026-09-09T19:13:00Z,N20,Industrial Fire
firms-2026-09-09-1913-40273,20.86915,-101.36694,337.78,24.09,50,2026-09-09T19:13:00Z,N20,Industrial Fire
firms-2026-09-09-1913-40274,20.8679,-101.37232,356.01,21.36,50,2026-09-09T19:13:00Z,N20,Industrial Fire
firms-2026-09-09-1913-40275,20.87533,-101.36858,356.42,15.43,50,2026-09-09T19:13:00Z,N20,Industrial Fire
firms-2026-09-09-1913-40276,20.87407,-101.37396,356.02,20.25,50,2026-09-09T19:13:00Z,N20,Industrial Fire
firms-2026-09-09-1913-40277,22.26206,-97.80475,342.46,19.34,50,2026-09-09T19:13:00Z,N20,Industrial Fire
firms-2026-09-09-1915-40278,23.25725,-99.0701,353.91,5.14,50,2026-09-09T19:15:00Z,N20,Routine Flare
firms-2026-09-09-1915-40279,23.62523,-97.95613,342.33,8.11,50,2026-09-09T19:15:00Z,N20,Routine Flare
firms-2026-09-09-1915-40280,23.6288,-97.95815,330.74,4.93,50,2026-09-09T19:15:00Z,N20,Routine Flare
firms-2026-09-09-1915-40281,23.78256,-99.14648,338.12,2.85,50,2026-09-09T19:15:00Z,N20,Routine Flare
firms-2026-09-09-1915-40282,24.03052,-98.36515,344.07,10.03,50,2026-09-09T19:15:00Z,N20,Routine Flare
firms-2026-09-09-1915-40283,24.10043,-98.50061,356.43,11.88,50,2026-09-09T19:15:00Z,N20,Routine Flare
firms-2026-09-09-1915-40284,24.09977,-98.50366,356.48,13.64,50,2026-09-09T19:15:00Z,N20,Routine Flare
firms-2026-09-09-1915-40285,24.10533,-98.50185,335.46,11.88,50,2026-09-09T19:15:00Z,N20,Routine Flare
firms-2026-09-09-1915-40286,24.10467,-98.50489,354.91,13.64,50,2026-09-09T19:15:00Z,N20,Routine Flare
firms-2026-09-09-1915-40287,24.104,-98.50794,331.54,13.64,50,2026-09-09T19:15:00Z,N20,Routine Flare
firms-2026-09-09-1915-40288,24.10824,-98.51225,330.73,7.44,50,2026-09-09T19:15:00Z,N20,Routine Flare
firms-2026-09-09-1915-40289,24.14311,-98.76028,355.33,30.06,50,2026-09-09T19:15:00Z,N20,Industrial Fire
firms-2026-09-09-1915-40290,24.14242,-98.76341,343.25,20.78,50,2026-09-09T19:15:00Z,N20,Industrial Fire
firms-2026-09-09-1915-40291,24.14739,-98.76467,351,20.78,50,2026-09-09T19:15:00Z,N20,Industrial Fire
firms-2026-09-09-1915-40292,24.1467,-98.76781,347.2,20.78,50,2026-09-09T19:15:00Z,N20,Industrial Fire
firms-2026-09-09-1915-40293,24.23603,-98.78828,337.93,2.64,50,2026-09-09T19:15:00Z,N20,Routine Flare
firms-2026-09-09-1915-40294,24.96609,-98.91357,367,9.58,50,2026-09-09T19:15:00Z,N20,Industrial Fire
firms-2026-09-09-1915-40295,24.96542,-98.91669,354.37,9.58,50,2026-09-09T19:15:00Z,N20,Routine Flare
firms-2026-09-09-1915-40296,24.96681,-98.91265,355.29,11.72,50,2026-09-09T19:15:00Z,N20,Routine Flare
firms-2026-09-09-1915-40297,24.96612,-98.91576,354.48,18.84,50,2026-09-09T19:15:00Z,N20,Industrial Fire
firms-2026-09-09-1915-40298,27.75677,-81.69183,333.23,6.05,50,2026-09-09T19:15:00Z,N20,Routine Flare
firms-2026-09-09-1915-40299,25.36451,-98.21508,340.64,7.8,50,2026-09-09T19:15:00Z,N20,Routine Flare
firms-2026-09-09-1915-40300,25.44805,-98.24459,345.06,17.13,50,2026-09-09T19:15:00Z,N20,Industrial Fire
firms-2026-09-09-1915-40301,25.45273,-98.2458,336.41,123.95,50,2026-09-09T19:15:00Z,N20,Industrial Fire
firms-2026-09-09-1915-40302,25.48235,-99.46733,343.9,2.63,50,2026-09-09T19:15:00Z,N20,Routine Flare
firms-2026-09-09-1915-40303,25.45849,-99.89648,339.53,4.68,50,2026-09-09T19:15:00Z,N20,Routine Flare
firms-2026-09-09-1915-40304,25.67156,-99.46024,330.78,1.71,50,2026-09-09T19:15:00Z,N20,Routine Flare
firms-2026-09-09-1915-40305,25.57547,-99.93687,367,30.05,50,2026-09-09T19:15:00Z,N20,Industrial Fire
firms-2026-09-09-1915-40306,25.57467,-99.94044,332.51,14.55,50,2026-09-09T19:15:00Z,N20,Routine Flare
firms-2026-09-09-1915-40307,26.07114,-99.44988,331.92,2.4,50,2026-09-09T19:15:00Z,N20,Routine Flare
firms-2026-09-09-1915-40308,26.77143,-97.67435,335.73,8.37,50,2026-09-09T19:15:00Z,N20,Routine Flare
firms-2026-09-09-1915-40309,26.76962,-97.67595,336.05,6.13,50,2026-09-09T19:15:00Z,N20,Routine Flare
firms-2026-09-09-1915-40310,26.58488,-99.0143,335.51,8.04,50,2026-09-09T19:15:00Z,N20,Routine Flare
firms-2026-09-09-1915-40311,26.58386,-99.01102,340.13,6.89,50,2026-09-09T19:15:00Z,N20,Routine Flare
firms-2026-09-09-1915-40312,30.58325,-81.88598,327.78,4.64,50,2026-09-09T19:15:00Z,N20,Routine Flare
firms-2026-09-09-1915-40313,30.58322,-81.88647,327.57,4.16,50,2026-09-09T19:15:00Z,N20,Routine Flare
firms-2026-09-09-1915-40314,27.72631,-101.29518,331.44,1.8,50,2026-09-09T19:15:00Z,N20,Routine Flare
firms-2026-09-09-1915-40315,27.72766,-101.29844,334.03,2.15,50,2026-09-09T19:15:00Z,N20,Routine Flare
firms-2026-09-09-1915-40316,29.57504,-92.48391,352.03,13.92,50,2026-09-09T19:15:00Z,N20,Routine Flare
firms-2026-09-09-1915-40317,29.57437,-92.48796,354.86,13.92,50,2026-09-09T19:15:00Z,N20,Routine Flare
firms-2026-09-09-1915-40318,29.57836,-92.48463,353.9,32.39,50,2026-09-09T19:15:00Z,N20,Industrial Fire
firms-2026-09-09-1915-40319,29.5777,-92.48868,350.04,32.39,50,2026-09-09T19:15:00Z,N20,Industrial Fire
firms-2026-09-09-1915-40320,29.57704,-92.49274,330.95,10.43,50,2026-09-09T19:15:00Z,N20,Routine Flare
firms-2026-09-09-1915-40321,30.81466,-84.55101,338.81,4.83,50,2026-09-09T19:15:00Z,N20,Routine Flare
firms-2026-09-09-1915-40322,30.9492,-83.45579,344.85,8.95,50,2026-09-09T19:15:00Z,N20,Routine Flare
firms-2026-09-09-1915-40323,30.20174,-90.99515,332.82,2.27,50,2026-09-09T19:15:00Z,N20,Routine Flare
firms-2026-09-09-1915-40324,30.96556,-85.04104,330.17,4.79,50,2026-09-09T19:15:00Z,N20,Routine Flare
firms-2026-09-09-1915-40325,31.28251,-84.78912,340.68,4.95,50,2026-09-09T19:15:00Z,N20,Routine Flare
firms-2026-09-09-1915-40326,31.28675,-84.78973,332.01,4.95,50,2026-09-09T19:15:00Z,N20,Routine Flare
firms-2026-09-09-1915-40327,31.28629,-84.79431,341.77,10.13,50,2026-09-09T19:15:00Z,N20,Routine Flare
firms-2026-09-09-1915-40328,31.22469,-85.96171,348.04,24.7,50,2026-09-09T19:15:00Z,N20,Industrial Fire
firms-2026-09-09-1915-40329,31.22864,-85.9623,334.58,24.7,50,2026-09-09T19:15:00Z,N20,Industrial Fire
firms-2026-09-09-1915-40330,31.08541,-87.54752,342.21,39.81,50,2026-09-09T19:15:00Z,N20,Industrial Fire
firms-2026-09-09-1915-40331,30.58259,-91.24182,334.56,2.37,50,2026-09-09T19:15:00Z,N20,Routine Flare
firms-2026-09-09-1915-40332,31.48202,-83.96555,331.14,4.07,50,2026-09-09T19:15:00Z,N20,Routine Flare
firms-2026-09-09-1915-40333,31.23092,-86.47232,333.5,4.24,50,2026-09-09T19:15:00Z,N20,Routine Flare
firms-2026-09-09-1915-40334,30.49938,-92.05766,341.56,6.38,50,2026-09-09T19:15:00Z,N20,Routine Flare
firms-2026-09-09-1915-40335,30.62916,-91.24724,336.52,5.14,50,2026-09-09T19:15:00Z,N20,Routine Flare
firms-2026-09-09-1915-40336,31.1501,-87.98621,341.93,10.45,50,2026-09-09T19:15:00Z,N20,Routine Flare
firms-2026-09-09-1915-40337,30.72644,-91.30026,346.46,5.78,50,2026-09-09T19:15:00Z,N20,Routine Flare
firms-2026-09-09-1915-40338,30.9925,-89.57417,331.76,2.43,50,2026-09-09T19:15:00Z,N20,Routine Flare
firms-2026-09-09-1915-40339,31.3711,-88.31745,332.74,4.82,50,2026-09-09T19:15:00Z,N20,Routine Flare
firms-2026-09-09-1915-40340,31.37049,-88.3221,343.6,4.82,50,2026-09-09T19:15:00Z,N20,Routine Flare
firms-2026-09-09-1915-40341,31.3699,-88.32672,353.14,19.71,50,2026-09-09T19:15:00Z,N20,Industrial Fire
firms-2026-09-09-1915-40342,31.3693,-88.33134,344.83,19.71,50,2026-09-09T19:15:00Z,N20,Industrial Fire
firms-2026-09-09-1915-40343,31.3687,-88.33597,341.31,13.52,50,2026-09-09T19:15:00Z,N20,Routine Flare
firms-2026-09-09-1915-40344,31.37342,-88.32733,367,19.71,50,2026-09-09T19:15:00Z,N20,Industrial Fire
firms-2026-09-09-1915-40345,31.37462,-88.31806,336.14,4.82,50,2026-09-09T19:15:00Z,N20,Routine Flare
firms-2026-09-09-1915-40346,31.37402,-88.3227,342.49,4.82,50,2026-09-09T19:15:00Z,N20,Routine Flare
firms-2026-09-09-1915-40347,31.37282,-88.33196,352.45,19.71,50,2026-09-09T19:15:00Z,N20,Industrial Fire
firms-2026-09-09-1915-40348,31.37222,-88.33659,334.47,13.52,50,2026-09-09T19:15:00Z,N20,Routine Flare
firms-2026-09-09-1915-40349,31.86998,-84.05972,345.48,13.48,50,2026-09-09T19:15:00Z,N20,Routine Flare
firms-2026-09-09-1915-40350,31.86948,-84.0649,333.06,7.45,50,2026-09-09T19:15:00Z,N20,Routine Flare
firms-2026-09-09-1915-40351,31.86835,-84.06161,348.58,14.95,50,2026-09-09T19:15:00Z,N20,Routine Flare
firms-2026-09-09-1915-40352,31.51775,-87.50794,348.4,28.88,50,2026-09-09T19:15:00Z,N20,Industrial Fire
firms-2026-09-09-1915-40353,31.52142,-87.50848,343.95,16.73,50,2026-09-09T19:15:00Z,N20,Industrial Fire
firms-2026-09-09-1915-40354,31.52081,-87.5135,335.95,25.77,50,2026-09-09T19:15:00Z,N20,Industrial Fire
firms-2026-09-09-1915-40355,31.3791,-90.19364,338.04,7.77,50,2026-09-09T19:15:00Z,N20,Routine Flare
firms-2026-09-09-1915-40356,31.53805,-89.32159,334.11,2.6,50,2026-09-09T19:15:00Z,N20,Routine Flare
firms-2026-09-09-1915-40357,31.26815,-91.33959,331.54,3.08,50,2026-09-09T19:15:00Z,N20,Routine Flare
firms-2026-09-09-1915-40358,31.10732,-92.70408,333.18,3.1,50,2026-09-09T19:15:00Z,N20,Routine Flare
firms-2026-09-09-1915-40359,31.1113,-92.70074,334.75,4.06,50,2026-09-09T19:15:00Z,N20,Routine Flare
firms-2026-09-09-1915-40360,31.34067,-91.2882,331.5,3.13,50,2026-09-09T19:15:00Z,N20,Routine Flare
firms-2026-09-09-1915-40361,30.74609,-95.31967,330.44,2.16,50,2026-09-09T19:15:00Z,N20,Routine Flare
firms-2026-09-09-1915-40362,31.96344,-87.31965,337.5,34.37,50,2026-09-09T19:15:00Z,N20,Industrial Fire
firms-2026-09-09-1917-40363,32.07901,-86.71756,338.16,28.55,50,2026-09-09T19:17:00Z,N20,Industrial Fire
firms-2026-09-09-1917-40364,32.07837,-86.72314,351.22,28.55,50,2026-09-09T19:17:00Z,N20,Industrial Fire
firms-2026-09-09-1917-40365,32.08284,-86.71817,343.51,20.61,50,2026-09-09T19:17:00Z,N20,Industrial Fire
firms-2026-09-09-1917-40366,32.0822,-86.72375,349.84,20.61,50,2026-09-09T19:17:00Z,N20,Industrial Fire
firms-2026-09-09-1917-40367,31.14188,-93.97937,333.03,8.47,50,2026-09-09T19:17:00Z,N20,Routine Flare
firms-2026-09-09-1917-40368,32.19771,-87.15022,338.56,7.15,50,2026-09-09T19:17:00Z,N20,Routine Flare
firms-2026-09-09-1917-40369,32.19872,-87.14693,334.21,5.89,50,2026-09-09T19:17:00Z,N20,Routine Flare
firms-2026-09-09-1917-40370,30.98562,-95.27455,338.26,95.39,50,2026-09-09T19:17:00Z,N20,Industrial Fire
firms-2026-09-09-1917-40371,30.99458,-95.28693,332.15,13.91,50,2026-09-09T19:17:00Z,N20,Routine Flare
firms-2026-09-09-1917-40372,30.99367,-95.29179,348.56,26.37,50,2026-09-09T19:17:00Z,N20,Industrial Fire
firms-2026-09-09-1917-40373,30.99277,-95.29665,339.87,26.37,50,2026-09-09T19:17:00Z,N20,Industrial Fire
firms-2026-09-09-1917-40374,30.2178,-99.4836,331.94,7.45,50,2026-09-09T19:17:00Z,N20,Routine Flare
firms-2026-09-09-1917-40375,30.22113,-99.49048,336.5,5.8,50,2026-09-09T19:17:00Z,N20,Routine Flare
firms-2026-09-09-1917-40376,30.2161,-99.48676,330.34,5.18,50,2026-09-09T19:17:00Z,N20,Routine Flare
firms-2026-09-09-1917-40377,30.22063,-99.48813,336.48,5.18,50,2026-09-09T19:17:00Z,N20,Routine Flare
firms-2026-09-09-1917-40378,31.2538,-94.46532,335.32,3.79,50,2026-09-09T19:17:00Z,N20,Routine Flare
firms-2026-09-09-1917-40379,31.92181,-90.99388,333.03,2.2,50,2026-09-09T19:17:00Z,N20,Routine Flare
firms-2026-09-09-1917-40380,31.86156,-91.39748,346.96,10.26,50,2026-09-09T19:17:00Z,N20,Routine Flare
firms-2026-09-09-1917-40381,31.86096,-91.4015,336.63,3.62,50,2026-09-09T19:17:00Z,N20,Routine Flare
firms-2026-09-09-1917-40382,31.23848,-96.10859,331.74,5.81,50,2026-09-09T19:17:00Z,N20,Routine Flare
firms-2026-09-09-1917-40383,33.20607,-81.78284,337.01,2.37,50,2026-09-09T19:17:00Z,N20,Routine Flare
firms-2026-09-09-1917-40384,32.31403,-90.13359,337.6,3.94,50,2026-09-09T19:17:00Z,N20,Routine Flare
firms-2026-09-09-1917-40385,33.21743,-81.84029,344.63,5,50,2026-09-09T19:17:00Z,N20,Routine Flare
firms-2026-09-09-1917-40386,31.76598,-94.06463,342.29,4.51,50,2026-09-09T19:17:00Z,N20,Routine Flare
firms-2026-09-09-1917-40387,31.78449,-94.06,335.04,3.7,50,2026-09-09T19:17:00Z,N20,Routine Flare
firms-2026-09-09-1917-40388,32.83495,-86.7231,347.06,12.54,50,2026-09-09T19:17:00Z,N20,Routine Flare
firms-2026-09-09-1917-40389,32.83946,-86.71797,332.73,12.54,50,2026-09-09T19:17:00Z,N20,Routine Flare
firms-2026-09-09-1917-40390,32.83882,-86.72371,348.75,12.54,50,2026-09-09T19:17:00Z,N20,Routine Flare
firms-2026-09-09-1917-40391,32.84269,-86.72426,350.5,26.12,50,2026-09-09T19:17:00Z,N20,Industrial Fire
firms-2026-09-09-1917-40392,32.40007,-90.3649,336.83,7.1,50,2026-09-09T19:17:00Z,N20,Routine Flare
firms-2026-09-09-1917-40393,32.40341,-90.36555,346.71,7.1,50,2026-09-09T19:17:00Z,N20,Routine Flare
firms-2026-09-09-1917-40394,32.49133,-89.89627,337.82,3.72,50,2026-09-09T19:17:00Z,N20,Routine Flare
firms-2026-09-09-1917-40395,33.39034,-81.41913,332.08,1.86,50,2026-09-09T19:17:00Z,N20,Routine Flare
firms-2026-09-09-1917-40396,32.5229,-90.14252,334.04,1.69,50,2026-09-09T19:17:00Z,N20,Routine Flare
firms-2026-09-09-1917-40397,32.52231,-90.14675,330.77,3.99,50,2026-09-09T19:17:00Z,N20,Routine Flare
firms-2026-09-09-1917-40398,32.79937,-88.3624,334.9,4.1,50,2026-09-09T19:17:00Z,N20,Routine Flare
firms-2026-09-09-1917-40399,32.79806,-88.36021,330.87,3.41,50,2026-09-09T19:17:00Z,N20,Routine Flare
firms-2026-09-09-1917-40400,32.38511,-91.42079,343.68,5.92,50,2026-09-09T19:17:00Z,N20,Routine Flare
firms-2026-09-09-1917-40401,33.0061,-86.97414,344.38,8.25,50,2026-09-09T19:17:00Z,N20,Routine Flare
firms-2026-09-09-1917-40402,33.04574,-86.65405,333.19,10.19,50,2026-09-09T19:17:00Z,N20,Routine Flare
firms-2026-09-09-1917-40403,33.00992,-86.97478,338.26,8.25,50,2026-09-09T19:17:00Z,N20,Routine Flare
firms-2026-09-09-1917-40404,33.04964,-86.65465,348.64,48.46,50,2026-09-09T19:17:00Z,N20,Industrial Fire
firms-2026-09-09-1917-40405,33.04898,-86.66053,345.05,36.5,50,2026-09-09T19:17:00Z,N20,Industrial Fire
firms-2026-09-09-1917-40406,33.05353,-86.65522,356.14,48.46,50,2026-09-09T19:17:00Z,N20,Industrial Fire
firms-2026-09-09-1917-40407,33.05288,-86.6611,342.56,36.5,50,2026-09-09T19:17:00Z,N20,Industrial Fire
firms-2026-09-09-1917-40408,33.05223,-86.66696,330.68,36.5,50,2026-09-09T19:17:00Z,N20,Industrial Fire
firms-2026-09-09-1917-40409,33.05678,-86.66168,342.73,5.52,50,2026-09-09T19:17:00Z,N20,Routine Flare
firms-2026-09-09-1917-40410,32.27852,-92.56905,333.05,1.74,50,2026-09-09T19:17:00Z,N20,Routine Flare
firms-2026-09-09-1917-40411,32.95242,-88.33986,333.53,6.26,50,2026-09-09T19:17:00Z,N20,Routine Flare
firms-2026-09-09-1917-40412,33.68595,-82.56766,356.49,13.18,50,2026-09-09T19:17:00Z,N20,Routine Flare
firms-2026-09-09-1917-40413,33.69093,-82.56824,341.65,13.18,50,2026-09-09T19:17:00Z,N20,Routine Flare
firms-2026-09-09-1917-40414,32.95521,-90.60831,347.26,8.79,50,2026-09-09T19:17:00Z,N20,Routine Flare
firms-2026-09-09-1917-40415,32.89591,-91.57198,339.79,4.08,50,2026-09-09T19:17:00Z,N20,Routine Flare
firms-2026-09-09-1917-40416,32.8953,-91.57605,339.12,4.08,50,2026-09-09T19:17:00Z,N20,Routine Flare
firms-2026-09-09-1917-40417,32.40842,-94.70976,335.58,3.09,50,2026-09-09T19:17:00Z,N20,Routine Flare
firms-2026-09-09-1917-40418,32.55056,-93.93725,337.26,3.41,50,2026-09-09T19:17:00Z,N20,Routine Flare
firms-2026-09-09-1917-40419,32.92833,-91.60737,335.94,2.75,50,2026-09-09T19:17:00Z,N20,Routine Flare
firms-2026-09-09-1917-40420,32.93162,-91.60807,349.17,11.82,50,2026-09-09T19:17:00Z,N20,Routine Flare
firms-2026-09-09-1917-40421,32.93551,-91.60469,336.84,11.82,50,2026-09-09T19:17:00Z,N20,Routine Flare
firms-2026-09-09-1917-40422,32.9349,-91.60876,345.24,11.82,50,2026-09-09T19:17:00Z,N20,Routine Flare
firms-2026-09-09-1917-40423,32.9388,-91.60538,337.48,3.55,50,2026-09-09T19:17:00Z,N20,Routine Flare
firms-2026-09-09-1917-40424,32.93818,-91.60945,343.38,3.55,50,2026-09-09T19:17:00Z,N20,Routine Flare
firms-2026-09-09-1917-40425,33.43821,-88.56879,338.41,5.51,50,2026-09-09T19:17:00Z,N20,Routine Flare
firms-2026-09-09-1917-40426,33.44058,-88.57912,338.11,5.29,50,2026-09-09T19:17:00Z,N20,Routine Flare
firms-2026-09-09-1917-40427,33.84328,-86.14648,330.2,2.35,50,2026-09-09T19:17:00Z,N20,Routine Flare
firms-2026-09-09-1917-40428,33.457,-90.24577,338.64,1.92,50,2026-09-09T19:17:00Z,N20,Routine Flare
firms-2026-09-09-1917-40429,33.45641,-90.25008,348.44,26.66,50,2026-09-09T19:17:00Z,N20,Industrial Fire
firms-2026-09-09-1917-40430,33.45978,-90.25073,350.64,52.45,50,2026-09-09T19:17:00Z,N20,Industrial Fire
firms-2026-09-09-1917-40431,32.24462,-97.54957,335.58,3.56,50,2026-09-09T19:17:00Z,N20,Routine Flare
firms-2026-09-09-1917-40432,33.35866,-91.48064,367,60.98,50,2026-09-09T19:17:00Z,N20,Industrial Fire
firms-2026-09-09-1917-40433,33.35927,-91.47652,338.08,39.04,50,2026-09-09T19:17:00Z,N20,Industrial Fire
firms-2026-09-09-1917-40434,33.36195,-91.48133,367,60.98,50,2026-09-09T19:17:00Z,N20,Industrial Fire
firms-2026-09-09-1917-40435,33.36707,-91.46969,340.75,5.74,50,2026-09-09T19:17:00Z,N20,Routine Flare
firms-2026-09-09-1917-40436,33.36646,-91.4738,342.73,25.68,50,2026-09-09T19:17:00Z,N20,Industrial Fire
firms-2026-09-09-1917-40437,33.36585,-91.47791,349.65,25.68,50,2026-09-09T19:17:00Z,N20,Industrial Fire
firms-2026-09-09-1917-40438,33.65255,-90.37551,342.6,6.52,50,2026-09-09T19:17:00Z,N20,Routine Flare
firms-2026-09-09-1917-40439,33.65196,-90.37981,348.55,6.52,50,2026-09-09T19:17:00Z,N20,Routine Flare
firms-2026-09-09-1917-40440,33.65651,-90.37187,349.43,14.32,50,2026-09-09T19:17:00Z,N20,Routine Flare
firms-2026-09-09-1917-40441,33.65591,-90.37617,353.77,6.52,50,2026-09-09T19:17:00Z,N20,Routine Flare
firms-2026-09-09-1917-40442,33.65532,-90.38047,354.61,6.52,50,2026-09-09T19:17:00Z,N20,Routine Flare
firms-2026-09-09-1917-40443,33.66106,-90.36394,352.75,10.62,50,2026-09-09T19:17:00Z,N20,Routine Flare
firms-2026-09-09-1917-40444,33.66046,-90.36824,337.54,14.6,50,2026-09-09T19:17:00Z,N20,Routine Flare
firms-2026-09-09-1917-40445,33.65987,-90.37254,355.11,14.6,50,2026-09-09T19:17:00Z,N20,Routine Flare
firms-2026-09-09-1917-40446,34.50645,-82.32093,341.15,2.1,50,2026-09-09T19:17:00Z,N20,Routine Flare
firms-2026-09-09-1917-40447,34.5724,-81.59171,339.87,5.27,50,2026-09-09T19:17:00Z,N20,Routine Flare
firms-2026-09-09-1917-40448,33.34503,-92.63559,333.52,5.55,50,2026-09-09T19:17:00Z,N20,Routine Flare
firms-2026-09-09-1917-40449,33.61856,-91.21397,342.45,4.82,50,2026-09-09T19:17:00Z,N20,Routine Flare
firms-2026-09-09-1917-40450,34.73752,-80.2232,351.63,16.2,50,2026-09-09T19:17:00Z,N20,Industrial Fire
firms-2026-09-09-1917-40451,34.73726,-80.22809,355.39,29.24,50,2026-09-09T19:17:00Z,N20,Industrial Fire
firms-2026-09-09-1917-40452,34.737,-80.23302,346.93,29.24,50,2026-09-09T19:17:00Z,N20,Industrial Fire
firms-2026-09-09-1917-40453,34.35218,-86.12621,332.29,5.01,50,2026-09-09T19:17:00Z,N20,Routine Flare
firms-2026-09-09-1917-40454,33.84909,-90.86395,330.61,3.15,50,2026-09-09T19:17:00Z,N20,Routine Flare
firms-2026-09-09-1917-40455,33.85423,-90.85194,333.2,3.49,50,2026-09-09T19:17:00Z,N20,Routine Flare
firms-2026-09-09-1917-40456,33.85242,-90.86462,342.96,3.15,50,2026-09-09T19:17:00Z,N20,Routine Flare
firms-2026-09-09-1917-40457,31.70169,-102.19154,338.77,0.94,50,2026-09-09T19:17:00Z,N20,Routine Flare
firms-2026-09-09-1917-40458,33.76624,-91.57307,356.53,16.33,50,2026-09-09T19:17:00Z,N20,Industrial Fire
firms-2026-09-09-1917-40459,33.76953,-91.57378,345.35,16.33,50,2026-09-09T19:17:00Z,N20,Industrial Fire
firms-2026-09-09-1917-40460,31.70268,-102.19099,337.76,1.22,50,2026-09-09T19:17:00Z,N20,Routine Flare
firms-2026-09-09-1917-40461,31.56305,-103.16647,336.8,3.49,50,2026-09-09T19:17:00Z,N20,Routine Flare
firms-2026-09-09-1917-40462,33.16493,-95.93075,335.13,3.69,50,2026-09-09T19:17:00Z,N20,Routine Flare
firms-2026-09-09-1917-40463,33.91756,-91.44607,352.93,6.37,50,2026-09-09T19:17:00Z,N20,Routine Flare
firms-2026-09-09-1917-40464,33.91904,-91.45923,333.49,3.77,50,2026-09-09T19:17:00Z,N20,Routine Flare
firms-2026-09-09-1917-40465,34.28344,-88.77707,332.32,2.53,50,2026-09-09T19:17:00Z,N20,Routine Flare
firms-2026-09-09-1917-40466,33.92112,-91.46824,335.44,2.37,50,2026-09-09T19:17:00Z,N20,Routine Flare
firms-2026-09-09-1917-40467,33.95663,-91.41145,354.04,10.27,50,2026-09-09T19:17:00Z,N20,Routine Flare
firms-2026-09-09-1917-40468,33.95602,-91.4156,356.05,6.22,50,2026-09-09T19:17:00Z,N20,Routine Flare
firms-2026-09-09-1917-40469,33.95541,-91.41977,336.54,6.22,50,2026-09-09T19:17:00Z,N20,Routine Flare
firms-2026-09-09-1917-40470,34.95955,-82.33674,339.26,3.01,50,2026-09-09T19:17:00Z,N20,Routine Flare
firms-2026-09-09-1917-40471,33.99316,-91.44058,345.55,7.86,50,2026-09-09T19:17:00Z,N20,Routine Flare
firms-2026-09-09-1917-40472,33.99646,-91.44128,348.04,34.99,50,2026-09-09T19:17:00Z,N20,Industrial Fire
firms-2026-09-09-1917-40473,34.14735,-90.495,334.86,1.68,50,2026-09-09T19:17:00Z,N20,Routine Flare
firms-2026-09-09-1917-40474,34.03244,-91.35761,337.82,2.24,50,2026-09-09T19:17:00Z,N20,Routine Flare
firms-2026-09-09-1917-40475,34.03514,-91.36248,345.73,2.86,50,2026-09-09T19:17:00Z,N20,Routine Flare
firms-2026-09-09-1917-40476,41.51337,-96.17506,330.56,2.27,50,2026-09-09T19:17:00Z,N20,Routine Flare
firms-2026-09-09-1917-40477,34.03393,-91.37082,331.24,3.05,50,2026-09-09T19:17:00Z,N20,Routine Flare
firms-2026-09-09-1917-40478,34.03965,-91.35483,333.27,5.94,50,2026-09-09T19:17:00Z,N20,Routine Flare
firms-2026-09-09-1917-40479,41.50464,-96.41238,329.31,1.07,50,2026-09-09T19:17:00Z,N20,Routine Flare
firms-2026-09-09-1917-40480,34.03844,-91.36318,333.86,2.86,50,2026-09-09T19:17:00Z,N20,Routine Flare
firms-2026-09-09-1917-40481,41.89976,-96.90528,331.23,3.28,50,2026-09-09T19:17:00Z,N20,Routine Flare
firms-2026-09-09-1917-40482,34.03723,-91.37151,342.22,3.05,50,2026-09-09T19:17:00Z,N20,Routine Flare
firms-2026-09-09-1917-40483,42.48265,-93.32146,331.16,2.25,50,2026-09-09T19:17:00Z,N20,Routine Flare
firms-2026-09-09-1917-40484,31.66056,-103.51939,335.24,1.71,50,2026-09-09T19:17:00Z,N20,Routine Flare
firms-2026-09-09-1917-40485,43.70731,-87.94942,336.99,1.99,50,2026-09-09T19:17:00Z,N20,Routine Flare
firms-2026-09-09-1917-40486,34.78497,-85.80807,331.77,2.04,50,2026-09-09T19:17:00Z,N20,Routine Flare
firms-2026-09-09-1917-40487,43.14913,-94.69765,327.39,1.37,50,2026-09-09T19:17:00Z,N20,Routine Flare
firms-2026-09-09-1917-40488,35.17132,-81.41523,331.54,1.92,50,2026-09-09T19:17:00Z,N20,Routine Flare
firms-2026-09-09-1917-40489,43.31372,-95.47642,330.95,1.66,50,2026-09-09T19:17:00Z,N20,Routine Flare
firms-2026-09-09-1917-40490,34.49652,-88.57877,348.79,31.24,50,2026-09-09T19:17:00Z,N20,Industrial Fire
firms-2026-09-09-1917-40491,43.61771,-94.10117,328.13,2.24,50,2026-09-09T19:17:00Z,N20,Routine Flare
firms-2026-09-09-1917-40492,34.4959,-88.58379,351.11,31.24,50,2026-09-09T19:17:00Z,N20,Industrial Fire
firms-2026-09-09-1917-40493,44.19553,-90.06187,331.35,8.22,50,2026-09-09T19:17:00Z,N20,Routine Flare
firms-2026-09-09-1917-40494,34.49528,-88.58879,331.07,6.98,50,2026-09-09T19:17:00Z,N20,Routine Flare
firms-2026-09-09-1917-40495,44.84652,-85.53777,341.85,12.61,50,2026-09-09T19:17:00Z,N20,Routine Flare
firms-2026-09-09-1917-40496,34.50013,-88.57942,343.17,66.91,50,2026-09-09T19:17:00Z,N20,Industrial Fire
firms-2026-09-09-1917-40497,44.84686,-85.53881,344.25,9.46,50,2026-09-09T19:17:00Z,N20,Routine Flare
firms-2026-09-09-1917-40498,34.49951,-88.58443,341.5,66.91,50,2026-09-09T19:17:00Z,N20,Industrial Fire
firms-2026-09-09-1917-40499,43.96365,-94.93041,327.66,1.84,50,2026-09-09T19:17:00Z,N20,Routine Flare
firms-2026-09-09-1917-40500,34.49786,-88.57668,337.85,58.81,50,2026-09-09T19:17:00Z,N20,Industrial Fire
firms-2026-09-09-1917-40501,43.78687,-96.27026,328.23,2.06,50,2026-09-09T19:17:00Z,N20,Routine Flare
firms-2026-09-09-1917-40502,34.49666,-88.58672,340.12,42.99,50,2026-09-09T19:17:00Z,N20,Industrial Fire
firms-2026-09-09-1917-40503,44.05912,-95.20399,331.9,3.66,50,2026-09-09T19:17:00Z,N20,Routine Flare
firms-2026-09-09-1917-40504,34.50146,-88.57733,343.77,58.81,50,2026-09-09T19:17:00Z,N20,Industrial Fire
firms-2026-09-09-1917-40505,43.98397,-96.17337,332.42,1.57,50,2026-09-09T19:17:00Z,N20,Routine Flare
firms-2026-09-09-1917-40506,34.50086,-88.58234,348.52,58.81,50,2026-09-09T19:17:00Z,N20,Industrial Fire
firms-2026-09-09-1919-40507,42.68334,-111.58872,367,26.25,50,2026-09-09T19:19:00Z,N20,Industrial Fire
firms-2026-09-09-1917-40508,34.123,-91.50491,348.84,24.56,50,2026-09-09T19:17:00Z,N20,Industrial Fire
firms-2026-09-09-1919-40509,42.68116,-111.58867,367,23.53,50,2026-09-09T19:19:00Z,N20,Industrial Fire
firms-2026-09-09-1917-40510,34.12239,-91.50906,348.14,29.54,50,2026-09-09T19:17:00Z,N20,Industrial Fire
firms-2026-09-09-1919-40511,46.51746,-98.66093,330.7,2.75,50,2026-09-09T19:19:00Z,N20,Routine Flare
firms-2026-09-09-1917-40512,34.12751,-91.49727,336.33,4.95,50,2026-09-09T19:17:00Z,N20,Routine Flare
firms-2026-09-09-1919-40513,43.64337,-112.07235,367,133.73,50,2026-09-09T19:19:00Z,N20,Industrial Fire
firms-2026-09-09-1917-40514,34.12691,-91.50143,354.4,24.56,50,2026-09-09T19:17:00Z,N20,Industrial Fire
firms-2026-09-09-1919-40515,43.64137,-112.07859,249.52,131.18,50,2026-09-09T19:19:00Z,N20,Industrial Fire
firms-2026-09-09-1917-40516,34.1263,-91.5056,348.87,24.56,50,2026-09-09T19:17:00Z,N20,Industrial Fire
firms-2026-09-09-1919-40517,43.64713,-112.0821,367,15.06,50,2026-09-09T19:19:00Z,N20,Industrial Fire
firms-2026-09-09-1917-40518,34.12508,-91.51393,335.2,29.54,50,2026-09-09T19:17:00Z,N20,Industrial Fire
firms-2026-09-09-1919-40519,47.3533,-101.83559,335.55,3.67,50,2026-09-09T19:19:00Z,N20,Routine Flare
firms-2026-09-09-1917-40520,34.1302,-91.50213,367,17.53,50,2026-09-09T19:17:00Z,N20,Industrial Fire
firms-2026-09-09-1919-40521,49.05577,-96.86626,326.92,1.39,50,2026-09-09T19:19:00Z,N20,Routine Flare
firms-2026-09-09-1917-40522,34.13081,-91.49796,333.27,2.98,50,2026-09-09T19:17:00Z,N20,Routine Flare
firms-2026-09-09-1919-40523,45.92473,-116.27696,330.38,2.79,50,2026-09-09T19:19:00Z,N20,Routine Flare
firms-2026-09-09-1917-40524,34.12959,-91.5063,356.2,17.53,50,2026-09-09T19:17:00Z,N20,Industrial Fire
firms-2026-09-09-1919-40525,46.12322,-116.27631,367,19.82,50,2026-09-09T19:19:00Z,N20,Industrial Fire
firms-2026-09-09-1917-40526,34.12898,-91.51047,356.13,23.06,50,2026-09-09T19:17:00Z,N20,Industrial Fire
firms-2026-09-09-1919-40527,46.12603,-116.26846,338.61,19.82,50,2026-09-09T19:19:00Z,N20,Industrial Fire
firms-2026-09-09-1917-40528,34.12838,-91.51463,341.99,23.06,50,2026-09-09T19:17:00Z,N20,Industrial Fire
firms-2026-09-09-1919-40529,46.12642,-116.27492,367,21.53,50,2026-09-09T19:19:00Z,N20,Industrial Fire
firms-2026-09-09-1917-40530,35.16798,-81.41471,330.2,1.43,50,2026-09-09T19:17:00Z,N20,Routine Flare
firms-2026-09-09-1919-40531,46.12363,-116.28262,342.91,21.53,50,2026-09-09T19:19:00Z,N20,Industrial Fire
firms-2026-09-09-1917-40532,34.55288,-88.39425,333.07,50.12,50,2026-09-09T19:17:00Z,N20,Industrial Fire
firms-2026-09-09-1919-40533,46.28756,-116.37246,367,114.3,50,2026-09-09T19:19:00Z,N20,Industrial Fire
firms-2026-09-09-1917-40534,33.90642,-93.15675,337.83,3.62,50,2026-09-09T19:17:00Z,N20,Routine Flare
firms-2026-09-09-1919-40535,46.28197,-116.38799,347.87,127.16,50,2026-09-09T19:19:00Z,N20,Industrial Fire
firms-2026-09-09-1917-40536,31.76222,-103.67262,347.89,3.81,50,2026-09-09T19:17:00Z,N20,Routine Flare
firms-2026-09-09-1900-40537,-17.48991,-71.35887,341.8,3.01,50,2026-09-09T19:00:00Z,N20,Routine Flare
firms-2026-09-09-1917-40538,34.2261,-91.474,334.32,10.1,50,2026-09-09T19:17:00Z,N20,Routine Flare
firms-2026-09-09-1919-40539,46.28478,-116.3802,207.93,127.16,50,2026-09-09T19:19:00Z,N20,Industrial Fire
firms-2026-09-09-1900-40540,-17.49358,-71.35565,342.68,5.39,50,2026-09-09T19:00:00Z,N20,Routine Flare
firms-2026-09-09-1917-40541,34.22879,-91.47887,344.5,9.97,50,2026-09-09T19:17:00Z,N20,Routine Flare
firms-2026-09-09-1919-40542,46.39448,-116.09491,367,18.16,50,2026-09-09T19:19:00Z,N20,Industrial Fire
firms-2026-09-09-1917-40543,34.28231,-91.17892,345.65,11.16,50,2026-09-09T19:17:00Z,N20,Routine Flare
firms-2026-09-09-1919-40544,46.29092,-116.38469,367,21.36,50,2026-09-09T19:19:00Z,N20,Industrial Fire
firms-2026-09-09-1900-40545,-17.48862,-71.35661,330.79,1.17,50,2026-09-09T19:00:00Z,N20,Routine Flare
firms-2026-09-09-1917-40546,34.28171,-91.18314,344.88,11.16,50,2026-09-09T19:17:00Z,N20,Routine Flare
firms-2026-09-09-1919-40547,46.40166,-116.29063,367,9.56,50,2026-09-09T19:19:00Z,N20,Industrial Fire
firms-2026-09-09-1917-40548,31.76594,-103.67126,337.23,3.33,50,2026-09-09T19:17:00Z,N20,Routine Flare
firms-2026-09-09-1919-40549,46.40734,-116.2963,334.7,9.56,50,2026-09-09T19:19:00Z,N20,Routine Flare
firms-2026-09-09-1902-40550,-15.1291,-66.97974,327.75,3.51,50,2026-09-09T19:02:00Z,N20,Routine Flare
firms-2026-09-09-1917-40551,31.76477,-103.67574,335.78,3.79,50,2026-09-09T19:17:00Z,N20,Routine Flare
firms-2026-09-09-1919-40552,46.31236,-116.5635,349.32,8.77,50,2026-09-09T19:19:00Z,N20,Routine Flare
firms-2026-09-09-1902-40553,-14.94423,-67.18353,346.29,9.89,50,2026-09-09T19:02:00Z,N20,Routine Flare
firms-2026-09-09-1917-40554,34.28502,-91.18383,367,295.16,50,2026-09-09T19:17:00Z,N20,Industrial Fire
firms-2026-09-09-1919-40555,46.30933,-116.57201,329.2,8.77,50,2026-09-09T19:19:00Z,N20,Routine Flare
firms-2026-09-09-1902-40556,-14.60398,-65.92564,350.11,16.87,50,2026-09-09T19:02:00Z,N20,Industrial Fire
firms-2026-09-09-1917-40557,34.67303,-88.25901,335.61,85.64,50,2026-09-09T19:17:00Z,N20,Industrial Fire
firms-2026-09-09-1919-40558,46.40233,-116.29875,367,16.5,50,2026-09-09T19:19:00Z,N20,Industrial Fire
firms-2026-09-09-1902-40559,-14.8529,-67.11904,325.86,3.52,50,2026-09-09T19:02:00Z,N20,Routine Flare
firms-2026-09-09-1917-40560,34.67731,-88.25446,337.94,29,50,2026-09-09T19:17:00Z,N20,Industrial Fire
firms-2026-09-09-1919-40561,46.40545,-116.29009,334.66,13.42,50,2026-09-09T19:19:00Z,N20,Routine Flare
firms-2026-09-09-1902-40562,-14.70186,-66.80082,339.63,7.92,50,2026-09-09T19:02:00Z,N20,Routine Flare
firms-2026-09-09-1917-40563,34.68036,-88.26028,342.15,9.61,50,2026-09-09T19:17:00Z,N20,Routine Flare
firms-2026-09-09-1919-40564,46.31219,-116.56972,367,14.31,50,2026-09-09T19:19:00Z,N20,Industrial Fire
firms-2026-09-09-1902-40565,-14.7009,-66.7971,337.88,11.97,50,2026-09-09T19:02:00Z,N20,Routine Flare
firms-2026-09-09-1917-40566,34.8187,-87.10603,334.67,5.72,50,2026-09-09T19:17:00Z,N20,Routine Flare
firms-2026-09-09-1919-40567,46.56424,-116.59626,367,12.06,50,2026-09-09T19:19:00Z,N20,Industrial Fire
firms-2026-09-09-1902-40568,-14.66852,-67.22865,338.1,8.2,50,2026-09-09T19:02:00Z,N20,Routine Flare
firms-2026-09-09-1917-40569,34.25677,-91.56652,331.66,4.15,50,2026-09-09T19:17:00Z,N20,Routine Flare
firms-2026-09-09-1919-40570,46.56715,-116.58816,346.52,12.06,50,2026-09-09T19:19:00Z,N20,Routine Flare
firms-2026-09-09-1902-40571,-14.67257,-67.22908,326.85,3.37,50,2026-09-09T19:02:00Z,N20,Routine Flare
firms-2026-09-09-1917-40572,35.40958,-79.73039,355.59,44.66,50,2026-09-09T19:17:00Z,N20,Industrial Fire
firms-2026-09-09-1919-40573,46.57305,-116.59334,367,31.06,50,2026-09-09T19:19:00Z,N20,Industrial Fire
firms-2026-09-09-1902-40574,-14.6659,-67.23053,326.87,3.37,50,2026-09-09T19:02:00Z,N20,Routine Flare
firms-2026-09-09-1917-40575,35.41578,-79.7254,342.24,22.98,50,2026-09-09T19:17:00Z,N20,Industrial Fire
firms-2026-09-09-1919-40576,46.57007,-116.6016,347.57,31.06,50,2026-09-09T19:19:00Z,N20,Industrial Fire
firms-2026-09-09-1902-40577,-14.22788,-67.05998,356.61,16.83,50,2026-09-09T19:02:00Z,N20,Industrial Fire
firms-2026-09-09-1917-40578,35.41553,-79.73067,350.29,22.98,50,2026-09-09T19:17:00Z,N20,Industrial Fire
firms-2026-09-09-1919-40579,50.51692,-104.62996,326.63,3.06,50,2026-09-09T19:19:00Z,N20,Routine Flare
firms-2026-09-09-1902-40580,-14.22251,-67.06783,326.65,16.83,50,2026-09-09T19:02:00Z,N20,Industrial Fire
firms-2026-09-09-1917-40581,35.42148,-79.73098,353.35,22.98,50,2026-09-09T19:17:00Z,N20,Industrial Fire
firms-2026-09-09-1919-40582,50.51904,-104.63875,326.2,3.06,50,2026-09-09T19:19:00Z,N20,Routine Flare
firms-2026-09-09-1902-40583,-14.22109,-67.06145,356.46,16.83,50,2026-09-09T19:02:00Z,N20,Industrial Fire
firms-2026-09-09-1917-40584,34.41037,-91.53825,345.81,9.64,50,2026-09-09T19:17:00Z,N20,Routine Flare
firms-2026-09-09-1921-40585,49.98168,-112.75817,355.49,7.45,50,2026-09-09T19:21:00Z,N20,Routine Flare
firms-2026-09-09-1917-40586,35.04353,-86.57324,337.91,4.2,50,2026-09-09T19:17:00Z,N20,Routine Flare
firms-2026-09-09-1902-40587,-14.23378,-67.05945,345.76,15.01,50,2026-09-09T19:02:00Z,N20,Industrial Fire
firms-2026-09-09-1921-40588,50.64514,-112.00157,337.47,2.32,50,2026-09-09T19:21:00Z,N20,Routine Flare
firms-2026-09-09-1917-40589,34.64596,-90.29729,345.97,7.3,50,2026-09-09T19:17:00Z,N20,Routine Flare
firms-2026-09-09-1902-40590,-14.22562,-67.05456,330.16,15.01,50,2026-09-09T19:02:00Z,N20,Industrial Fire
firms-2026-09-09-1921-40591,53.1339,-103.75874,328.79,2.5,50,2026-09-09T19:21:00Z,N20,Routine Flare
firms-2026-09-09-1917-40592,34.64536,-90.30173,355.11,8.08,50,2026-09-09T19:17:00Z,N20,Routine Flare
firms-2026-09-09-1902-40593,-14.22699,-67.06095,356.24,15.01,50,2026-09-09T19:02:00Z,N20,Industrial Fire
firms-2026-09-09-1917-40594,34.64476,-90.30616,336.95,8.08,50,2026-09-09T19:17:00Z,N20,Routine Flare
firms-2026-09-09-1921-40595,50.9574,-113.99329,326.33,5.58,50,2026-09-09T19:21:00Z,N20,Routine Flare
firms-2026-09-09-1902-40596,-14.2202,-67.06244,356.44,14.33,50,2026-09-09T19:02:00Z,N20,Routine Flare
firms-2026-09-09-1917-40597,34.64875,-90.3024,350.39,8.08,50,2026-09-09T19:17:00Z,N20,Routine Flare
firms-2026-09-09-1921-40598,57.04005,-111.63273,340.29,4.43,50,2026-09-09T19:21:00Z,N20,Routine Flare
firms-2026-09-09-1902-40599,-14.4622,-68.51453,327.29,17.44,50,2026-09-09T19:02:00Z,N20,Industrial Fire
firms-2026-09-09-1917-40600,34.48268,-92.05966,367,99.78,50,2026-09-09T19:17:00Z,N20,Industrial Fire
firms-2026-09-09-1902-40601,-14.46297,-68.51821,331.43,21.23,50,2026-09-09T19:02:00Z,N20,Industrial Fire
firms-2026-09-09-1917-40602,34.4833,-92.05551,342.93,99.78,50,2026-09-09T19:17:00Z,N20,Industrial Fire
firms-2026-09-09-1902-40603,-14.45674,-68.51949,350.82,21.23,50,2026-09-09T19:02:00Z,N20,Industrial Fire
firms-2026-09-09-1917-40604,34.48596,-92.06038,367,99.78,50,2026-09-09T19:17:00Z,N20,Industrial Fire
firms-2026-09-09-1902-40605,-14.45592,-68.51561,356.22,17.44,50,2026-09-09T19:02:00Z,N20,Industrial Fire
firms-2026-09-09-1917-40606,34.48658,-92.05623,346.45,99.78,50,2026-09-09T19:17:00Z,N20,Industrial Fire
firms-2026-09-09-1902-40607,-14.43881,-68.51411,349.2,9.79,50,2026-09-09T19:02:00Z,N20,Routine Flare
firms-2026-09-09-1917-40608,34.48924,-92.0611,351.95,19.8,50,2026-09-09T19:17:00Z,N20,Industrial Fire
firms-2026-09-09-1902-40609,-14.39225,-68.54027,335.79,8.31,50,2026-09-09T19:02:00Z,N20,Routine Flare
firms-2026-09-09-1917-40610,34.49253,-92.06182,343.55,19.8,50,2026-09-09T19:17:00Z,N20,Industrial Fire
firms-2026-09-09-1902-40611,-14.3799,-68.51247,353.26,6.5,50,2026-09-09T19:02:00Z,N20,Routine Flare
firms-2026-09-09-1917-40612,35.2766,-86.47643,340.57,4.68,50,2026-09-09T19:17:00Z,N20,Routine Flare
firms-2026-09-09-1902-40613,-14.3851,-68.5372,327.36,11.67,50,2026-09-09T19:02:00Z,N20,Routine Flare
firms-2026-09-09-1917-40614,34.62559,-91.66937,344.66,25.97,50,2026-09-09T19:17:00Z,N20,Industrial Fire
firms-2026-09-09-1902-40615,-14.38602,-68.54159,332.2,9.72,50,2026-09-09T19:02:00Z,N20,Routine Flare
firms-2026-09-09-1917-40616,35.27683,-86.47948,334.52,4.45,50,2026-09-09T19:17:00Z,N20,Routine Flare
firms-2026-09-09-1902-40617,-14.37351,-68.51305,332.6,6.5,50,2026-09-09T19:02:00Z,N20,Routine Flare
firms-2026-09-09-1917-40618,34.94569,-89.6675,334.51,4.9,50,2026-09-09T19:17:00Z,N20,Routine Flare
firms-2026-09-09-1917-40619,34.98055,-89.88766,332.9,2.57,50,2026-09-09T19:17:00Z,N20,Routine Flare
firms-2026-09-09-1902-40620,-14.37877,-68.53803,347.65,11.67,50,2026-09-09T19:02:00Z,N20,Routine Flare
firms-2026-09-09-1917-40621,34.90606,-90.92139,339.3,5.55,50,2026-09-09T19:17:00Z,N20,Routine Flare
firms-2026-09-09-1902-40622,-14.37774,-68.53316,356.43,11.67,50,2026-09-09T19:02:00Z,N20,Routine Flare
firms-2026-09-09-1917-40623,35.04806,-90.1655,331.22,3.3,50,2026-09-09T19:17:00Z,N20,Routine Flare
firms-2026-09-09-1902-40624,-14.30783,-68.51087,329.71,4.82,50,2026-09-09T19:02:00Z,N20,Routine Flare
firms-2026-09-09-1917-40625,34.83076,-91.96104,347.41,13.59,50,2026-09-09T19:17:00Z,N20,Routine Flare
firms-2026-09-09-1902-40626,-14.31101,-68.5128,325.56,6.03,50,2026-09-09T19:02:00Z,N20,Routine Flare
firms-2026-09-09-1917-40627,34.83405,-91.96175,342.54,13.59,50,2026-09-09T19:17:00Z,N20,Routine Flare
firms-2026-09-09-1902-40628,-14.23988,-68.5466,328.43,2.68,50,2026-09-09T19:02:00Z,N20,Routine Flare
firms-2026-09-09-1917-40629,35.13634,-91.16129,333.9,4.33,50,2026-09-09T19:17:00Z,N20,Routine Flare
firms-2026-09-09-1902-40630,-13.67945,-67.53955,340.49,7.72,50,2026-09-09T19:02:00Z,N20,Routine Flare
firms-2026-09-09-1917-40631,35.19347,-90.92388,348.28,48.86,50,2026-09-09T19:17:00Z,N20,Industrial Fire
firms-2026-09-09-1902-40632,-13.67144,-67.53486,341.76,11.13,50,2026-09-09T19:02:00Z,N20,Routine Flare
firms-2026-09-09-1917-40633,35.19682,-90.92457,336.28,4.15,50,2026-09-09T19:17:00Z,N20,Routine Flare
firms-2026-09-09-1902-40634,-13.67276,-67.54095,348.56,11.13,50,2026-09-09T19:02:00Z,N20,Routine Flare
firms-2026-09-09-1917-40635,35.20016,-90.92526,338.81,4.15,50,2026-09-09T19:17:00Z,N20,Routine Flare
firms-2026-09-09-1902-40636,-13.38633,-66.34563,334.83,7.56,50,2026-09-09T19:02:00Z,N20,Routine Flare
firms-2026-09-09-1917-40637,35.19957,-90.92961,336.75,5.79,50,2026-09-09T19:17:00Z,N20,Routine Flare
firms-2026-09-09-1902-40638,-13.67545,-67.53519,348.58,10.36,50,2026-09-09T19:02:00Z,N20,Routine Flare
firms-2026-09-09-1917-40639,32.6971,-103.78561,335.78,2.17,50,2026-09-09T19:17:00Z,N20,Routine Flare
firms-2026-09-09-1902-40640,-13.67673,-67.54129,350.97,20.48,50,2026-09-09T19:02:00Z,N20,Industrial Fire
firms-2026-09-09-1917-40641,35.25241,-91.1313,330.88,3.01,50,2026-09-09T19:17:00Z,N20,Routine Flare
firms-2026-09-09-1902-40642,-13.66876,-67.53661,330.34,10.36,50,2026-09-09T19:02:00Z,N20,Routine Flare
firms-2026-09-09-1917-40643,35.25574,-91.132,338.18,3.43,50,2026-09-09T19:17:00Z,N20,Routine Flare
firms-2026-09-09-1902-40644,-13.38398,-66.34612,332.86,6.79,50,2026-09-09T19:02:00Z,N20,Routine Flare
firms-2026-09-09-1917-40645,35.26514,-91.1384,337.51,4.35,50,2026-09-09T19:17:00Z,N20,Routine Flare
firms-2026-09-09-1902-40646,-12.72938,-66.67252,332.64,4.91,50,2026-09-09T19:02:00Z,N20,Routine Flare
firms-2026-09-09-1917-40647,35.26454,-91.14272,336.04,4.35,50,2026-09-09T19:17:00Z,N20,Routine Flare
firms-2026-09-09-1902-40648,-12.73338,-66.6702,326.47,4.63,50,2026-09-09T19:02:00Z,N20,Routine Flare
firms-2026-09-09-1917-40649,35.26787,-91.14342,333.27,4.01,50,2026-09-09T19:17:00Z,N20,Routine Flare
firms-2026-09-09-1902-40650,-12.42918,-66.99518,327.47,10.5,50,2026-09-09T19:02:00Z,N20,Routine Flare
firms-2026-09-09-1917-40651,35.47439,-90.24383,344.63,8.25,50,2026-09-09T19:17:00Z,N20,Routine Flare
firms-2026-09-09-1902-40652,-12.95836,-70.21929,352.85,8.82,50,2026-09-09T19:02:00Z,N20,Routine Flare
firms-2026-09-09-1917-40653,35.47781,-90.2445,354.58,8.25,50,2026-09-09T19:17:00Z,N20,Routine Flare
firms-2026-09-09-1917-40654,35.47775,-90.24264,342.94,4.65,50,2026-09-09T19:17:00Z,N20,Routine Flare
firms-2026-09-09-1902-40655,-13.97621,-75.77052,339.15,7.59,50,2026-09-09T19:02:00Z,N20,Routine Flare
firms-2026-09-09-1917-40656,35.47716,-90.24719,342.27,4.65,50,2026-09-09T19:17:00Z,N20,Routine Flare
firms-2026-09-09-1902-40657,-12.91106,-70.28398,335.82,2.51,50,2026-09-09T19:02:00Z,N20,Routine Flare
firms-2026-09-09-1917-40658,35.48117,-90.24332,335.87,4.65,50,2026-09-09T19:17:00Z,N20,Routine Flare
firms-2026-09-09-1902-40659,-12.80492,-70.08577,342.13,4.63,50,2026-09-09T19:02:00Z,N20,Routine Flare
firms-2026-09-09-1917-40660,35.48058,-90.24787,341.2,4.65,50,2026-09-09T19:17:00Z,N20,Routine Flare
firms-2026-09-09-1902-40661,-12.81792,-70.14969,326.56,2.09,50,2026-09-09T19:02:00Z,N20,Routine Flare
firms-2026-09-09-1917-40662,35.60817,-89.94665,336.24,4.94,50,2026-09-09T19:17:00Z,N20,Routine Flare
firms-2026-09-09-1902-40663,-12.80632,-70.08575,341.45,4.95,50,2026-09-09T19:02:00Z,N20,Routine Flare
firms-2026-09-09-1917-40664,35.61101,-89.95198,332.93,4.94,50,2026-09-09T19:17:00Z,N20,Routine Flare
firms-2026-09-09-1902-40665,-12.81886,-70.1498,342.62,5.08,50,2026-09-09T19:02:00Z,N20,Routine Flare
firms-2026-09-09-1917-40666,35.64717,-89.93342,340.95,6.94,50,2026-09-09T19:17:00Z,N20,Routine Flare
firms-2026-09-09-1902-40667,-13.01003,-71.25434,328.15,2.21,50,2026-09-09T19:02:00Z,N20,Routine Flare
firms-2026-09-09-1917-40668,35.61191,-90.25837,352.04,25.35,50,2026-09-09T19:17:00Z,N20,Industrial Fire
firms-2026-09-09-1902-40669,-12.70247,-69.7159,326.25,2.1,50,2026-09-09T19:02:00Z,N20,Routine Flare
firms-2026-09-09-1917-40670,35.61533,-90.25904,346.16,25.35,50,2026-09-09T19:17:00Z,N20,Industrial Fire
firms-2026-09-09-1902-40671,-12.96409,-71.30634,338.25,3.13,50,2026-09-09T19:02:00Z,N20,Routine Flare
firms-2026-09-09-1917-40672,35.14406,-93.88058,332.37,3.41,50,2026-09-09T19:17:00Z,N20,Routine Flare
firms-2026-09-09-1902-40673,-13.78818,-76.16872,340.3,6.76,50,2026-09-09T19:02:00Z,N20,Routine Flare
firms-2026-09-09-1917-40674,36.77096,-76.38396,332.2,7.76,50,2026-09-09T19:17:00Z,N20,Routine Flare
firms-2026-09-09-1902-40675,-12.28594,-69.16602,327.97,4.73,50,2026-09-09T19:02:00Z,N20,Routine Flare
firms-2026-09-09-1917-40676,36.52548,-82.63707,339.65,2.17,50,2026-09-09T19:17:00Z,N20,Routine Flare
firms-2026-09-09-1902-40677,-12.55636,-70.49604,334.26,3.04,50,2026-09-09T19:02:00Z,N20,Routine Flare
firms-2026-09-09-1917-40678,34.30606,-99.80639,340.14,12.07,50,2026-09-09T19:17:00Z,N20,Routine Flare
firms-2026-09-09-1902-40679,-12.28197,-69.16682,331.36,5.24,50,2026-09-09T19:02:00Z,N20,Routine Flare
firms-2026-09-09-1917-40680,36.04168,-89.94193,333.37,7.9,50,2026-09-09T19:17:00Z,N20,Routine Flare
firms-2026-09-09-1902-40681,-13.56571,-76.16283,343.75,14.83,50,2026-09-09T19:02:00Z,N20,Routine Flare
firms-2026-09-09-1917-40682,36.04106,-89.94666,345.15,34.69,50,2026-09-09T19:17:00Z,N20,Industrial Fire
firms-2026-09-09-1902-40683,-13.56181,-76.16351,336.04,4.07,50,2026-09-09T19:02:00Z,N20,Routine Flare
firms-2026-09-09-1917-40684,36.04045,-89.95139,331.48,34.69,50,2026-09-09T19:17:00Z,N20,Industrial Fire
firms-2026-09-09-1902-40685,-13.04894,-73.47696,335.06,3.91,50,2026-09-09T19:02:00Z,N20,Routine Flare
firms-2026-09-09-1917-40686,35.97721,-90.42981,330.89,8.4,50,2026-09-09T19:17:00Z,N20,Routine Flare
firms-2026-09-09-1902-40687,-12.13591,-69.13716,343.02,6.98,50,2026-09-09T19:02:00Z,N20,Routine Flare
firms-2026-09-09-1917-40688,36.04453,-89.94733,340.87,34.69,50,2026-09-09T19:17:00Z,N20,Industrial Fire
firms-2026-09-09-1902-40689,-12.79462,-73.60213,328.73,2.99,50,2026-09-09T19:02:00Z,N20,Routine Flare
firms-2026-09-09-1917-40690,36.04391,-89.95206,331.2,34.69,50,2026-09-09T19:17:00Z,N20,Industrial Fire
firms-2026-09-09-1902-40691,-12.78337,-73.64574,330.61,1.63,50,2026-09-09T19:02:00Z,N20,Routine Flare
firms-2026-09-09-1917-40692,35.98404,-90.43118,345.57,4.97,50,2026-09-09T19:17:00Z,N20,Routine Flare
firms-2026-09-09-1902-40693,-12.41838,-72.59933,367,12.48,50,2026-09-09T19:02:00Z,N20,Industrial Fire
firms-2026-09-09-1917-40694,35.98343,-90.43574,333.52,4.97,50,2026-09-09T19:17:00Z,N20,Routine Flare
firms-2026-09-09-1902-40695,-12.41845,-72.59676,336.14,7.21,50,2026-09-09T19:02:00Z,N20,Routine Flare
firms-2026-09-09-1917-40696,35.98281,-90.44031,339.13,3.74,50,2026-09-09T19:17:00Z,N20,Routine Flare
firms-2026-09-09-1902-40697,-12.41918,-72.60076,355.71,9.7,50,2026-09-09T19:02:00Z,N20,Routine Flare
firms-2026-09-09-1917-40698,36.06216,-89.98778,332.79,2.09,50,2026-09-09T19:17:00Z,N20,Routine Flare
firms-2026-09-09-1902-40699,-11.23265,-68.21043,338.08,8.76,50,2026-09-09T19:02:00Z,N20,Routine Flare
firms-2026-09-09-1917-40700,36.06562,-89.98846,335.5,1.99,50,2026-09-09T19:17:00Z,N20,Routine Flare
firms-2026-09-09-1902-40701,-11.23025,-68.2123,348.37,10.37,50,2026-09-09T19:02:00Z,N20,Routine Flare
firms-2026-09-09-1917-40702,36.09185,-89.94992,333.59,3.63,50,2026-09-09T19:17:00Z,N20,Routine Flare
firms-2026-09-09-1917-40703,36.09125,-89.95467,342.67,7.26,50,2026-09-09T19:17:00Z,N20,Routine Flare
firms-2026-09-09-1902-40704,-11.43346,-69.42664,332.68,6.93,50,2026-09-09T19:02:00Z,N20,Routine Flare
firms-2026-09-09-1917-40705,36.14627,-90.02353,335.37,7,50,2026-09-09T19:17:00Z,N20,Routine Flare
firms-2026-09-09-1902-40706,-11.42952,-69.53585,337.46,6.2,50,2026-09-09T19:02:00Z,N20,Routine Flare
firms-2026-09-09-1917-40707,36.15566,-90.006,346.33,4.89,50,2026-09-09T19:17:00Z,N20,Routine Flare
firms-2026-09-09-1902-40708,-11.38999,-69.43576,342.52,5.23,50,2026-09-09T19:02:00Z,N20,Routine Flare
firms-2026-09-09-1917-40709,36.15504,-90.01073,342.72,4.89,50,2026-09-09T19:17:00Z,N20,Routine Flare
firms-2026-09-09-1902-40710,-11.16397,-68.24203,334.5,7.01,50,2026-09-09T19:02:00Z,N20,Routine Flare
firms-2026-09-09-1917-40711,36.15443,-90.01544,332.58,4.67,50,2026-09-09T19:17:00Z,N20,Routine Flare
firms-2026-09-09-1902-40712,-11.38597,-69.43562,340.33,6.13,50,2026-09-09T19:02:00Z,N20,Routine Flare
firms-2026-09-09-1917-40713,36.15913,-90.00668,336.67,4.89,50,2026-09-09T19:17:00Z,N20,Routine Flare
firms-2026-09-09-1902-40714,-11.1514,-68.62533,328.2,6.44,50,2026-09-09T19:02:00Z,N20,Routine Flare
firms-2026-09-09-1917-40715,36.1585,-90.0114,346.3,4.89,50,2026-09-09T19:17:00Z,N20,Routine Flare
firms-2026-09-09-1902-40716,-11.09959,-68.47224,354.68,12.32,50,2026-09-09T19:02:00Z,N20,Routine Flare
firms-2026-09-09-1917-40717,36.15752,-90.00495,343.81,7.07,50,2026-09-09T19:17:00Z,N20,Routine Flare
firms-2026-09-09-1902-40718,-11.08442,-68.6316,343.79,6.68,50,2026-09-09T19:02:00Z,N20,Routine Flare
firms-2026-09-09-1917-40719,36.15693,-90.00969,350.37,7.07,50,2026-09-09T19:17:00Z,N20,Routine Flare
firms-2026-09-09-1902-40720,-11.10185,-68.47004,346.55,9.73,50,2026-09-09T19:02:00Z,N20,Routine Flare
firms-2026-09-09-1917-40721,36.15632,-90.01442,346.59,7.97,50,2026-09-09T19:17:00Z,N20,Routine Flare
firms-2026-09-09-1902-40722,-11.08568,-68.62985,338.45,5.17,50,2026-09-09T19:02:00Z,N20,Routine Flare
firms-2026-09-09-1917-40723,37.158,-77.10342,328.87,7.52,50,2026-09-09T19:17:00Z,N20,Routine Flare
firms-2026-09-09-1902-40724,-11.00786,-68.54977,331.09,4.55,50,2026-09-09T19:02:00Z,N20,Routine Flare
firms-2026-09-09-1917-40725,36.34217,-90.30727,342.62,14.56,50,2026-09-09T19:17:00Z,N20,Routine Flare
firms-2026-09-09-1902-40726,-10.62207,-67.9254,342.18,10.44,50,2026-09-09T19:02:00Z,N20,Routine Flare
firms-2026-09-09-1917-40727,36.43329,-89.61394,332.34,4.75,50,2026-09-09T19:17:00Z,N20,Routine Flare
firms-2026-09-09-1902-40728,-10.62171,-67.9217,329.04,6.18,50,2026-09-09T19:02:00Z,N20,Routine Flare
firms-2026-09-09-1917-40729,36.45018,-89.50582,333.86,3.44,50,2026-09-09T19:17:00Z,N20,Routine Flare
firms-2026-09-09-1902-40730,-11.78719,-74.05745,346.89,9,50,2026-09-09T19:02:00Z,N20,Routine Flare
firms-2026-09-09-1917-40731,36.44957,-89.51079,349.84,8.22,50,2026-09-09T19:17:00Z,N20,Routine Flare
firms-2026-09-09-1902-40732,-11.78256,-74.05807,347.02,9,50,2026-09-09T19:02:00Z,N20,Routine Flare
firms-2026-09-09-1917-40733,36.45311,-89.51145,337.27,8.22,50,2026-09-09T19:17:00Z,N20,Routine Flare
firms-2026-09-09-1902-40734,-10.67931,-69.2798,339.72,6.37,50,2026-09-09T19:02:00Z,N20,Routine Flare
firms-2026-09-09-1917-40735,36.46599,-90.34928,338.97,5.47,50,2026-09-09T19:17:00Z,N20,Routine Flare
firms-2026-09-09-1902-40736,-10.68432,-69.2802,340.2,6.98,50,2026-09-09T19:02:00Z,N20,Routine Flare
firms-2026-09-09-1917-40737,37.31244,-81.20309,326.91,3.27,50,2026-09-09T19:17:00Z,N20,Routine Flare
firms-2026-09-09-1902-40738,-11.62341,-74.4069,342.18,12.41,50,2026-09-09T19:02:00Z,N20,Routine Flare
firms-2026-09-09-1917-40739,36.45784,-90.70255,341.99,4.32,50,2026-09-09T19:17:00Z,N20,Routine Flare
firms-2026-09-09-1902-40740,-11.24823,-72.93712,333.4,2.31,50,2026-09-09T19:02:00Z,N20,Routine Flare
firms-2026-09-09-1917-40741,36.55383,-90.21762,345.71,3.51,50,2026-09-09T19:17:00Z,N20,Routine Flare
firms-2026-09-09-1902-40742,-11.24399,-72.97018,367,16.79,50,2026-09-09T19:02:00Z,N20,Industrial Fire
firms-2026-09-09-1917-40743,36.55727,-90.2183,334.08,3.51,50,2026-09-09T19:17:00Z,N20,Routine Flare
firms-2026-09-09-1902-40744,-11.14785,-72.95152,329.81,2.61,50,2026-09-09T19:02:00Z,N20,Routine Flare
firms-2026-09-09-1917-40745,36.60507,-90.13812,337.65,36.96,50,2026-09-09T19:17:00Z,N20,Industrial Fire
firms-2026-09-09-1902-40746,-10.55553,-69.88704,328.34,3.52,50,2026-09-09T19:02:00Z,N20,Routine Flare
firms-2026-09-09-1917-40747,36.71191,-89.6622,337.39,9.19,50,2026-09-09T19:17:00Z,N20,Routine Flare
firms-2026-09-09-1902-40748,-11.0553,-72.53619,333.62,2.41,50,2026-09-09T19:02:00Z,N20,Routine Flare
firms-2026-09-09-1917-40749,36.71482,-89.66782,349.84,7.32,50,2026-09-09T19:17:00Z,N20,Routine Flare
firms-2026-09-09-1902-40750,-10.97558,-72.7187,334.62,2.81,50,2026-09-09T19:02:00Z,N20,Routine Flare
firms-2026-09-09-1917-40751,36.7142,-89.67276,335.73,7.32,50,2026-09-09T19:17:00Z,N20,Routine Flare
firms-2026-09-09-1902-40752,-11.27556,-74.41326,330.59,3.55,50,2026-09-09T19:02:00Z,N20,Routine Flare
firms-2026-09-09-1917-40753,36.85349,-89.42104,351.36,73.19,50,2026-09-09T19:17:00Z,N20,Industrial Fire
firms-2026-09-09-1902-40754,-10.11799,-68.60294,348.12,26.15,50,2026-09-09T19:02:00Z,N20,Industrial Fire
firms-2026-09-09-1917-40755,36.85286,-89.42612,334.58,6.27,50,2026-09-09T19:17:00Z,N20,Routine Flare
firms-2026-09-09-1902-40756,-10.11923,-68.60903,347.56,26.15,50,2026-09-09T19:02:00Z,N20,Industrial Fire
firms-2026-09-09-1917-40757,36.85768,-89.41663,367,85.11,50,2026-09-09T19:17:00Z,N20,Industrial Fire
firms-2026-09-09-1902-40758,-10.11131,-68.60426,344.81,26.15,50,2026-09-09T19:02:00Z,N20,Industrial Fire
firms-2026-09-09-1917-40759,36.85955,-89.40141,331.96,4.91,50,2026-09-09T19:17:00Z,N20,Routine Flare
firms-2026-09-09-1902-40760,-10.12237,-68.60529,355.86,31.83,50,2026-09-09T19:02:00Z,N20,Industrial Fire
firms-2026-09-09-1917-40761,36.85705,-89.42171,352.12,85.11,50,2026-09-09T19:17:00Z,N20,Industrial Fire
firms-2026-09-09-1902-40762,-10.12358,-68.61143,334.74,22.77,50,2026-09-09T19:02:00Z,N20,Industrial Fire
firms-2026-09-09-1917-40763,36.8625,-89.40716,344.24,10.46,50,2026-09-09T19:17:00Z,N20,Routine Flare
firms-2026-09-09-1902-40764,-10.1169,-68.61274,346.69,22.77,50,2026-09-09T19:02:00Z,N20,Industrial Fire
firms-2026-09-09-1917-40765,36.86187,-89.41224,345.68,10.46,50,2026-09-09T19:17:00Z,N20,Routine Flare
firms-2026-09-09-1902-40766,-10.11569,-68.60663,356.21,31.83,50,2026-09-09T19:02:00Z,N20,Industrial Fire
firms-2026-09-09-1917-40767,36.86124,-89.41731,353.2,85.11,50,2026-09-09T19:17:00Z,N20,Industrial Fire
firms-2026-09-09-1902-40768,-11.14902,-74.26025,340.1,21.52,50,2026-09-09T19:02:00Z,N20,Industrial Fire
firms-2026-09-09-1917-40769,36.86544,-89.4129,353.04,21.72,50,2026-09-09T19:17:00Z,N20,Industrial Fire
firms-2026-09-09-1902-40770,-11.1401,-74.2633,329.94,7.95,50,2026-09-09T19:02:00Z,N20,Routine Flare
firms-2026-09-09-1917-40771,36.86963,-89.40849,334.21,21.72,50,2026-09-09T19:17:00Z,N20,Industrial Fire
firms-2026-09-09-1902-40772,-11.13325,-74.25156,329.49,2.96,50,2026-09-09T19:02:00Z,N20,Routine Flare
firms-2026-09-09-1917-40773,36.86901,-89.41357,340.41,21.72,50,2026-09-09T19:17:00Z,N20,Industrial Fire
firms-2026-09-09-1902-40774,-11.099,-74.66493,331.73,3.29,50,2026-09-09T19:02:00Z,N20,Routine Flare
firms-2026-09-09-1917-40775,36.80569,-90.03677,367,14.54,50,2026-09-09T19:17:00Z,N20,Industrial Fire
firms-2026-09-09-1902-40776,-10.97043,-74.26263,339.23,5.83,50,2026-09-09T19:02:00Z,N20,Routine Flare
firms-2026-09-09-1917-40777,36.80508,-90.04159,346.65,20.51,50,2026-09-09T19:17:00Z,N20,Industrial Fire
firms-2026-09-09-1902-40778,-11.02413,-74.64617,354.63,14.9,50,2026-09-09T19:02:00Z,N20,Routine Flare
firms-2026-09-09-1917-40779,36.87508,-90.08003,352.6,37.75,50,2026-09-09T19:17:00Z,N20,Industrial Fire
firms-2026-09-09-1902-40780,-11.01477,-74.64552,340.21,4.44,50,2026-09-09T19:02:00Z,N20,Routine Flare
firms-2026-09-09-1917-40781,37.31155,-88.21252,331.21,2.8,50,2026-09-09T19:17:00Z,N20,Routine Flare
firms-2026-09-09-1902-40782,-11.00649,-74.65095,339.07,4.2,50,2026-09-09T19:02:00Z,N20,Routine Flare
firms-2026-09-09-1917-40783,37.00623,-91.352,331.66,1.49,50,2026-09-09T19:17:00Z,N20,Routine Flare
firms-2026-09-09-1902-40784,-10.97344,-74.74905,340.01,5.52,50,2026-09-09T19:02:00Z,N20,Routine Flare
firms-2026-09-09-1917-40785,35.71707,-99.56038,344.76,14.49,50,2026-09-09T19:17:00Z,N20,Routine Flare
firms-2026-09-09-1902-40786,-10.8858,-74.29321,330.62,6.05,50,2026-09-09T19:02:00Z,N20,Routine Flare
firms-2026-09-09-1917-40787,36.7272,-96.95003,346.82,23.27,50,2026-09-09T19:17:00Z,N20,Industrial Fire
firms-2026-09-09-1902-40788,-10.89001,-74.34201,329.66,4.92,50,2026-09-09T19:02:00Z,N20,Routine Flare
firms-2026-09-09-1917-40789,36.73072,-96.95104,338.27,23.27,50,2026-09-09T19:17:00Z,N20,Industrial Fire
firms-2026-09-09-1902-40790,-10.88589,-74.29097,333.42,4.67,50,2026-09-09T19:02:00Z,N20,Routine Flare
firms-2026-09-09-1917-40791,39.08375,-82.33137,332.25,3.08,50,2026-09-09T19:17:00Z,N20,Routine Flare
firms-2026-09-09-1902-40792,-10.89062,-74.34496,337.21,3.51,50,2026-09-09T19:02:00Z,N20,Routine Flare
firms-2026-09-09-1917-40793,38.69539,-90.13124,335.38,7.29,50,2026-09-09T19:17:00Z,N20,Routine Flare
firms-2026-09-09-1902-40794,-10.84438,-74.29756,339.36,10.88,50,2026-09-09T19:02:00Z,N20,Routine Flare
firms-2026-09-09-1917-40795,38.6935,-90.14655,332.27,4.7,50,2026-09-09T19:17:00Z,N20,Routine Flare
firms-2026-09-09-1902-40796,-10.84529,-74.30268,330.36,8.68,50,2026-09-09T19:02:00Z,N20,Routine Flare
firms-2026-09-09-1902-40797,-10.78027,-74.25841,338.82,4.93,50,2026-09-09T19:02:00Z,N20,Routine Flare
firms-2026-09-09-1917-40798,37.85715,-95.8252,342.78,5.67,50,2026-09-09T19:17:00Z,N20,Routine Flare
firms-2026-09-09-1902-40799,-10.77651,-74.25743,336.33,3.12,50,2026-09-09T19:02:00Z,N20,Routine Flare
firms-2026-09-09-1917-40800,37.85635,-95.82982,342.1,7.15,50,2026-09-09T19:17:00Z,N20,Routine Flare
firms-2026-09-09-1902-40801,-10.73785,-74.28106,327.53,2.51,50,2026-09-09T19:02:00Z,N20,Routine Flare
firms-2026-09-09-1917-40802,37.86052,-95.82613,340.5,4.65,50,2026-09-09T19:17:00Z,N20,Routine Flare
firms-2026-09-09-1902-40803,-9.54921,-68.26858,351.15,15.76,50,2026-09-09T19:02:00Z,N20,Industrial Fire
firms-2026-09-09-1917-40804,37.85971,-95.83075,335.36,2.92,50,2026-09-09T19:17:00Z,N20,Routine Flare
firms-2026-09-09-1902-40805,-10.7157,-74.36932,329.46,2.66,50,2026-09-09T19:02:00Z,N20,Routine Flare
firms-2026-09-09-1917-40806,39.46847,-84.38299,340.56,5.38,50,2026-09-09T19:17:00Z,N20,Routine Flare
firms-2026-09-09-1902-40807,-9.54927,-68.26942,352.2,13.54,50,2026-09-09T19:02:00Z,N20,Routine Flare
firms-2026-09-09-1917-40808,39.4828,-84.38455,331.44,6.99,50,2026-09-09T19:17:00Z,N20,Routine Flare
firms-2026-09-09-1902-40809,-10.43232,-73.51851,329.96,4.93,50,2026-09-09T19:02:00Z,N20,Routine Flare
firms-2026-09-09-1917-40810,38.75959,-91.76478,337.2,6.88,50,2026-09-09T19:17:00Z,N20,Routine Flare
firms-2026-09-09-1902-40811,-9.30807,-67.69499,330.58,9.73,50,2026-09-09T19:02:00Z,N20,Routine Flare
firms-2026-09-09-1919-40812,37.67645,-103.42702,340.18,4.71,50,2026-09-09T19:19:00Z,N20,Routine Flare
firms-2026-09-09-1902-40813,-9.48978,-68.86977,337.24,9.9,50,2026-09-09T19:02:00Z,N20,Routine Flare
firms-2026-09-09-1919-40814,37.70308,-103.42317,332.22,2.87,50,2026-09-09T19:19:00Z,N20,Routine Flare
firms-2026-09-09-1902-40815,-9.2135,-67.55643,330.33,12.3,50,2026-09-09T19:02:00Z,N20,Routine Flare
firms-2026-09-09-1919-40816,37.70777,-103.42501,333.99,4.62,50,2026-09-09T19:19:00Z,N20,Routine Flare
firms-2026-09-09-1902-40817,-9.37924,-68.81821,367,17.9,50,2026-09-09T19:02:00Z,N20,Industrial Fire
firms-2026-09-09-1919-40818,40.13121,-96.07973,331.85,3.08,50,2026-09-09T19:19:00Z,N20,Routine Flare
firms-2026-09-09-1902-40819,-9.3804,-68.8241,349.23,17.9,50,2026-09-09T19:02:00Z,N20,Industrial Fire
firms-2026-09-09-1902-40820,-9.08399,-67.86507,367,26.3,50,2026-09-09T19:02:00Z,N20,Industrial Fire
firms-2026-09-09-1902-40821,-9.1594,-68.24525,329.54,6.49,50,2026-09-09T19:02:00Z,N20,Routine Flare
firms-2026-09-09-1902-40822,-9.15245,-68.24644,352.58,18.9,50,2026-09-09T19:02:00Z,N20,Industrial Fire
firms-2026-09-09-1902-40823,-9.8652,-72.74069,331.2,3.44,50,2026-09-09T19:02:00Z,N20,Routine Flare
firms-2026-09-09-1902-40824,-10.1032,-75.09289,339.25,5.58,50,2026-09-09T19:02:00Z,N20,Routine Flare
firms-2026-09-09-1902-40825,-10.16013,-76.16763,342.35,12.02,50,2026-09-09T19:02:00Z,N20,Routine Flare
firms-2026-09-09-1902-40826,-10.16069,-76.17085,355.4,23.19,50,2026-09-09T19:02:00Z,N20,Industrial Fire
firms-2026-09-09-1902-40827,-10.16122,-76.17393,351.33,23.19,50,2026-09-09T19:02:00Z,N20,Industrial Fire
firms-2026-09-09-1902-40828,-10.16174,-76.17695,354.53,27.71,50,2026-09-09T19:02:00Z,N20,Industrial Fire
firms-2026-09-09-1902-40829,-10.16227,-76.18009,335.81,27.71,50,2026-09-09T19:02:00Z,N20,Industrial Fire
firms-2026-09-09-1902-40830,-10.15655,-76.17136,354.32,23.19,50,2026-09-09T19:02:00Z,N20,Industrial Fire
firms-2026-09-09-1902-40831,-10.15709,-76.17446,356.15,23.19,50,2026-09-09T19:02:00Z,N20,Industrial Fire
firms-2026-09-09-1902-40832,-10.15762,-76.17755,349.71,27.71,50,2026-09-09T19:02:00Z,N20,Industrial Fire
firms-2026-09-09-1902-40833,-10.15816,-76.18069,341.07,27.71,50,2026-09-09T19:02:00Z,N20,Industrial Fire
firms-2026-09-09-1902-40834,-10.15243,-76.17194,351.15,43.83,50,2026-09-09T19:02:00Z,N20,Industrial Fire
firms-2026-09-09-1902-40835,-9.53477,-72.76699,355.78,6.75,50,2026-09-09T19:02:00Z,N20,Routine Flare
firms-2026-09-09-1902-40836,-9.53393,-72.7649,333.05,8.31,50,2026-09-09T19:02:00Z,N20,Routine Flare
firms-2026-09-09-1902-40837,-9.53451,-72.76816,340.99,6,50,2026-09-09T19:02:00Z,N20,Routine Flare
firms-2026-09-09-1904-40838,-9.52383,-73.40393,330.63,6.36,50,2026-09-09T19:04:00Z,N20,Routine Flare
firms-2026-09-09-1904-40839,-9.52332,-73.40105,356.39,8.07,50,2026-09-09T19:04:00Z,N20,Routine Flare
firms-2026-09-09-1904-40840,-9.97271,-76.19348,340.37,6.26,50,2026-09-09T19:04:00Z,N20,Routine Flare
firms-2026-09-09-1904-40841,-8.91995,-70.56377,329.83,2.75,50,2026-09-09T19:04:00Z,N20,Routine Flare
firms-2026-09-09-1904-40842,-9.85022,-76.08775,344.44,10.05,50,2026-09-09T19:04:00Z,N20,Routine Flare
firms-2026-09-09-1904-40843,-9.84659,-76.09151,352.53,13.22,50,2026-09-09T19:04:00Z,N20,Routine Flare
firms-2026-09-09-1904-40844,-9.77296,-76.04482,330.87,2.91,50,2026-09-09T19:04:00Z,N20,Routine Flare
firms-2026-09-09-1904-40845,-8.68471,-70.69554,341.6,4.87,50,2026-09-09T19:04:00Z,N20,Routine Flare
firms-2026-09-09-1906-40846,-0.09312,-78.21265,343.2,9.73,50,2026-09-09T19:06:00Z,N20,Routine Flare
firms-2026-09-09-1853-40847,-41.81021,-66.86475,334.2,8.19,50,2026-09-09T18:53:00Z,N20,Routine Flare
firms-2026-09-09-1904-40848,-8.54239,-70.47393,367,19.85,50,2026-09-09T19:04:00Z,N20,Industrial Fire
firms-2026-09-09-1904-40849,-8.4518,-70.2646,327.91,14.51,50,2026-09-09T19:04:00Z,N20,Routine Flare
firms-2026-09-09-1906-40850,-0.05106,-78.2244,340.88,8.88,50,2026-09-09T19:06:00Z,N20,Routine Flare
firms-2026-09-09-1853-40851,-40.85496,-63.08788,331.34,7.05,50,2026-09-09T18:53:00Z,N20,Routine Flare
firms-2026-09-09-1904-40852,-8.45273,-70.26951,356,22.49,50,2026-09-09T19:04:00Z,N20,Industrial Fire
firms-2026-09-09-1853-40853,-40.85665,-63.09455,338.5,6.91,50,2026-09-09T18:53:00Z,N20,Routine Flare
firms-2026-09-09-1906-40854,1.13007,-77.85138,332.44,5.85,50,2026-09-09T19:06:00Z,N20,Routine Flare
firms-2026-09-09-1904-40855,-9.43836,-75.78861,333.62,4.8,50,2026-09-09T19:04:00Z,N20,Routine Flare
firms-2026-09-09-1853-40856,-40.85631,-63.0891,338.71,12.92,50,2026-09-09T18:53:00Z,N20,Routine Flare
firms-2026-09-09-1906-40857,1.28921,-77.57533,341.3,14.76,50,2026-09-09T19:06:00Z,N20,Routine Flare
firms-2026-09-09-1904-40858,-9.40927,-75.7729,333.47,4.46,50,2026-09-09T19:04:00Z,N20,Routine Flare
firms-2026-09-09-1853-40859,-40.98283,-63.87222,335.39,2.81,50,2026-09-09T18:53:00Z,N20,Routine Flare
firms-2026-09-09-1906-40860,1.2937,-77.57597,338.34,14.76,50,2026-09-09T19:06:00Z,N20,Routine Flare
firms-2026-09-09-1904-40861,-9.41038,-75.77236,336.58,3.19,50,2026-09-09T19:04:00Z,N20,Routine Flare
firms-2026-09-09-1904-40862,-9.19933,-76.19073,330.15,3.26,50,2026-09-09T19:04:00Z,N20,Routine Flare
firms-2026-09-09-1853-40863,-40.71511,-63.15779,367,7.43,50,2026-09-09T18:53:00Z,N20,Industrial Fire
firms-2026-09-09-1906-40864,1.7646,-75.97433,339.35,5.73,50,2026-09-09T19:06:00Z,N20,Routine Flare
firms-2026-09-09-1904-40865,-9.08718,-76.01706,348.92,8.86,50,2026-09-09T19:04:00Z,N20,Routine Flare
firms-2026-09-09-1853-40866,-40.71674,-63.16433,332.2,7.43,50,2026-09-09T18:53:00Z,N20,Routine Flare
firms-2026-09-09-1906-40867,1.76412,-75.97741,345.48,6.09,50,2026-09-09T19:06:00Z,N20,Routine Flare
firms-2026-09-09-1904-40868,-7.94012,-69.94346,351.19,8.66,50,2026-09-09T19:04:00Z,N20,Routine Flare
firms-2026-09-09-1853-40869,-40.747,-63.38836,343.11,25.63,50,2026-09-09T18:53:00Z,N20,Industrial Fire
firms-2026-09-09-1906-40870,2.07138,-76.65404,342.12,11.39,50,2026-09-09T19:06:00Z,N20,Routine Flare
firms-2026-09-09-1904-40871,-7.93374,-69.94479,349,8.66,50,2026-09-09T19:04:00Z,N20,Routine Flare
firms-2026-09-09-1853-40872,-40.74859,-63.39478,351.12,25.63,50,2026-09-09T18:53:00Z,N20,Industrial Fire
firms-2026-09-09-1906-40873,2.08879,-76.86209,334.93,17.37,50,2026-09-09T19:06:00Z,N20,Industrial Fire
firms-2026-09-09-1904-40874,-8.40995,-72.94219,344.22,6.06,50,2026-09-09T19:04:00Z,N20,Routine Flare
firms-2026-09-09-1853-40875,-40.744,-63.39672,341.83,25.63,50,2026-09-09T18:53:00Z,N20,Industrial Fire
firms-2026-09-09-1906-40876,2.08792,-76.86772,337.75,33.63,50,2026-09-09T19:06:00Z,N20,Industrial Fire
firms-2026-09-09-1904-40877,-8.94988,-76.00188,347.93,7.16,50,2026-09-09T19:04:00Z,N20,Routine Flare
firms-2026-09-09-1853-40878,-40.71968,-63.42115,341.99,20.46,50,2026-09-09T18:53:00Z,N20,Industrial Fire
firms-2026-09-09-1906-40879,2.08882,-76.86472,345.8,52.54,50,2026-09-09T19:06:00Z,N20,Industrial Fire
firms-2026-09-09-1904-40880,-8.40411,-72.93989,335.82,2.99,50,2026-09-09T19:04:00Z,N20,Routine Flare
firms-2026-09-09-1853-40881,-40.55429,-63.12725,329.95,2.52,50,2026-09-09T18:53:00Z,N20,Routine Flare
firms-2026-09-09-1906-40882,2.1056,-76.88321,355.09,12.06,50,2026-09-09T19:06:00Z,N20,Routine Flare
firms-2026-09-09-1904-40883,-8.4047,-72.94315,329.5,2.99,50,2026-09-09T19:04:00Z,N20,Routine Flare
firms-2026-09-09-1853-40884,-39.498,-62.31865,334.57,2.74,50,2026-09-09T18:53:00Z,N20,Routine Flare
firms-2026-09-09-1906-40885,2.30466,-75.82043,339.13,3.35,50,2026-09-09T19:06:00Z,N20,Routine Flare
firms-2026-09-09-1904-40886,-8.9639,-76.23411,341.96,32.28,50,2026-09-09T19:04:00Z,N20,Industrial Fire
firms-2026-09-09-1853-40887,-39.47906,-62.49924,367,5.92,50,2026-09-09T18:53:00Z,N20,Industrial Fire
firms-2026-09-09-1906-40888,2.322,-75.81017,331.94,2.9,50,2026-09-09T19:06:00Z,N20,Routine Flare
firms-2026-09-09-1904-40889,-8.96454,-76.2378,335.6,14.99,50,2026-09-09T19:04:00Z,N20,Routine Flare
firms-2026-09-09-1853-40890,-39.47412,-62.50134,367,5.92,50,2026-09-09T18:53:00Z,N20,Industrial Fire
firms-2026-09-09-1906-40891,2.28996,-76.82823,342.92,7.68,50,2026-09-09T19:06:00Z,N20,Routine Flare
firms-2026-09-09-1904-40892,-8.90368,-76.29057,339.21,3.23,50,2026-09-09T19:04:00Z,N20,Routine Flare
firms-2026-09-09-1853-40893,-39.30455,-62.77339,326.58,1.58,50,2026-09-09T18:53:00Z,N20,Routine Flare
firms-2026-09-09-1906-40894,2.3134,-76.90069,351.63,15.78,50,2026-09-09T19:06:00Z,N20,Industrial Fire
firms-2026-09-09-1904-40895,-8.80931,-76.09333,333.2,2.94,50,2026-09-09T19:04:00Z,N20,Routine Flare
firms-2026-09-09-1853-40896,-39.47656,-65.6012,339.88,4.48,50,2026-09-09T18:53:00Z,N20,Routine Flare
firms-2026-09-09-1906-40897,2.31814,-76.90171,349.14,15.78,50,2026-09-09T19:06:00Z,N20,Industrial Fire
firms-2026-09-09-1904-40898,-8.75689,-76.31783,340.58,5.22,50,2026-09-09T19:04:00Z,N20,Routine Flare
firms-2026-09-09-1853-40899,-38.9896,-64.07191,344.61,6.24,50,2026-09-09T18:53:00Z,N20,Routine Flare
firms-2026-09-09-1906-40900,2.31735,-76.90705,344.33,25.97,50,2026-09-09T19:06:00Z,N20,Industrial Fire
firms-2026-09-09-1904-40901,-8.00902,-72.03984,341.54,4.77,50,2026-09-09T19:04:00Z,N20,Routine Flare
firms-2026-09-09-1853-40902,-39.35058,-65.65754,339.36,3.65,50,2026-09-09T18:53:00Z,N20,Routine Flare
firms-2026-09-09-1906-40903,2.35304,-76.79857,332.43,9.68,50,2026-09-09T19:06:00Z,N20,Routine Flare
firms-2026-09-09-1904-40904,-8.6989,-76.36288,351.44,9.57,50,2026-09-09T19:04:00Z,N20,Routine Flare
firms-2026-09-09-1853-40905,-39.32365,-65.82361,338.89,7.96,50,2026-09-09T18:53:00Z,N20,Routine Flare
firms-2026-09-09-1906-40906,2.36086,-76.87762,353.29,17.17,50,2026-09-09T19:06:00Z,N20,Industrial Fire
firms-2026-09-09-1904-40907,-8.65365,-76.14732,331.93,3.62,50,2026-09-09T19:04:00Z,N20,Routine Flare
firms-2026-09-09-1853-40908,-38.60785,-62.98626,367,6.88,50,2026-09-09T18:53:00Z,N20,Industrial Fire
firms-2026-09-09-1906-40909,2.50116,-75.97759,338.39,3.81,50,2026-09-09T19:06:00Z,N20,Routine Flare
firms-2026-09-09-1904-40910,-8.65216,-76.31485,336.4,3.99,50,2026-09-09T19:04:00Z,N20,Routine Flare
firms-2026-09-09-1853-40911,-39.20776,-66.04288,332.69,3.68,50,2026-09-09T18:53:00Z,N20,Routine Flare
firms-2026-09-09-1906-40912,2.40736,-76.79772,347.78,15.23,50,2026-09-09T19:06:00Z,N20,Industrial Fire
firms-2026-09-09-1904-40913,-8.64799,-76.31554,343.03,10.45,50,2026-09-09T19:04:00Z,N20,Routine Flare
firms-2026-09-09-1853-40914,-39.19162,-66.10091,333.04,3.65,50,2026-09-09T18:53:00Z,N20,Routine Flare
firms-2026-09-09-1906-40915,2.40614,-76.80013,343.15,17.63,50,2026-09-09T19:06:00Z,N20,Industrial Fire
firms-2026-09-09-1904-40916,-7.93711,-72.37138,328.75,1.94,50,2026-09-09T19:04:00Z,N20,Routine Flare
firms-2026-09-09-1853-40917,-39.19276,-66.10598,331.76,4.03,50,2026-09-09T18:53:00Z,N20,Routine Flare
firms-2026-09-09-1906-40918,2.46262,-76.81787,351.41,39.53,50,2026-09-09T19:06:00Z,N20,Industrial Fire
firms-2026-09-09-1904-40919,-8.52626,-76.18962,330.5,3.58,50,2026-09-09T19:04:00Z,N20,Routine Flare
firms-2026-09-09-1853-40920,-38.32088,-62.74457,326.71,1.69,50,2026-09-09T18:53:00Z,N20,Routine Flare
firms-2026-09-09-1906-40921,2.59946,-76.78846,355.02,27.41,50,2026-09-09T19:06:00Z,N20,Industrial Fire
firms-2026-09-09-1904-40922,-8.48223,-76.23732,333.71,2.88,50,2026-09-09T19:04:00Z,N20,Routine Flare
firms-2026-09-09-1853-40923,-39.12814,-67.0176,338.62,2.7,50,2026-09-09T18:53:00Z,N20,Routine Flare
firms-2026-09-09-1906-40924,2.60413,-76.79022,340.6,4.54,50,2026-09-09T19:06:00Z,N20,Routine Flare
firms-2026-09-09-1904-40925,-7.28416,-70.01469,349.53,15.24,50,2026-09-09T19:04:00Z,N20,Industrial Fire
firms-2026-09-09-1853-40926,-39.57332,-69.3045,344.56,6.06,50,2026-09-09T18:53:00Z,N20,Routine Flare
firms-2026-09-09-1906-40927,2.73216,-75.97486,367,8.99,50,2026-09-09T19:06:00Z,N20,Industrial Fire
firms-2026-09-09-1904-40928,-8.13944,-75.13126,350.83,12.66,50,2026-09-09T19:04:00Z,N20,Routine Flare
firms-2026-09-09-1853-40929,-39.06968,-67.21867,334.54,2.15,50,2026-09-09T18:53:00Z,N20,Routine Flare
firms-2026-09-09-1906-40930,2.65872,-76.52835,337.08,9.2,50,2026-09-09T19:06:00Z,N20,Routine Flare
firms-2026-09-09-1904-40931,-7.82329,-73.4031,354.69,7.86,50,2026-09-09T19:04:00Z,N20,Routine Flare
firms-2026-09-09-1853-40932,-37.90657,-63.4861,367,6.34,50,2026-09-09T18:53:00Z,N20,Industrial Fire
firms-2026-09-09-1906-40933,2.65791,-76.53371,334.59,8.17,50,2026-09-09T19:06:00Z,N20,Routine Flare
firms-2026-09-09-1904-40934,-7.82385,-73.40622,342.08,7.18,50,2026-09-09T19:04:00Z,N20,Routine Flare
firms-2026-09-09-1853-40935,-37.90346,-63.49519,367,6.13,50,2026-09-09T18:53:00Z,N20,Industrial Fire
firms-2026-09-09-1906-40936,2.65541,-76.80275,344.31,8.69,50,2026-09-09T19:06:00Z,N20,Routine Flare
firms-2026-09-09-1904-40937,-8.25216,-76.51487,337.09,6.08,50,2026-09-09T19:04:00Z,N20,Routine Flare
firms-2026-09-09-1853-40938,-37.90256,-63.49162,336.79,6.34,50,2026-09-09T18:53:00Z,N20,Routine Flare
firms-2026-09-09-1906-40939,2.73726,-76.41745,345.96,11.11,50,2026-09-09T19:06:00Z,N20,Routine Flare
firms-2026-09-09-1904-40940,-7.97591,-74.95103,332.07,4.38,50,2026-09-09T19:04:00Z,N20,Routine Flare
firms-2026-09-09-1853-40941,-37.64457,-62.57605,325.03,3.33,50,2026-09-09T18:53:00Z,N20,Routine Flare
firms-2026-09-09-1906-40942,2.74936,-76.43855,332.47,4.25,50,2026-09-09T19:06:00Z,N20,Routine Flare
firms-2026-09-09-1904-40943,-8.39493,-77.74639,345.92,8.79,50,2026-09-09T19:04:00Z,N20,Routine Flare
firms-2026-09-09-1853-40944,-37.64562,-62.58006,337.41,3.33,50,2026-09-09T18:53:00Z,N20,Routine Flare
firms-2026-09-09-1906-40945,2.75453,-76.47184,352.2,12.98,50,2026-09-09T19:06:00Z,N20,Routine Flare
firms-2026-09-09-1904-40946,-7.34263,-72.62958,336.1,3.64,50,2026-09-09T19:04:00Z,N20,Routine Flare
firms-2026-09-09-1853-40947,-37.64667,-62.58407,346.34,5.88,50,2026-09-09T18:53:00Z,N20,Routine Flare
firms-2026-09-09-1906-40948,2.7382,-76.83781,330.54,5.41,50,2026-09-09T19:06:00Z,N20,Routine Flare
firms-2026-09-09-1904-40949,-7.33716,-72.63052,333.32,3.64,50,2026-09-09T19:04:00Z,N20,Routine Flare
firms-2026-09-09-1853-40950,-38.84973,-68.0536,342.46,9.05,50,2026-09-09T18:53:00Z,N20,Routine Flare
firms-2026-09-09-1906-40951,2.83189,-76.47094,342.08,12.26,50,2026-09-09T19:06:00Z,N20,Routine Flare
firms-2026-09-09-1904-40952,-7.34188,-72.63006,344.87,5.28,50,2026-09-09T19:04:00Z,N20,Routine Flare
firms-2026-09-09-1906-40953,2.79386,-76.89487,342.38,18.08,50,2026-09-09T19:06:00Z,N20,Industrial Fire
firms-2026-09-09-1853-40954,-37.55635,-62.73066,345.06,5.03,50,2026-09-09T18:53:00Z,N20,Routine Flare
firms-2026-09-09-1904-40955,-7.40765,-73.03828,345.76,3.79,50,2026-09-09T19:04:00Z,N20,Routine Flare
firms-2026-09-09-1853-40956,-38.70019,-68.69944,341.11,5.14,50,2026-09-09T18:53:00Z,N20,Routine Flare
firms-2026-09-09-1906-40957,2.97894,-76.47758,336.62,8.34,50,2026-09-09T19:06:00Z,N20,Routine Flare
firms-2026-09-09-1904-40958,-7.99168,-76.64908,352.38,6.26,50,2026-09-09T19:04:00Z,N20,Routine Flare
firms-2026-09-09-1906-40959,3.08279,-76.73617,335.48,8.07,50,2026-09-09T19:06:00Z,N20,Routine Flare
firms-2026-09-09-1853-40960,-38.69389,-68.7079,342.17,34.48,50,2026-09-09T18:53:00Z,N20,Industrial Fire
firms-2026-09-09-1904-40961,-7.21089,-72.56118,337.99,3.82,50,2026-09-09T19:04:00Z,N20,Routine Flare
firms-2026-09-09-1906-40962,3.08192,-76.74188,339.44,8.07,50,2026-09-09T19:06:00Z,N20,Routine Flare
firms-2026-09-09-1853-40963,-38.49854,-68.31589,332.51,2.16,50,2026-09-09T18:53:00Z,N20,Routine Flare
firms-2026-09-09-1904-40964,-7.21628,-73.11487,327.84,2.78,50,2026-09-09T19:04:00Z,N20,Routine Flare
firms-2026-09-09-1906-40965,3.07992,-76.73886,337.12,6.17,50,2026-09-09T19:06:00Z,N20,Routine Flare
firms-2026-09-09-1853-40966,-37.55461,-64.5239,338.11,6.59,50,2026-09-09T18:53:00Z,N20,Routine Flare
firms-2026-09-09-1904-40967,-6.932,-71.76129,329.84,4.64,50,2026-09-09T19:04:00Z,N20,Routine Flare
firms-2026-09-09-1853-40968,-38.45461,-68.63705,334.33,3.04,50,2026-09-09T18:53:00Z,N20,Routine Flare
firms-2026-09-09-1906-40969,3.08485,-76.73929,339.28,6.17,50,2026-09-09T19:06:00Z,N20,Routine Flare
firms-2026-09-09-1904-40970,-7.76647,-76.75143,339.93,16.75,50,2026-09-09T19:04:00Z,N20,Industrial Fire
firms-2026-09-09-1853-40971,-38.53121,-69.09216,331.41,5.48,50,2026-09-09T18:53:00Z,N20,Routine Flare
firms-2026-09-09-1906-40972,3.21078,-76.53558,350.67,10.93,50,2026-09-09T19:06:00Z,N20,Routine Flare
firms-2026-09-09-1904-40973,-7.98428,-78.19624,347.38,19.19,50,2026-09-09T19:04:00Z,N20,Industrial Fire
firms-2026-09-09-1906-40974,3.21144,-76.53747,345.92,7.94,50,2026-09-09T19:06:00Z,N20,Routine Flare
firms-2026-09-09-1856-40975,-38.5318,-69.09367,341.92,6.38,50,2026-09-09T18:56:00Z,N20,Routine Flare
firms-2026-09-09-1904-40976,-7.6917,-76.51251,329.68,2.28,50,2026-09-09T19:04:00Z,N20,Routine Flare
firms-2026-09-09-1856-40977,-38.42403,-68.71203,342.78,9.69,50,2026-09-09T18:56:00Z,N20,Routine Flare
firms-2026-09-09-1906-40978,3.25403,-76.31254,336.51,3.23,50,2026-09-09T19:06:00Z,N20,Routine Flare
firms-2026-09-09-1904-40979,-7.69175,-76.77596,330.24,5.52,50,2026-09-09T19:04:00Z,N20,Routine Flare
firms-2026-09-09-1906-40980,3.2377,-76.42579,334.48,1.94,50,2026-09-09T19:06:00Z,N20,Routine Flare
firms-2026-09-09-1856-40981,-36.96585,-62.634,352.4,6.22,50,2026-09-09T18:56:00Z,N20,Routine Flare
firms-2026-09-09-1904-40982,-7.64795,-76.71672,335.09,3.34,50,2026-09-09T19:04:00Z,N20,Routine Flare
firms-2026-09-09-1906-40983,3.2536,-76.35121,367,4.91,50,2026-09-09T19:06:00Z,N20,Industrial Fire
firms-2026-09-09-1856-40984,-37.60168,-65.4813,339.54,9.29,50,2026-09-09T18:56:00Z,N20,Routine Flare
firms-2026-09-09-1904-40985,-7.56348,-76.63207,334.22,3.16,50,2026-09-09T19:04:00Z,N20,Routine Flare
firms-2026-09-09-1904-40986,-7.83405,-78.46526,335.14,3.9,50,2026-09-09T19:04:00Z,N20,Routine Flare
firms-2026-09-09-1856-40987,-37.59138,-65.47893,339.19,8.99,50,2026-09-09T18:56:00Z,N20,Routine Flare
firms-2026-09-09-1906-40988,3.25402,-76.3483,331.39,4.91,50,2026-09-09T19:06:00Z,N20,Routine Flare
firms-2026-09-09-1904-40989,-7.45415,-76.21449,334.6,4.19,50,2026-09-09T19:04:00Z,N20,Routine Flare
firms-2026-09-09-1906-40990,3.51289,-76.29386,337,2.68,50,2026-09-09T19:06:00Z,N20,Routine Flare
firms-2026-09-09-1856-40991,-37.59274,-65.4847,354.66,15.43,50,2026-09-09T18:56:00Z,N20,Industrial Fire
firms-2026-09-09-1904-40992,-7.82945,-78.46036,345.06,16.32,50,2026-09-09T19:04:00Z,N20,Industrial Fire
firms-2026-09-09-1906-40993,3.56729,-76.51569,345.47,3.44,50,2026-09-09T19:06:00Z,N20,Routine Flare
firms-2026-09-09-1856-40994,-38.93718,-72.2313,340.26,3.41,50,2026-09-09T18:56:00Z,N20,Routine Flare
firms-2026-09-09-1904-40995,-7.53528,-76.71791,341.89,3.82,50,2026-09-09T19:04:00Z,N20,Routine Flare
firms-2026-09-09-1856-40996,-37.55247,-65.41742,329.07,3.24,50,2026-09-09T18:56:00Z,N20,Routine Flare
firms-2026-09-09-1906-40997,3.56676,-76.5193,331.65,3.44,50,2026-09-09T19:06:00Z,N20,Routine Flare
firms-2026-09-09-1904-40998,-7.82645,-78.46519,347.85,12.4,50,2026-09-09T19:04:00Z,N20,Routine Flare
firms-2026-09-09-1906-40999,3.57212,-76.51761,341.75,1.8,50,2026-09-09T19:06:00Z,N20,Routine Flare
firms-2026-09-09-1856-41000,-37.54658,-65.41323,367,13.37,50,2026-09-09T18:56:00Z,N20,Industrial Fire
firms-2026-09-09-1904-41001,-7.82261,-78.46493,336.74,6.67,50,2026-09-09T19:04:00Z,N20,Routine Flare
firms-2026-09-09-1906-41002,3.99099,-76.31818,356.25,11.97,50,2026-09-09T19:06:00Z,N20,Routine Flare
firms-2026-09-09-1856-41003,-37.27169,-64.3231,327.52,7.2,50,2026-09-09T18:56:00Z,N20,Routine Flare
firms-2026-09-09-1904-41004,-7.82029,-78.47388,331.38,3.94,50,2026-09-09T19:04:00Z,N20,Routine Flare
firms-2026-09-09-1856-41005,-38.28506,-68.84803,335.32,4.38,50,2026-09-09T18:56:00Z,N20,Routine Flare
firms-2026-09-09-1906-41006,3.99054,-76.3212,354.21,11.97,50,2026-09-09T19:06:00Z,N20,Routine Flare
firms-2026-09-09-1904-41007,-7.47133,-76.54848,332.47,1.8,50,2026-09-09T19:04:00Z,N20,Routine Flare
firms-2026-09-09-1856-41008,-37.38087,-64.87006,337.36,3.66,50,2026-09-09T18:56:00Z,N20,Routine Flare
firms-2026-09-09-1908-41009,3.98865,-76.3186,367,13.99,50,2026-09-09T19:08:00Z,N20,Industrial Fire
firms-2026-09-09-1904-41010,-7.45985,-76.5311,339.28,8.58,50,2026-09-09T19:04:00Z,N20,Routine Flare
firms-2026-09-09-1856-41011,-37.37622,-64.87179,354.17,14.2,50,2026-09-09T18:56:00Z,N20,Routine Flare
firms-2026-09-09-1908-41012,3.98822,-76.32162,352.57,18.88,50,2026-09-09T19:08:00Z,N20,Industrial Fire
firms-2026-09-09-1904-41013,-7.46881,-76.58537,330.56,3.06,50,2026-09-09T19:04:00Z,N20,Routine Flare
firms-2026-09-09-1856-41014,-39.02629,-72.97788,325.67,2.87,50,2026-09-09T18:56:00Z,N20,Routine Flare
firms-2026-09-09-1908-41015,4.37854,-75.91226,343.63,4.96,50,2026-09-09T19:08:00Z,N20,Routine Flare
firms-2026-09-09-1904-41016,-7.75691,-78.35414,345.18,18.01,50,2026-09-09T19:04:00Z,N20,Industrial Fire
firms-2026-09-09-1856-41017,-38.92389,-72.40192,333.67,3.02,50,2026-09-09T18:56:00Z,N20,Routine Flare
firms-2026-09-09-1908-41018,4.37791,-75.91309,336.28,4.55,50,2026-09-09T19:08:00Z,N20,Routine Flare
firms-2026-09-09-1904-41019,-7.75758,-78.35834,342.07,24.93,50,2026-09-09T19:04:00Z,N20,Industrial Fire
firms-2026-09-09-1856-41020,-37.37658,-64.87287,345.69,18.58,50,2026-09-09T18:56:00Z,N20,Industrial Fire
firms-2026-09-09-1908-41021,5.16707,-74.45827,355.35,19.08,50,2026-09-09T19:08:00Z,N20,Industrial Fire
firms-2026-09-09-1904-41022,-7.75327,-78.35524,338.72,18.01,50,2026-09-09T19:04:00Z,N20,Industrial Fire
firms-2026-09-09-1908-41023,5.16645,-74.46273,348.85,32.89,50,2026-09-09T19:08:00Z,N20,Industrial Fire
firms-2026-09-09-1904-41024,-7.75391,-78.35921,335.03,24.93,50,2026-09-09T19:04:00Z,N20,Industrial Fire
firms-2026-09-09-1856-41025,-38.15916,-68.69299,338.5,6.9,50,2026-09-09T18:56:00Z,N20,Routine Flare
firms-2026-09-09-1908-41026,5.17309,-74.45818,336.23,20.81,50,2026-09-09T19:08:00Z,N20,Industrial Fire
firms-2026-09-09-1904-41027,-7.39147,-76.35497,331.73,2.92,50,2026-09-09T19:04:00Z,N20,Routine Flare
firms-2026-09-09-1856-41028,-38.8542,-72.94115,325.9,2.42,50,2026-09-09T18:56:00Z,N20,Routine Flare
firms-2026-09-09-1908-41029,5.17246,-74.46266,354.72,33.5,50,2026-09-09T19:08:00Z,N20,Industrial Fire
firms-2026-09-09-1904-41030,-7.71005,-78.39407,342.31,8.89,50,2026-09-09T19:04:00Z,N20,Routine Flare
firms-2026-09-09-1856-41031,-37.325,-65.4166,333.98,5.38,50,2026-09-09T18:56:00Z,N20,Routine Flare
firms-2026-09-09-1908-41032,5.17199,-74.46601,354.42,33.5,50,2026-09-09T19:08:00Z,N20,Industrial Fire
firms-2026-09-09-1904-41033,-7.70625,-78.39413,341.03,8.89,50,2026-09-09T19:04:00Z,N20,Routine Flare
firms-2026-09-09-1856-41034,-37.32641,-65.42256,339.39,7.22,50,2026-09-09T18:56:00Z,N20,Routine Flare
firms-2026-09-09-1908-41035,5.38878,-74.73664,367,6.37,50,2026-09-09T19:08:00Z,N20,Industrial Fire
firms-2026-09-09-1904-41036,-7.70379,-78.40242,334.9,4.92,50,2026-09-09T19:04:00Z,N20,Routine Flare
firms-2026-09-09-1856-41037,-38.7045,-72.27273,331.7,3.29,50,2026-09-09T18:56:00Z,N20,Routine Flare
firms-2026-09-09-1908-41038,5.38819,-74.74081,330.65,6.37,50,2026-09-09T19:08:00Z,N20,Routine Flare
firms-2026-09-09-1904-41039,-7.6848,-78.35612,333.86,3.08,50,2026-09-09T19:04:00Z,N20,Routine Flare
firms-2026-09-09-1856-41040,-37.28942,-65.39145,345.52,19.33,50,2026-09-09T18:56:00Z,N20,Industrial Fire
firms-2026-09-09-1908-41041,5.387,-74.74911,346.4,11.44,50,2026-09-09T19:08:00Z,N20,Routine Flare
firms-2026-09-09-1904-41042,-7.26396,-76.11046,342.68,35.15,50,2026-09-09T19:04:00Z,N20,Industrial Fire
firms-2026-09-09-1856-41043,-37.28773,-65.40496,346.39,26.81,50,2026-09-09T18:56:00Z,N20,Industrial Fire
firms-2026-09-09-1908-41044,5.39516,-74.7334,350.9,15.31,50,2026-09-09T19:08:00Z,N20,Industrial Fire
firms-2026-09-09-1904-41045,-7.25962,-76.11107,340.37,35.15,50,2026-09-09T19:04:00Z,N20,Industrial Fire
firms-2026-09-09-1908-41046,5.39456,-74.73759,352.13,17.31,50,2026-09-09T19:08:00Z,N20,Industrial Fire
firms-2026-09-09-1904-41047,-7.26037,-76.11553,331.57,35.15,50,2026-09-09T19:04:00Z,N20,Industrial Fire
firms-2026-09-09-1856-41048,-36.65273,-62.9354,330.55,3.05,50,2026-09-09T18:56:00Z,N20,Routine Flare
firms-2026-09-09-1908-41049,5.39398,-74.74166,339.64,17.31,50,2026-09-09T19:08:00Z,N20,Industrial Fire
firms-2026-09-09-1904-41050,-7.34781,-76.69086,344.87,10.9,50,2026-09-09T19:04:00Z,N20,Routine Flare
firms-2026-09-09-1908-41051,5.39339,-74.74575,329.82,14.92,50,2026-09-09T19:08:00Z,N20,Routine Flare
firms-2026-09-09-1856-41052,-37.28621,-65.38932,339.18,10.04,50,2026-09-09T18:56:00Z,N20,Routine Flare
firms-2026-09-09-1904-41053,-7.29319,-76.41605,340.91,5.51,50,2026-09-09T19:04:00Z,N20,Routine Flare
firms-2026-09-09-1908-41054,5.3928,-74.7499,352.97,14.92,50,2026-09-09T19:08:00Z,N20,Routine Flare
firms-2026-09-09-1904-41055,-7.35614,-76.81713,329.81,2.51,50,2026-09-09T19:04:00Z,N20,Routine Flare
firms-2026-09-09-1856-41056,-37.28896,-65.40115,339.99,23.82,50,2026-09-09T18:56:00Z,N20,Industrial Fire
firms-2026-09-09-1908-41057,5.39977,-74.74252,367,17.31,50,2026-09-09T19:08:00Z,N20,Industrial Fire
firms-2026-09-09-1904-41058,-7.29962,-76.60802,330.34,3.03,50,2026-09-09T19:04:00Z,N20,Routine Flare
firms-2026-09-09-1856-41059,-37.29035,-65.40708,329.67,11.87,50,2026-09-09T18:56:00Z,N20,Routine Flare
firms-2026-09-09-1908-41060,5.3992,-74.7465,351.74,14.92,50,2026-09-09T19:08:00Z,N20,Routine Flare
firms-2026-09-09-1904-41061,-7.28758,-76.56236,337.11,5.09,50,2026-09-09T19:04:00Z,N20,Routine Flare
firms-2026-09-09-1856-41062,-38.66668,-72.93732,327.4,1.31,50,2026-09-09T18:56:00Z,N20,Routine Flare
firms-2026-09-09-1908-41063,5.39859,-74.75073,353.45,14.92,50,2026-09-09T19:08:00Z,N20,Routine Flare
firms-2026-09-09-1904-41064,-7.3026,-76.65092,344.78,6.62,50,2026-09-09T19:04:00Z,N20,Routine Flare
firms-2026-09-09-1856-41065,-36.83261,-64.26517,340.71,62.11,50,2026-09-09T18:56:00Z,N20,Industrial Fire
firms-2026-09-09-1908-41066,5.40558,-74.74326,367,41.41,50,2026-09-09T19:08:00Z,N20,Industrial Fire
firms-2026-09-09-1904-41067,-7.32974,-76.88614,341.48,4.93,50,2026-09-09T19:04:00Z,N20,Routine Flare
firms-2026-09-09-1856-41068,-36.83436,-64.27218,295.56,62.11,50,2026-09-09T18:56:00Z,N20,Industrial Fire
firms-2026-09-09-1908-41069,5.405,-74.74724,348.48,40.19,50,2026-09-09T19:08:00Z,N20,Industrial Fire
firms-2026-09-09-1904-41070,-7.22409,-76.31808,341.59,5.32,50,2026-09-09T19:04:00Z,N20,Routine Flare
firms-2026-09-09-1856-41071,-36.82778,-64.26707,342.38,62.11,50,2026-09-09T18:56:00Z,N20,Industrial Fire
firms-2026-09-09-1908-41072,5.40438,-74.75155,336.53,40.19,50,2026-09-09T19:08:00Z,N20,Industrial Fire
firms-2026-09-09-1904-41073,-7.32695,-76.88737,337.63,3.64,50,2026-09-09T19:04:00Z,N20,Routine Flare
firms-2026-09-09-1856-41074,-36.82953,-64.27408,335.66,62.11,50,2026-09-09T18:56:00Z,N20,Industrial Fire
firms-2026-09-09-1908-41075,5.38287,-74.73907,329.74,5.12,50,2026-09-09T19:08:00Z,N20,Routine Flare
firms-2026-09-09-1904-41076,-7.22541,-76.31792,341.12,6.45,50,2026-09-09T19:04:00Z,N20,Routine Flare
firms-2026-09-09-1856-41077,-36.82295,-64.269,340.32,14.61,50,2026-09-09T18:56:00Z,N20,Routine Flare
firms-2026-09-09-1908-41078,5.38923,-74.73577,349.67,5.12,50,2026-09-09T19:08:00Z,N20,Routine Flare
firms-2026-09-09-1904-41079,-7.23192,-76.41074,334.17,3.51,50,2026-09-09T19:04:00Z,N20,Routine Flare
firms-2026-09-09-1856-41080,-38.47086,-72.26734,328.34,1.84,50,2026-09-09T18:56:00Z,N20,Routine Flare
firms-2026-09-09-1908-41081,5.38867,-74.73994,335.8,5.12,50,2026-09-09T19:08:00Z,N20,Routine Flare
firms-2026-09-09-1904-41082,-7.2014,-76.35821,329.38,2.57,50,2026-09-09T19:04:00Z,N20,Routine Flare
firms-2026-09-09-1856-41083,-37.71698,-69.13216,334.21,4.45,50,2026-09-09T18:56:00Z,N20,Routine Flare
firms-2026-09-09-1908-41084,5.38754,-74.74828,336.23,14.61,50,2026-09-09T19:08:00Z,N20,Routine Flare
firms-2026-09-09-1904-41085,-7.20249,-76.39108,334.8,4.17,50,2026-09-09T19:04:00Z,N20,Routine Flare
firms-2026-09-09-1856-41086,-38.21982,-72.20167,343.75,4.93,50,2026-09-09T18:56:00Z,N20,Routine Flare
firms-2026-09-09-1908-41087,5.38698,-74.75239,336.61,9.72,50,2026-09-09T19:08:00Z,N20,Routine Flare
firms-2026-09-09-1904-41088,-7.30945,-77.03682,343.67,14.34,50,2026-09-09T19:04:00Z,N20,Routine Flare
firms-2026-09-09-1856-41089,-38.21644,-72.2026,340.48,4.83,50,2026-09-09T18:56:00Z,N20,Routine Flare
firms-2026-09-09-1908-41090,5.39501,-74.73675,353.01,17.89,50,2026-09-09T19:08:00Z,N20,Industrial Fire
firms-2026-09-09-1904-41091,-7.2955,-77.02821,331.76,4.45,50,2026-09-09T19:04:00Z,N20,Routine Flare
firms-2026-09-09-1856-41092,-36.8648,-65.63322,338.94,9.23,50,2026-09-09T18:56:00Z,N20,Routine Flare
firms-2026-09-09-1908-41093,5.39446,-74.74084,344.32,17.89,50,2026-09-09T19:08:00Z,N20,Industrial Fire
firms-2026-09-09-1904-41094,-7.16396,-76.26558,334.87,4.71,50,2026-09-09T19:04:00Z,N20,Routine Flare
firms-2026-09-09-1856-41095,-36.59362,-64.79791,328.09,2.44,50,2026-09-09T18:56:00Z,N20,Routine Flare
firms-2026-09-09-1908-41096,5.3939,-74.74492,331.37,23.56,50,2026-09-09T19:08:00Z,N20,Industrial Fire
firms-2026-09-09-1904-41097,-7.19826,-76.49598,332.54,3.59,50,2026-09-09T19:04:00Z,N20,Routine Flare
firms-2026-09-09-1856-41098,-36.58891,-64.79983,327.8,3.43,50,2026-09-09T18:56:00Z,N20,Routine Flare
firms-2026-09-09-1908-41099,5.39334,-74.74909,349.21,23.56,50,2026-09-09T19:08:00Z,N20,Industrial Fire
firms-2026-09-09-1904-41100,-7.27239,-76.96478,334.58,2.16,50,2026-09-09T19:04:00Z,N20,Routine Flare
firms-2026-09-09-1856-41101,-36.82387,-65.79214,332.47,5.47,50,2026-09-09T18:56:00Z,N20,Routine Flare
firms-2026-09-09-1908-41102,5.40024,-74.74175,350.43,17.89,50,2026-09-09T19:08:00Z,N20,Industrial Fire
firms-2026-09-09-1904-41103,-7.12721,-76.28276,336.99,6.77,50,2026-09-09T19:04:00Z,N20,Routine Flare
firms-2026-09-09-1856-41104,-36.81937,-65.79374,333.78,29.03,50,2026-09-09T18:56:00Z,N20,Industrial Fire
firms-2026-09-09-1908-41105,5.39971,-74.7457,351.46,23.56,50,2026-09-09T19:08:00Z,N20,Industrial Fire
firms-2026-09-09-1904-41106,-7.1829,-76.68559,329.68,2.08,50,2026-09-09T19:04:00Z,N20,Routine Flare
firms-2026-09-09-1856-41107,-36.69989,-65.31618,331.57,3.23,50,2026-09-09T18:56:00Z,N20,Routine Flare
firms-2026-09-09-1908-41108,5.39913,-74.74991,347.36,23.56,50,2026-09-09T19:08:00Z,N20,Industrial Fire
firms-2026-09-09-1904-41109,-7.08602,-76.18336,334.78,6.27,50,2026-09-09T19:04:00Z,N20,Routine Flare
firms-2026-09-09-1856-41110,-36.81351,-65.78962,351.92,29.03,50,2026-09-09T18:56:00Z,N20,Industrial Fire
firms-2026-09-09-1908-41111,5.40605,-74.74249,367,29.41,50,2026-09-09T19:08:00Z,N20,Industrial Fire
firms-2026-09-09-1904-41112,-7.09323,-76.28053,332.75,4.18,50,2026-09-09T19:04:00Z,N20,Routine Flare
firms-2026-09-09-1856-41113,-36.80902,-65.79123,340.89,6.96,50,2026-09-09T18:56:00Z,N20,Routine Flare
firms-2026-09-09-1908-41114,5.40551,-74.74645,350.12,31.95,50,2026-09-09T19:08:00Z,N20,Industrial Fire
firms-2026-09-09-1904-41115,-7.09176,-76.35127,329.81,4.77,50,2026-09-09T19:04:00Z,N20,Routine Flare
firms-2026-09-09-1856-41116,-36.59238,-64.8022,337.49,5.32,50,2026-09-09T18:56:00Z,N20,Routine Flare
firms-2026-09-09-1908-41117,5.40493,-74.75074,353.33,31.95,50,2026-09-09T19:08:00Z,N20,Industrial Fire
firms-2026-09-09-1856-41118,-36.82587,-65.79559,329.62,7.76,50,2026-09-09T18:56:00Z,N20,Routine Flare
firms-2026-09-09-1904-41119,-7.14405,-76.69268,342.18,6.68,50,2026-09-09T19:04:00Z,N20,Routine Flare
firms-2026-09-09-1908-41120,5.59639,-74.30418,340.53,17.54,50,2026-09-09T19:08:00Z,N20,Industrial Fire
firms-2026-09-09-1856-41121,-36.82005,-65.79145,334.7,8.9,50,2026-09-09T18:56:00Z,N20,Routine Flare
firms-2026-09-09-1904-41122,-7.04817,-76.19582,343.4,7.48,50,2026-09-09T19:04:00Z,N20,Routine Flare
firms-2026-09-09-1908-41123,5.60244,-74.30445,367,17.54,50,2026-09-09T19:08:00Z,N20,Industrial Fire
firms-2026-09-09-1856-41124,-36.81422,-65.78733,349.06,34.04,50,2026-09-09T18:56:00Z,N20,Industrial Fire
firms-2026-09-09-1904-41125,-7.1417,-76.85771,342.53,20.16,50,2026-09-09T19:04:00Z,N20,Industrial Fire
firms-2026-09-09-1908-41126,6.14457,-74.88521,346.42,5.48,50,2026-09-09T19:08:00Z,N20,Routine Flare
firms-2026-09-09-1856-41127,-36.6988,-65.31388,333.85,5.14,50,2026-09-09T18:56:00Z,N20,Routine Flare
firms-2026-09-09-1904-41128,-7.13756,-76.85835,343.13,24.22,50,2026-09-09T19:04:00Z,N20,Industrial Fire
firms-2026-09-09-1908-41129,6.61529,-74.82003,367,10.89,50,2026-09-09T19:08:00Z,N20,Industrial Fire
firms-2026-09-09-1856-41130,-36.81105,-65.7947,343.43,34.04,50,2026-09-09T18:56:00Z,N20,Industrial Fire
firms-2026-09-09-1904-41131,-7.00966,-76.63924,331.99,3.27,50,2026-09-09T19:04:00Z,N20,Routine Flare
firms-2026-09-09-1908-41132,6.76976,-74.77709,328.55,3.23,50,2026-09-09T19:08:00Z,N20,Routine Flare
firms-2026-09-09-1856-41133,-37.94527,-72.06203,343.18,18.09,50,2026-09-09T18:56:00Z,N20,Industrial Fire
firms-2026-09-09-1904-41134,-7.01346,-76.68786,336.63,5.71,50,2026-09-09T19:04:00Z,N20,Routine Flare
firms-2026-09-09-1908-41135,6.83332,-74.73844,341.58,5.19,50,2026-09-09T19:08:00Z,N20,Routine Flare
firms-2026-09-09-1856-41136,-36.43331,-65.07281,342.05,18.03,50,2026-09-09T18:56:00Z,N20,Industrial Fire
firms-2026-09-09-1908-41137,6.95284,-74.172,367,33.1,50,2026-09-09T19:08:00Z,N20,Industrial Fire
firms-2026-09-09-1904-41138,-6.93026,-76.21782,337.55,5.95,50,2026-09-09T19:04:00Z,N20,Routine Flare
firms-2026-09-09-1856-41139,-37.92893,-72.31646,332.19,2.9,50,2026-09-09T18:56:00Z,N20,Routine Flare
firms-2026-09-09-1908-41140,6.95285,-74.17195,367,35.69,50,2026-09-09T19:08:00Z,N20,Industrial Fire
firms-2026-09-09-1904-41141,-6.89784,-76.23598,337.28,3.87,50,2026-09-09T19:04:00Z,N20,Routine Flare
firms-2026-09-09-1856-41142,-37.92973,-72.3211,344.94,7.38,50,2026-09-09T18:56:00Z,N20,Routine Flare
firms-2026-09-09-1904-41143,-6.97661,-76.69847,329.93,3.24,50,2026-09-09T19:04:00Z,N20,Routine Flare
firms-2026-09-09-1908-41144,7.01879,-74.3789,346.31,9.93,50,2026-09-09T19:08:00Z,N20,Routine Flare
firms-2026-09-09-1856-41145,-36.48589,-65.37215,354.14,15.79,50,2026-09-09T18:56:00Z,N20,Industrial Fire
firms-2026-09-09-1904-41146,-6.89574,-76.23542,333.08,4.38,50,2026-09-09T19:04:00Z,N20,Routine Flare
firms-2026-09-09-1908-41147,7.0249,-74.37944,355.15,9.93,50,2026-09-09T19:08:00Z,N20,Routine Flare
firms-2026-09-09-1856-41148,-36.48737,-65.37828,332.13,15.79,50,2026-09-09T18:56:00Z,N20,Industrial Fire
firms-2026-09-09-1904-41149,-6.93131,-76.71741,333.25,2.37,50,2026-09-09T19:04:00Z,N20,Routine Flare
firms-2026-09-09-1908-41150,7.02143,-74.45034,329.02,3.48,50,2026-09-09T19:08:00Z,N20,Routine Flare
firms-2026-09-09-1856-41151,-36.48885,-65.38438,327.75,3.35,50,2026-09-09T18:56:00Z,N20,Routine Flare
firms-2026-09-09-1908-41152,7.03042,-74.60786,329.09,129.1,50,2026-09-09T19:08:00Z,N20,Industrial Fire
firms-2026-09-09-1904-41153,-6.80758,-76.43889,341.46,9.22,50,2026-09-09T19:04:00Z,N20,Routine Flare
firms-2026-09-09-1856-41154,-36.49074,-65.37273,334.19,20.17,50,2026-09-09T18:56:00Z,N20,Industrial Fire
firms-2026-09-09-1908-41155,7.0255,-74.3836,330.25,6.79,50,2026-09-09T19:08:00Z,N20,Routine Flare
firms-2026-09-09-1904-41156,-6.80334,-76.43977,339.06,16.97,50,2026-09-09T19:04:00Z,N20,Industrial Fire
firms-2026-09-09-1856-41157,-36.48611,-65.3744,346.45,21.63,50,2026-09-09T18:56:00Z,N20,Industrial Fire
firms-2026-09-09-1908-41158,7.02311,-74.4501,329.04,3.62,50,2026-09-09T19:08:00Z,N20,Routine Flare
firms-2026-09-09-1904-41159,-6.77925,-76.47932,337.32,2.95,50,2026-09-09T19:04:00Z,N20,Routine Flare
firms-2026-09-09-1856-41160,-36.48756,-65.38053,330.29,6.99,50,2026-09-09T18:56:00Z,N20,Routine Flare
firms-2026-09-09-1908-41161,7.02854,-74.59676,331.94,50.54,50,2026-09-09T19:08:00Z,N20,Industrial Fire
firms-2026-09-09-1904-41162,-6.55112,-75.23113,354.83,11.43,50,2026-09-09T19:04:00Z,N20,Routine Flare
firms-2026-09-09-1856-41163,-37.94092,-73.46891,325.11,1.45,50,2026-09-09T18:56:00Z,N20,Routine Flare
firms-2026-09-09-1908-41164,7.0278,-74.60242,346.76,73.64,50,2026-09-09T19:08:00Z,N20,Industrial Fire
firms-2026-09-09-1904-41165,-6.59445,-75.51375,351.57,9.19,50,2026-09-09T19:04:00Z,N20,Routine Flare
firms-2026-09-09-1856-41166,-37.47885,-72.54917,330.1,2.83,50,2026-09-09T18:56:00Z,N20,Routine Flare
firms-2026-09-09-1908-41167,7.02716,-74.60733,337.62,73.64,50,2026-09-09T19:08:00Z,N20,Industrial Fire
firms-2026-09-09-1904-41168,-6.70214,-76.41188,339.65,6.26,50,2026-09-09T19:04:00Z,N20,Routine Flare
firms-2026-09-09-1856-41169,-35.73998,-64.49873,325.16,2.67,50,2026-09-09T18:56:00Z,N20,Routine Flare
firms-2026-09-09-1908-41170,7.03382,-74.603,339.37,8.13,50,2026-09-09T19:08:00Z,N20,Routine Flare
firms-2026-09-09-1904-41171,-6.70282,-76.41585,339.41,6.26,50,2026-09-09T19:04:00Z,N20,Routine Flare
firms-2026-09-09-1856-41172,-35.73328,-64.49349,326.22,2.69,50,2026-09-09T18:56:00Z,N20,Routine Flare
firms-2026-09-09-1908-41173,7.64246,-74.05348,332.37,3.07,50,2026-09-09T19:08:00Z,N20,Routine Flare
firms-2026-09-09-1904-41174,-6.69796,-76.41312,335.91,6.26,50,2026-09-09T19:04:00Z,N20,Routine Flare
firms-2026-09-09-1856-41175,-35.73505,-64.50053,336.81,6,50,2026-09-09T18:56:00Z,N20,Routine Flare
firms-2026-09-09-1908-41176,7.85002,-73.765,333.33,5.26,50,2026-09-09T19:08:00Z,N20,Routine Flare
firms-2026-09-09-1904-41177,-6.70355,-76.41192,338.09,5.04,50,2026-09-09T19:04:00Z,N20,Routine Flare
firms-2026-09-09-1856-41178,-35.731,-64.50582,367,12.01,50,2026-09-09T18:56:00Z,N20,Industrial Fire
firms-2026-09-09-1908-41179,7.85268,-73.76194,335.45,2.73,50,2026-09-09T19:08:00Z,N20,Routine Flare
firms-2026-09-09-1904-41180,-6.7042,-76.41595,338.89,5.04,50,2026-09-09T19:04:00Z,N20,Routine Flare
firms-2026-09-09-1856-41181,-35.73012,-64.50233,346.1,6,50,2026-09-09T18:56:00Z,N20,Routine Flare
firms-2026-09-09-1908-41182,7.74319,-74.87257,342.48,6.94,50,2026-09-09T19:08:00Z,N20,Routine Flare
firms-2026-09-09-1904-41183,-6.69934,-76.41311,341.72,5.11,50,2026-09-09T19:04:00Z,N20,Routine Flare
firms-2026-09-09-1856-41184,-35.73188,-64.50932,355.14,12.01,50,2026-09-09T18:56:00Z,N20,Routine Flare
firms-2026-09-09-1908-41185,7.74263,-74.87691,332.69,12.22,50,2026-09-09T19:08:00Z,N20,Routine Flare
firms-2026-09-09-1904-41186,-6.69999,-76.41708,329.83,5.11,50,2026-09-09T19:04:00Z,N20,Routine Flare
firms-2026-09-09-1856-41187,-35.73256,-64.50559,367,11.71,50,2026-09-09T18:56:00Z,N20,Industrial Fire
firms-2026-09-09-1908-41188,7.74914,-74.87327,335.94,6.94,50,2026-09-09T19:08:00Z,N20,Routine Flare
firms-2026-09-09-1904-41189,-6.51489,-75.73821,333.18,8.46,50,2026-09-09T19:04:00Z,N20,Routine Flare
firms-2026-09-09-1856-41190,-35.7317,-64.50209,353.75,10.22,50,2026-09-09T18:56:00Z,N20,Routine Flare
firms-2026-09-09-1908-41191,8.11854,-72.28805,346.96,9.11,50,2026-09-09T19:08:00Z,N20,Routine Flare
firms-2026-09-09-1904-41192,-6.44025,-75.32812,340.81,7.32,50,2026-09-09T19:04:00Z,N20,Routine Flare
firms-2026-09-09-1856-41193,-35.73341,-64.50909,354.6,11.71,50,2026-09-09T18:56:00Z,N20,Routine Flare
firms-2026-09-09-1908-41194,7.95965,-73.75176,333.45,3.51,50,2026-09-09T19:08:00Z,N20,Routine Flare
firms-2026-09-09-1904-41195,-6.44108,-75.33294,329.87,7.32,50,2026-09-09T19:04:00Z,N20,Routine Flare
firms-2026-09-09-1856-41196,-37.37015,-72.6566,327.02,2.34,50,2026-09-09T18:56:00Z,N20,Routine Flare
firms-2026-09-09-1908-41197,8.00378,-73.7625,338.21,3.92,50,2026-09-09T19:08:00Z,N20,Routine Flare
firms-2026-09-09-1904-41198,-6.57762,-76.49132,334.3,4.04,50,2026-09-09T19:04:00Z,N20,Routine Flare
firms-2026-09-09-1856-41199,-37.15825,-72.32703,338.84,6.96,50,2026-09-09T18:56:00Z,N20,Routine Flare
firms-2026-09-09-1908-41200,8.0543,-73.7739,331.65,7.53,50,2026-09-09T19:08:00Z,N20,Routine Flare
firms-2026-09-09-1904-41201,-6.5696,-76.65304,339.83,2.9,50,2026-09-09T19:04:00Z,N20,Routine Flare
firms-2026-09-09-1856-41202,-36.94791,-71.79871,339.71,6.43,50,2026-09-09T18:56:00Z,N20,Routine Flare
firms-2026-09-09-1908-41203,8.23742,-72.45895,339.44,10.11,50,2026-09-09T19:08:00Z,N20,Routine Flare
firms-2026-09-09-1904-41204,-6.76339,-79.04773,335.53,3.57,50,2026-09-09T19:04:00Z,N20,Routine Flare
firms-2026-09-09-1856-41205,-36.95038,-71.79713,327.16,7.61,50,2026-09-09T18:56:00Z,N20,Routine Flare
firms-2026-09-09-1908-41206,8.05643,-73.77328,331.71,9.12,50,2026-09-09T19:08:00Z,N20,Routine Flare
firms-2026-09-09-1904-41207,-6.7765,-79.12988,341.86,4.94,50,2026-09-09T19:04:00Z,N20,Routine Flare
firms-2026-09-09-1856-41208,-36.94693,-71.79807,330.33,7.61,50,2026-09-09T18:56:00Z,N20,Routine Flare
firms-2026-09-09-1908-41209,8.23761,-72.45615,340.24,5.87,50,2026-09-09T19:08:00Z,N20,Routine Flare
firms-2026-09-09-1904-41210,-6.71164,-78.91164,347.65,14.36,50,2026-09-09T19:04:00Z,N20,Routine Flare
firms-2026-09-09-1856-41211,-36.30883,-72.43208,332.38,3.95,50,2026-09-09T18:56:00Z,N20,Routine Flare
firms-2026-09-09-1908-41212,8.09903,-73.84747,367,21.58,50,2026-09-09T19:08:00Z,N20,Industrial Fire
firms-2026-09-09-1904-41213,-6.70795,-78.91204,346.67,54.76,50,2026-09-09T19:04:00Z,N20,Industrial Fire
firms-2026-09-09-1856-41214,-36.30624,-72.43765,355.17,11.31,50,2026-09-09T18:56:00Z,N20,Routine Flare
firms-2026-09-09-1908-41215,7.98014,-75.23553,329.82,7.3,50,2026-09-09T19:08:00Z,N20,Routine Flare
firms-2026-09-09-1904-41216,-6.17473,-76.29022,340.21,15.53,50,2026-09-09T19:04:00Z,N20,Industrial Fire
firms-2026-09-09-1856-41217,-36.30283,-72.43855,342.04,11.31,50,2026-09-09T18:56:00Z,N20,Routine Flare
firms-2026-09-09-1908-41218,7.9799,-75.2356,334.05,3.94,50,2026-09-09T19:08:00Z,N20,Routine Flare
firms-2026-09-09-1904-41219,-6.1224,-76.3038,331.07,2.47,50,2026-09-09T19:04:00Z,N20,Routine Flare
firms-2026-09-09-1856-41220,-36.30365,-72.44322,326.8,11.31,50,2026-09-09T18:56:00Z,N20,Routine Flare
firms-2026-09-09-1908-41221,7.98574,-75.23626,329.61,3.94,50,2026-09-09T19:08:00Z,N20,Routine Flare
firms-2026-09-09-1904-41222,-6.07574,-76.2114,355.33,27.7,50,2026-09-09T19:04:00Z,N20,Industrial Fire
firms-2026-09-09-1856-41223,-36.29943,-72.43951,327.6,3.86,50,2026-09-09T18:56:00Z,N20,Routine Flare
firms-2026-09-09-1908-41224,8.21802,-75.67461,330.83,3.24,50,2026-09-09T19:08:00Z,N20,Routine Flare
firms-2026-09-09-1904-41225,-6.08183,-76.3018,329.65,2.3,50,2026-09-09T19:04:00Z,N20,Routine Flare
firms-2026-09-09-1856-41226,-35.00171,-67.5664,340.09,3.93,50,2026-09-09T18:56:00Z,N20,Routine Flare
firms-2026-09-09-1908-41227,8.80624,-72.51215,336.99,8.37,50,2026-09-09T19:08:00Z,N20,Routine Flare
firms-2026-09-09-1904-41228,-6.02325,-75.97889,331.18,2.62,50,2026-09-09T19:04:00Z,N20,Routine Flare
firms-2026-09-09-1856-41229,-35.00213,-67.56958,340.32,3.91,50,2026-09-09T18:56:00Z,N20,Routine Flare
firms-2026-09-09-1908-41230,8.68162,-73.83768,333.15,8.74,50,2026-09-09T19:08:00Z,N20,Routine Flare
firms-2026-09-09-1904-41231,-5.88753,-75.87112,332.82,4.41,50,2026-09-09T19:04:00Z,N20,Routine Flare
firms-2026-09-09-1856-41232,-34.93061,-67.61947,341.65,7.36,50,2026-09-09T18:56:00Z,N20,Routine Flare
firms-2026-09-09-1908-41233,8.6938,-73.84447,341.52,7.45,50,2026-09-09T19:08:00Z,N20,Routine Flare
firms-2026-09-09-1904-41234,-6.26936,-78.97998,334.63,3.12,50,2026-09-09T19:04:00Z,N20,Routine Flare
firms-2026-09-09-1856-41235,-35.13564,-71.38174,339.21,16.83,50,2026-09-09T18:56:00Z,N20,Industrial Fire
firms-2026-09-09-1908-41236,8.6952,-73.84655,338.72,5.77,50,2026-09-09T19:08:00Z,N20,Routine Flare
firms-2026-09-09-1904-41237,-5.3693,-73.81785,342.47,6.65,50,2026-09-09T19:04:00Z,N20,Routine Flare
firms-2026-09-09-1856-41238,-33.9046,-66.23927,344.06,7.38,50,2026-09-09T18:56:00Z,N20,Routine Flare
firms-2026-09-09-1908-41239,8.81638,-73.61109,367,18.32,50,2026-09-09T19:08:00Z,N20,Industrial Fire
firms-2026-09-09-1904-41240,-5.42598,-74.48855,349.03,13.18,50,2026-09-09T19:04:00Z,N20,Routine Flare
firms-2026-09-09-1856-41241,-33.89991,-66.24091,356.06,17.89,50,2026-09-09T18:56:00Z,N20,Industrial Fire
firms-2026-09-09-1908-41242,8.78924,-74.02735,332.73,4.06,50,2026-09-09T19:08:00Z,N20,Routine Flare
firms-2026-09-09-1904-41243,-5.24229,-74.34408,328.4,2.83,50,2026-09-09T19:04:00Z,N20,Routine Flare
firms-2026-09-09-1856-41244,-33.89379,-66.23643,340.42,17.89,50,2026-09-09T18:56:00Z,N20,Industrial Fire
firms-2026-09-09-1908-41245,8.81631,-73.60879,346.76,14.27,50,2026-09-09T19:08:00Z,N20,Routine Flare
firms-2026-09-09-1904-41246,-5.84047,-78.25301,351.27,27.5,50,2026-09-09T19:04:00Z,N20,Industrial Fire
firms-2026-09-09-1856-41247,-33.89522,-66.24254,354.01,17.89,50,2026-09-09T18:56:00Z,N20,Industrial Fire
firms-2026-09-09-1908-41248,8.81566,-73.61423,346.84,13.04,50,2026-09-09T19:08:00Z,N20,Routine Flare
firms-2026-09-09-1904-41249,-5.81579,-78.271,335.39,3.77,50,2026-09-09T19:04:00Z,N20,Routine Flare
firms-2026-09-09-1856-41250,-33.8891,-66.23805,343.87,97.43,50,2026-09-09T18:56:00Z,N20,Industrial Fire
firms-2026-09-09-1908-41251,8.84415,-73.96983,332.45,2.07,50,2026-09-09T19:08:00Z,N20,Routine Flare
firms-2026-09-09-1904-41252,-5.71142,-78.4581,335.51,3.49,50,2026-09-09T19:04:00Z,N20,Routine Flare
firms-2026-09-09-1856-41253,-33.89052,-66.24416,312.67,97.43,50,2026-09-09T18:56:00Z,N20,Industrial Fire
firms-2026-09-09-1908-41254,8.8416,-74.24401,339.49,11.08,50,2026-09-09T19:08:00Z,N20,Routine Flare
firms-2026-09-09-1904-41255,-4.79098,-73.71156,334.12,3.79,50,2026-09-09T19:04:00Z,N20,Routine Flare
firms-2026-09-09-1856-41256,-32.0508,-61.36361,331.28,5.25,50,2026-09-09T18:56:00Z,N20,Routine Flare
firms-2026-09-09-1908-41257,8.84032,-74.25397,331.13,8.32,50,2026-09-09T19:08:00Z,N20,Routine Flare
firms-2026-09-09-1904-41258,-4.0632,-69.58645,336.67,6.16,50,2026-09-09T19:04:00Z,N20,Routine Flare
firms-2026-09-09-1856-41259,-32.05254,-61.36977,329.65,7.06,50,2026-09-09T18:56:00Z,N20,Routine Flare
firms-2026-09-09-1908-41260,8.88789,-73.93182,334.13,5.9,50,2026-09-09T19:08:00Z,N20,Routine Flare
firms-2026-09-09-1904-41261,-5.46766,-79.47557,335.48,6.88,50,2026-09-09T19:04:00Z,N20,Routine Flare
firms-2026-09-09-1856-41262,-34.4213,-71.70502,331.24,4.32,50,2026-09-09T18:56:00Z,N20,Routine Flare
firms-2026-09-09-1908-41263,8.92676,-73.88268,342.1,6.12,50,2026-09-09T19:08:00Z,N20,Routine Flare
firms-2026-09-09-1904-41264,-5.28467,-78.79486,331.89,2.14,50,2026-09-09T19:04:00Z,N20,Routine Flare
firms-2026-09-09-1856-41265,-34.40569,-71.64173,329.11,3.18,50,2026-09-09T18:56:00Z,N20,Routine Flare
firms-2026-09-09-1908-41266,8.84478,-74.25169,342.23,7.01,50,2026-09-09T19:08:00Z,N20,Routine Flare
firms-2026-09-09-1904-41267,-4.95225,-79.76777,336.69,3.38,50,2026-09-09T19:04:00Z,N20,Routine Flare
firms-2026-09-09-1856-41268,-34.3559,-71.41838,341.14,4.66,50,2026-09-09T18:56:00Z,N20,Routine Flare
firms-2026-09-09-1904-41269,-4.82838,-79.58987,341.74,58.67,50,2026-09-09T19:04:00Z,N20,Industrial Fire
firms-2026-09-09-1856-41270,-34.35665,-71.42063,335.97,3.53,50,2026-09-09T18:56:00Z,N20,Routine Flare
firms-2026-09-09-1908-41271,8.92876,-73.87951,336.48,5.23,50,2026-09-09T19:08:00Z,N20,Routine Flare
firms-2026-09-09-1904-41272,-4.82693,-79.58922,337.74,71.66,50,2026-09-09T19:04:00Z,N20,Industrial Fire
firms-2026-09-09-1856-41273,-34.29349,-71.34709,328.97,0.98,50,2026-09-09T18:56:00Z,N20,Routine Flare
firms-2026-09-09-1908-41274,8.88623,-74.27697,331.41,3.46,50,2026-09-09T19:08:00Z,N20,Routine Flare
firms-2026-09-09-1904-41275,-4.16579,-79.21628,347.65,26.88,50,2026-09-09T19:04:00Z,N20,Industrial Fire
firms-2026-09-09-1856-41276,-34.10588,-70.45498,334.87,9.3,50,2026-09-09T18:56:00Z,N20,Routine Flare
firms-2026-09-09-1908-41277,8.90251,-74.24844,330.05,5.26,50,2026-09-09T19:08:00Z,N20,Routine Flare
firms-2026-09-09-1856-41278,-31.69641,-61.17223,328.3,4.84,50,2026-09-09T18:56:00Z,N20,Routine Flare
firms-2026-09-09-1904-41279,-4.16656,-79.22112,337.19,49.39,50,2026-09-09T19:04:00Z,N20,Industrial Fire
firms-2026-09-09-1856-41280,-33.51861,-69.0261,339.4,2.99,50,2026-09-09T18:56:00Z,N20,Routine Flare
firms-2026-09-09-1908-41281,8.96955,-73.97013,367,24.48,50,2026-09-09T19:08:00Z,N20,Industrial Fire
firms-2026-09-09-1904-41282,-4.16212,-79.21712,349.57,26.88,50,2026-09-09T19:04:00Z,N20,Industrial Fire
firms-2026-09-09-1856-41283,-33.67627,-70.70609,326.99,2.65,50,2026-09-09T18:56:00Z,N20,Routine Flare
firms-2026-09-09-1908-41284,8.96652,-74.09628,331.25,5.55,50,2026-09-09T19:08:00Z,N20,Routine Flare
firms-2026-09-09-1904-41285,-4.06513,-80.34695,336.98,40.63,50,2026-09-09T19:04:00Z,N20,Industrial Fire
firms-2026-09-09-1856-41286,-33.678,-70.70814,326.19,2.65,50,2026-09-09T18:56:00Z,N20,Routine Flare
firms-2026-09-09-1908-41287,8.95585,-74.28012,331.6,2.04,50,2026-09-09T19:08:00Z,N20,Routine Flare
firms-2026-09-09-1904-41288,-4.06576,-80.35104,336.16,40.63,50,2026-09-09T19:04:00Z,N20,Industrial Fire
firms-2026-09-09-1856-41289,-33.21441,-68.45956,349.1,20.26,50,2026-09-09T18:56:00Z,N20,Industrial Fire
firms-2026-09-09-1908-41290,9.01362,-74.08089,339.14,4.37,50,2026-09-09T19:08:00Z,N20,Routine Flare
firms-2026-09-09-1904-41291,-3.85314,-79.55942,342.31,25.4,50,2026-09-09T19:04:00Z,N20,Industrial Fire
firms-2026-09-09-1856-41292,-33.21016,-68.46086,342.75,31.47,50,2026-09-09T18:56:00Z,N20,Industrial Fire
firms-2026-09-09-1908-41293,8.94444,-74.61078,331.27,3.53,50,2026-09-09T19:08:00Z,N20,Routine Flare
firms-2026-09-09-1904-41294,-3.85336,-79.55869,340.85,22.92,50,2026-09-09T19:04:00Z,N20,Industrial Fire
firms-2026-09-09-1856-41295,-33.21118,-68.46565,290.78,31.47,50,2026-09-09T18:56:00Z,N20,Industrial Fire
firms-2026-09-09-1908-41296,9.01607,-74.0821,339.89,4.31,50,2026-09-09T19:08:00Z,N20,Routine Flare
firms-2026-09-09-1906-41297,-2.19307,-78.81057,343.02,17.95,50,2026-09-09T19:06:00Z,N20,Industrial Fire
firms-2026-09-09-1856-41298,-33.13424,-68.19216,334.2,2.02,50,2026-09-09T18:56:00Z,N20,Routine Flare
firms-2026-09-09-1908-41299,9.08395,-73.58138,331.93,6.13,50,2026-09-09T19:08:00Z,N20,Routine Flare
firms-2026-09-09-1906-41300,-2.18906,-78.81048,354.23,24.78,50,2026-09-09T19:06:00Z,N20,Industrial Fire
firms-2026-09-09-1856-41301,-33.13305,-68.31363,346.5,19.9,50,2026-09-09T18:56:00Z,N20,Industrial Fire
firms-2026-09-09-1908-41302,9.12943,-73.48277,367,18.46,50,2026-09-09T19:08:00Z,N20,Industrial Fire
firms-2026-09-09-1906-41303,-1.89338,-78.8688,348.4,37.87,50,2026-09-09T19:06:00Z,N20,Industrial Fire
firms-2026-09-09-1856-41304,-32.88686,-68.40553,340.28,4.07,50,2026-09-09T18:56:00Z,N20,Routine Flare
firms-2026-09-09-1908-41305,9.13002,-73.47797,334.88,9.4,50,2026-09-09T19:08:00Z,N20,Routine Flare
firms-2026-09-09-1906-41306,-1.88942,-78.86913,354.2,37.87,50,2026-09-09T19:06:00Z,N20,Industrial Fire
firms-2026-09-09-1856-41307,-33.29688,-70.72749,332.79,3.99,50,2026-09-09T18:56:00Z,N20,Routine Flare
firms-2026-09-09-1908-41308,9.2621,-73.85382,343.84,6.04,50,2026-09-09T19:08:00Z,N20,Routine Flare
firms-2026-09-09-1906-41309,-1.88936,-78.87137,335.31,43.84,50,2026-09-09T19:06:00Z,N20,Industrial Fire
firms-2026-09-09-1856-41310,-30.67752,-60.32865,325.33,3.51,50,2026-09-09T18:56:00Z,N20,Routine Flare
firms-2026-09-09-1908-41311,9.33025,-73.72836,335.63,4.31,50,2026-09-09T19:08:00Z,N20,Routine Flare
firms-2026-09-09-1906-41312,-1.11775,-80.61457,338.28,4.84,50,2026-09-09T19:06:00Z,N20,Routine Flare
firms-2026-09-09-1856-41313,-32.69715,-68.5046,332.56,1.7,50,2026-09-09T18:56:00Z,N20,Routine Flare
firms-2026-09-09-1908-41314,9.32602,-74.35339,338.79,5.66,50,2026-09-09T19:08:00Z,N20,Routine Flare
firms-2026-09-09-1906-41315,-1.11838,-80.61864,337.36,4.84,50,2026-09-09T19:06:00Z,N20,Routine Flare
firms-2026-09-09-1856-41316,-31.47057,-64.04976,367,19.27,50,2026-09-09T18:56:00Z,N20,Industrial Fire
firms-2026-09-09-1908-41317,9.34576,-74.69537,342.05,6.37,50,2026-09-09T19:08:00Z,N20,Routine Flare
firms-2026-09-09-1906-41318,-1.11901,-80.62271,336.15,3.88,50,2026-09-09T19:06:00Z,N20,Routine Flare
firms-2026-09-09-1856-41319,-31.47173,-64.05426,352.83,22.75,50,2026-09-09T18:56:00Z,N20,Industrial Fire
firms-2026-09-09-1908-41320,9.3519,-74.69611,334.2,6.37,50,2026-09-09T19:08:00Z,N20,Routine Flare
firms-2026-09-09-1856-41321,-31.465,-64.05173,367,19.27,50,2026-09-09T18:56:00Z,N20,Industrial Fire
firms-2026-09-09-1908-41322,9.47888,-73.69962,331.48,1.61,50,2026-09-09T19:08:00Z,N20,Routine Flare
firms-2026-09-09-1906-41323,-0.37597,-76.63508,329.62,5.53,50,2026-09-09T19:06:00Z,N20,Routine Flare
firms-2026-09-09-1908-41324,9.67453,-72.57298,337.54,7.26,50,2026-09-09T19:08:00Z,N20,Routine Flare
firms-2026-09-09-1856-41325,-31.46615,-64.05621,355.65,22.75,50,2026-09-09T18:56:00Z,N20,Industrial Fire
firms-2026-09-09-1906-41326,-0.7645,-80.43707,336.07,6.26,50,2026-09-09T19:06:00Z,N20,Routine Flare
firms-2026-09-09-1908-41327,9.6046,-73.80839,333.58,8.62,50,2026-09-09T19:08:00Z,N20,Routine Flare
firms-2026-09-09-1906-41328,-0.76515,-80.44127,331,6.26,50,2026-09-09T19:06:00Z,N20,Routine Flare
firms-2026-09-09-1856-41329,-32.45149,-68.24169,341.17,7.19,50,2026-09-09T18:56:00Z,N20,Routine Flare
firms-2026-09-09-1908-41330,9.60326,-73.8194,338.45,12.48,50,2026-09-09T19:08:00Z,N20,Routine Flare
firms-2026-09-09-1906-41331,0.36881,-74.01341,327.32,5.53,50,2026-09-09T19:06:00Z,N20,Routine Flare
firms-2026-09-09-1856-41332,-30.53716,-60.95802,327.65,4.35,50,2026-09-09T18:56:00Z,N20,Routine Flare
firms-2026-09-09-1908-41333,9.60393,-73.8139,356.44,8.62,50,2026-09-09T19:08:00Z,N20,Routine Flare
firms-2026-09-09-1906-41334,0.37193,-74.0135,327.36,4.13,50,2026-09-09T19:06:00Z,N20,Routine Flare
firms-2026-09-09-1856-41335,-30.53919,-60.965,325.03,4.35,50,2026-09-09T18:56:00Z,N20,Routine Flare
firms-2026-09-09-1908-41336,9.61043,-73.81467,355.89,73.4,50,2026-09-09T19:08:00Z,N20,Industrial Fire
firms-2026-09-09-1856-41337,-30.53627,-60.95869,327.27,4.46,50,2026-09-09T18:56:00Z,N20,Routine Flare
firms-2026-09-09-1908-41338,9.60976,-73.82017,343.7,70.16,50,2026-09-09T19:08:00Z,N20,Industrial Fire
firms-2026-09-09-1908-41339,9.61111,-73.80916,356.57,73.4,50,2026-09-09T19:08:00Z,N20,Industrial Fire
firms-2026-09-09-1856-41340,-32.80361,-70.94978,330.59,9.92,50,2026-09-09T18:56:00Z,N20,Routine Flare
firms-2026-09-09-1908-41341,9.75736,-73.47321,333.46,6.52,50,2026-09-09T19:08:00Z,N20,Routine Flare
firms-2026-09-09-1856-41342,-32.1137,-68.2093,331.94,2.91,50,2026-09-09T18:56:00Z,N20,Routine Flare
firms-2026-09-09-1908-41343,9.82281,-73.15739,347.26,29.76,50,2026-09-09T19:08:00Z,N20,Industrial Fire
firms-2026-09-09-1908-41344,9.82219,-73.16249,354.54,52.71,50,2026-09-09T19:08:00Z,N20,Industrial Fire
firms-2026-09-09-1856-41345,-32.04664,-68.34158,333.24,15.44,50,2026-09-09T18:56:00Z,N20,Industrial Fire
firms-2026-09-09-1908-41346,9.82511,-73.15769,367,37.73,50,2026-09-09T19:08:00Z,N20,Industrial Fire
firms-2026-09-09-1856-41347,-32.04226,-68.3429,353.24,15.44,50,2026-09-09T18:56:00Z,N20,Industrial Fire
firms-2026-09-09-1908-41348,9.82445,-73.16343,349.83,37.73,50,2026-09-09T19:08:00Z,N20,Industrial Fire
firms-2026-09-09-1908-41349,9.75514,-74.0955,331.83,6.81,50,2026-09-09T19:08:00Z,N20,Routine Flare
firms-2026-09-09-1856-41350,-32.41378,-70.94636,330.32,7.98,50,2026-09-09T18:56:00Z,N20,Routine Flare
firms-2026-09-09-1908-41351,9.94922,-73.04164,354.72,28.08,50,2026-09-09T19:08:00Z,N20,Industrial Fire
firms-2026-09-09-1856-41352,-32.41486,-70.95181,326.29,7.98,50,2026-09-09T18:56:00Z,N20,Routine Flare
firms-2026-09-09-1908-41353,9.94971,-73.03762,356.48,28.08,50,2026-09-09T19:08:00Z,N20,Industrial Fire
firms-2026-09-09-1856-41354,-30.0775,-61.29194,332.58,5.88,50,2026-09-09T18:56:00Z,N20,Routine Flare
firms-2026-09-09-1908-41355,9.89573,-73.51694,334.56,4.47,50,2026-09-09T19:08:00Z,N20,Routine Flare
firms-2026-09-09-1856-41356,-31.7983,-68.38454,352.11,22.06,50,2026-09-09T18:56:00Z,N20,Industrial Fire
firms-2026-09-09-1908-41357,10.43141,-73.29798,334.83,4.13,50,2026-09-09T19:08:00Z,N20,Routine Flare
firms-2026-09-09-1856-41358,-31.79391,-68.38584,347.92,22.06,50,2026-09-09T18:56:00Z,N20,Industrial Fire
firms-2026-09-09-1908-41359,10.6168,-72.29972,367,20.31,50,2026-09-09T19:08:00Z,N20,Industrial Fire
firms-2026-09-09-1856-41360,-30.20966,-62.74748,338.45,5.15,50,2026-09-09T18:56:00Z,N20,Routine Flare
firms-2026-09-09-1856-41361,-30.22941,-62.82038,326.96,4.94,50,2026-09-09T18:56:00Z,N20,Routine Flare
firms-2026-09-09-1908-41362,10.62207,-72.44469,346.79,11.55,50,2026-09-09T19:08:00Z,N20,Routine Flare
firms-2026-09-09-1856-41363,-30.23091,-62.82597,336.44,5.13,50,2026-09-09T18:56:00Z,N20,Routine Flare
firms-2026-09-09-1908-41364,10.66711,-74.14248,343.46,10.15,50,2026-09-09T19:08:00Z,N20,Routine Flare
firms-2026-09-09-1856-41365,-29.94719,-61.84548,367,15.79,50,2026-09-09T18:56:00Z,N20,Industrial Fire
firms-2026-09-09-1856-41366,-29.94899,-61.85188,342.66,14.27,50,2026-09-09T18:56:00Z,N20,Routine Flare
firms-2026-09-09-1908-41367,10.66646,-74.14782,334.42,9.79,50,2026-09-09T19:08:00Z,N20,Routine Flare
firms-2026-09-09-1856-41368,-29.85791,-61.65543,331.32,8.79,50,2026-09-09T18:56:00Z,N20,Routine Flare
firms-2026-09-09-1908-41369,10.66748,-74.14594,346.49,12.55,50,2026-09-09T19:08:00Z,N20,Routine Flare
firms-2026-09-09-1856-41370,-29.85978,-61.66202,351.42,8.79,50,2026-09-09T18:56:00Z,N20,Routine Flare
firms-2026-09-09-1908-41371,10.97637,-72.72322,335.83,13.31,50,2026-09-09T19:08:00Z,N20,Routine Flare
firms-2026-09-09-1856-41372,-29.94324,-61.84733,327.12,4.21,50,2026-09-09T18:56:00Z,N20,Routine Flare
firms-2026-09-09-1908-41373,10.97442,-72.72335,334.98,8.38,50,2026-09-09T19:08:00Z,N20,Routine Flare
firms-2026-09-09-1856-41374,-29.945,-61.85375,327.66,4.21,50,2026-09-09T18:56:00Z,N20,Routine Flare
firms-2026-09-09-1908-41375,10.68995,-75.23702,331.75,4.99,50,2026-09-09T19:08:00Z,N20,Routine Flare
firms-2026-09-09-1856-41376,-29.85693,-61.66351,347.65,12.19,50,2026-09-09T18:56:00Z,N20,Routine Flare
firms-2026-09-09-1910-41377,10.86789,-84.92765,337.91,3.11,50,2026-09-09T19:10:00Z,N20,Routine Flare
firms-2026-09-09-1856-41378,-31.45057,-68.26422,337.56,6.32,50,2026-09-09T18:56:00Z,N20,Routine Flare
firms-2026-09-09-1910-41379,10.97453,-84.50701,335.54,14.87,50,2026-09-09T19:10:00Z,N20,Routine Flare
firms-2026-09-09-1910-41380,10.97398,-84.51075,335.39,25.44,50,2026-09-09T19:10:00Z,N20,Industrial Fire
firms-2026-09-09-1856-41381,-29.73148,-61.52452,367,15.12,50,2026-09-09T18:56:00Z,N20,Industrial Fire
firms-2026-09-09-1856-41382,-30.12962,-62.95959,333.38,3.44,50,2026-09-09T18:56:00Z,N20,Routine Flare
firms-2026-09-09-1910-41383,11.91273,-86.29375,333.24,1.99,50,2026-09-09T19:10:00Z,N20,Routine Flare
firms-2026-09-09-1856-41384,-29.73606,-61.5219,337.36,5.94,50,2026-09-09T18:56:00Z,N20,Routine Flare
firms-2026-09-09-1910-41385,11.95398,-86.08809,334.11,2.05,50,2026-09-09T19:10:00Z,N20,Routine Flare
firms-2026-09-09-1856-41386,-29.72949,-61.52427,346.17,7.04,50,2026-09-09T18:56:00Z,N20,Routine Flare
firms-2026-09-09-1910-41387,12.00612,-85.94447,347.47,9.55,50,2026-09-09T19:10:00Z,N20,Routine Flare
firms-2026-09-09-1856-41388,-30.00137,-62.99257,328.09,3.54,50,2026-09-09T18:56:00Z,N20,Routine Flare
firms-2026-09-09-1910-41389,12.00969,-85.94529,336.05,3.79,50,2026-09-09T19:10:00Z,N20,Routine Flare
firms-2026-09-09-1910-41390,12.01737,-85.93924,337.09,4.68,50,2026-09-09T19:10:00Z,N20,Routine Flare
firms-2026-09-09-1856-41391,-29.99654,-62.99015,341.24,4.88,50,2026-09-09T18:56:00Z,N20,Routine Flare
firms-2026-09-09-1856-41392,-29.49379,-61.6784,335.7,4.73,50,2026-09-09T18:56:00Z,N20,Routine Flare
firms-2026-09-09-1910-41393,11.98299,-86.16854,339.46,4.58,50,2026-09-09T19:10:00Z,N20,Routine Flare
firms-2026-09-09-1856-41394,-29.14723,-60.97749,326.92,9.84,50,2026-09-09T18:56:00Z,N20,Routine Flare
firms-2026-09-09-1910-41395,12.04875,-85.93325,344.01,2.35,50,2026-09-09T19:10:00Z,N20,Routine Flare
firms-2026-09-09-1910-41396,12.41917,-83.81359,334.33,3.38,50,2026-09-09T19:10:00Z,N20,Routine Flare
firms-2026-09-09-1856-41397,-29.10285,-60.90238,341.53,7.73,50,2026-09-09T18:56:00Z,N20,Routine Flare
firms-2026-09-09-1910-41398,12.12874,-85.82965,331.83,4.23,50,2026-09-09T19:10:00Z,N20,Routine Flare
firms-2026-09-09-1856-41399,-29.14797,-60.97079,334.86,7.16,50,2026-09-09T18:56:00Z,N20,Routine Flare
firms-2026-09-09-1856-41400,-29.15007,-60.97826,326.32,5.35,50,2026-09-09T18:56:00Z,N20,Routine Flare
firms-2026-09-09-1910-41401,12.16664,-85.82521,348.45,9.63,50,2026-09-09T19:10:00Z,N20,Routine Flare
firms-2026-09-09-1910-41402,12.16995,-85.82573,348.26,11.36,50,2026-09-09T19:10:00Z,N20,Routine Flare
firms-2026-09-09-1856-41403,-29.54222,-62.68235,347.03,10.06,50,2026-09-09T18:56:00Z,N20,Routine Flare
firms-2026-09-09-1910-41404,12.22409,-85.55339,334.06,3.62,50,2026-09-09T19:10:00Z,N20,Routine Flare
firms-2026-09-09-1856-41405,-29.53757,-62.69036,337.04,10.88,50,2026-09-09T18:56:00Z,N20,Routine Flare
firms-2026-09-09-1910-41406,12.1909,-85.91245,337.79,5.26,50,2026-09-09T19:10:00Z,N20,Routine Flare
firms-2026-09-09-1856-41407,-29.53132,-62.69251,367,10.88,50,2026-09-09T18:56:00Z,N20,Industrial Fire
firms-2026-09-09-1910-41408,12.13501,-86.48354,333.16,1.84,50,2026-09-09T19:10:00Z,N20,Routine Flare
firms-2026-09-09-1856-41409,-29.52506,-62.69466,353.23,20.85,50,2026-09-09T18:56:00Z,N20,Industrial Fire
firms-2026-09-09-1910-41410,12.2491,-86.44849,338.12,2.08,50,2026-09-09T19:10:00Z,N20,Routine Flare
firms-2026-09-09-1856-41411,-29.52666,-62.70052,351.83,26.3,50,2026-09-09T18:56:00Z,N20,Industrial Fire
firms-2026-09-09-1910-41412,12.69246,-84.38067,334.26,2.99,50,2026-09-09T19:10:00Z,N20,Routine Flare
firms-2026-09-09-1856-41413,-28.77525,-60.70424,330.77,10.08,50,2026-09-09T18:56:00Z,N20,Routine Flare
firms-2026-09-09-1910-41414,12.69593,-84.38116,333.62,2.99,50,2026-09-09T19:10:00Z,N20,Routine Flare
firms-2026-09-09-1858-41415,-28.58982,-61.26642,331.58,10.66,50,2026-09-09T18:58:00Z,N20,Routine Flare
firms-2026-09-09-1910-41416,12.37309,-86.6628,342.96,9.12,50,2026-09-09T19:10:00Z,N20,Routine Flare
firms-2026-09-09-1858-41417,-28.59192,-61.2738,353.24,10.31,50,2026-09-09T18:58:00Z,N20,Routine Flare
firms-2026-09-09-1910-41418,12.37256,-86.66631,334.89,5.15,50,2026-09-09T19:10:00Z,N20,Routine Flare
firms-2026-09-09-1858-41419,-28.59401,-61.28117,325.99,10.31,50,2026-09-09T18:58:00Z,N20,Routine Flare
firms-2026-09-09-1910-41420,12.44906,-86.25065,340.25,6.97,50,2026-09-09T19:10:00Z,N20,Routine Flare
firms-2026-09-09-1910-41421,12.39369,-86.88142,349.15,8.21,50,2026-09-09T19:10:00Z,N20,Routine Flare
firms-2026-09-09-1858-41422,-30.40669,-68.6964,345.07,19.26,50,2026-09-09T18:58:00Z,N20,Industrial Fire
firms-2026-09-09-1910-41423,12.61936,-86.17725,330.97,1.71,50,2026-09-09T19:10:00Z,N20,Routine Flare
firms-2026-09-09-1858-41424,-30.40224,-68.69765,350.44,19.26,50,2026-09-09T18:58:00Z,N20,Industrial Fire
firms-2026-09-09-1910-41425,12.61883,-86.1808,332.65,1.98,50,2026-09-09T19:10:00Z,N20,Routine Flare
firms-2026-09-09-1858-41426,-30.40545,-68.69594,342.42,46.97,50,2026-09-09T18:58:00Z,N20,Industrial Fire
firms-2026-09-09-1910-41427,12.48441,-87.1125,338.46,3.64,50,2026-09-09T19:10:00Z,N20,Routine Flare
firms-2026-09-09-1858-41428,-28.51925,-61.53746,327.76,5.88,50,2026-09-09T18:58:00Z,N20,Routine Flare
firms-2026-09-09-1910-41429,12.8064,-86.15338,334.58,3,50,2026-09-09T19:10:00Z,N20,Routine Flare
firms-2026-09-09-1858-41430,-28.4705,-61.52277,336.14,6.51,50,2026-09-09T18:58:00Z,N20,Routine Flare
firms-2026-09-09-1910-41431,13.29506,-84.52528,333.71,3.05,50,2026-09-09T19:10:00Z,N20,Routine Flare
firms-2026-09-09-1858-41432,-28.51994,-61.53712,326.18,4.02,50,2026-09-09T18:58:00Z,N20,Routine Flare
firms-2026-09-09-1910-41433,13.05471,-86.48962,334.61,3.06,50,2026-09-09T19:10:00Z,N20,Routine Flare
firms-2026-09-09-1858-41434,-28.4714,-61.52253,334.83,8.73,50,2026-09-09T18:58:00Z,N20,Routine Flare
firms-2026-09-09-1910-41435,13.12408,-86.4324,330.29,3.31,50,2026-09-09T19:10:00Z,N20,Routine Flare
firms-2026-09-09-1858-41436,-28.40478,-61.41822,343.01,10.27,50,2026-09-09T18:58:00Z,N20,Routine Flare
firms-2026-09-09-1910-41437,13.18928,-86.51859,347.92,8.36,50,2026-09-09T19:10:00Z,N20,Routine Flare
firms-2026-09-09-1858-41438,-28.55759,-62.04064,329.19,4.24,50,2026-09-09T18:58:00Z,N20,Routine Flare
firms-2026-09-09-1910-41439,13.52378,-84.29471,332.13,2.06,50,2026-09-09T19:10:00Z,N20,Routine Flare
firms-2026-09-09-1858-41440,-28.62576,-62.58487,348.44,11.93,50,2026-09-09T18:58:00Z,N20,Routine Flare
firms-2026-09-09-1910-41441,13.60031,-84.36765,344.48,5.72,50,2026-09-09T19:10:00Z,N20,Routine Flare
firms-2026-09-09-1858-41442,-28.62745,-62.59108,352.6,11.93,50,2026-09-09T18:58:00Z,N20,Routine Flare
firms-2026-09-09-1910-41443,13.62062,-85.28895,345.46,8.39,50,2026-09-09T19:10:00Z,N20,Routine Flare
firms-2026-09-09-1858-41444,-28.62677,-62.6655,351.45,9.26,50,2026-09-09T18:58:00Z,N20,Routine Flare
firms-2026-09-09-1910-41445,13.65332,-85.35868,344.92,8.64,50,2026-09-09T19:10:00Z,N20,Routine Flare
firms-2026-09-09-1858-41446,-28.41428,-61.92213,367,26.57,50,2026-09-09T18:58:00Z,N20,Industrial Fire
firms-2026-09-09-1910-41447,13.78225,-84.56129,333.64,3.6,50,2026-09-09T19:10:00Z,N20,Routine Flare
firms-2026-09-09-1858-41448,-29.23408,-65.05175,367,11.53,50,2026-09-09T18:58:00Z,N20,Industrial Fire
firms-2026-09-09-1910-41449,13.7102,-85.2533,332.37,2.25,50,2026-09-09T19:10:00Z,N20,Routine Flare
firms-2026-09-09-1858-41450,-29.23516,-65.05603,350.59,10.98,50,2026-09-09T18:58:00Z,N20,Routine Flare
firms-2026-09-09-1910-41451,13.56297,-86.33684,332.19,2.58,50,2026-09-09T19:10:00Z,N20,Routine Flare
firms-2026-09-09-1910-41452,13.57269,-86.29472,343.63,4.61,50,2026-09-09T19:10:00Z,N20,Routine Flare
firms-2026-09-09-1858-41453,-28.61716,-62.80827,339.7,6.15,50,2026-09-09T18:58:00Z,N20,Routine Flare
firms-2026-09-09-1910-41454,13.58934,-86.29791,337.62,3.41,50,2026-09-09T19:10:00Z,N20,Routine Flare
firms-2026-09-09-1858-41455,-29.23308,-65.05515,367,15.23,50,2026-09-09T18:58:00Z,N20,Industrial Fire
firms-2026-09-09-1910-41456,13.93605,-83.92803,341.98,6.37,50,2026-09-09T19:10:00Z,N20,Routine Flare
firms-2026-09-09-1858-41457,-28.6217,-62.66825,351.02,10.52,50,2026-09-09T18:58:00Z,N20,Routine Flare
firms-2026-09-09-1910-41458,13.97932,-84.11389,335.59,2.64,50,2026-09-09T19:10:00Z,N20,Routine Flare
firms-2026-09-09-1858-41459,-28.41329,-61.9227,367,26.4,50,2026-09-09T18:58:00Z,N20,Industrial Fire
firms-2026-09-09-1910-41460,13.48929,-87.44516,347.55,7.05,50,2026-09-09T19:10:00Z,N20,Routine Flare
firms-2026-09-09-1858-41461,-28.61776,-62.80937,342.68,4.9,50,2026-09-09T18:58:00Z,N20,Routine Flare
firms-2026-09-09-1910-41462,13.72547,-85.95361,333.58,3.32,50,2026-09-09T19:10:00Z,N20,Routine Flare
firms-2026-09-09-1858-41463,-28.27039,-62.09346,345.16,15.89,50,2026-09-09T18:58:00Z,N20,Industrial Fire
firms-2026-09-09-1910-41464,13.72492,-85.95728,333.01,3.95,50,2026-09-09T19:10:00Z,N20,Routine Flare
firms-2026-09-09-1858-41465,-28.06033,-61.39604,346.27,10.01,50,2026-09-09T18:58:00Z,N20,Routine Flare
firms-2026-09-09-1910-41466,13.62097,-86.69392,331.55,1.85,50,2026-09-09T19:10:00Z,N20,Routine Flare
firms-2026-09-09-1858-41467,-28.35142,-62.51715,367,77.86,50,2026-09-09T18:58:00Z,N20,Industrial Fire
firms-2026-09-09-1910-41468,13.77534,-85.82088,336.33,3.29,50,2026-09-09T19:10:00Z,N20,Routine Flare
firms-2026-09-09-1858-41469,-28.35316,-62.52349,337.13,77.86,50,2026-09-09T18:58:00Z,N20,Industrial Fire
firms-2026-09-09-1910-41470,14.10723,-83.6317,333.91,4.09,50,2026-09-09T19:10:00Z,N20,Routine Flare
firms-2026-09-09-1858-41471,-28.3549,-62.52984,332.77,30.15,50,2026-09-09T18:58:00Z,N20,Industrial Fire
firms-2026-09-09-1910-41472,13.67312,-86.95543,330.82,1.5,50,2026-09-09T19:10:00Z,N20,Routine Flare
firms-2026-09-09-1858-41473,-28.3467,-62.5257,346.5,11.74,50,2026-09-09T18:58:00Z,N20,Routine Flare
firms-2026-09-09-1910-41474,14.11937,-83.96778,334.34,2.99,50,2026-09-09T19:10:00Z,N20,Routine Flare
firms-2026-09-09-1910-41475,13.69626,-86.98072,338.96,2.66,50,2026-09-09T19:10:00Z,N20,Routine Flare
firms-2026-09-09-1858-41476,-28.34843,-62.53201,329.7,9.85,50,2026-09-09T18:58:00Z,N20,Routine Flare
firms-2026-09-09-1910-41477,13.86676,-86.00617,331.55,7.62,50,2026-09-09T19:10:00Z,N20,Routine Flare
firms-2026-09-09-1858-41478,-29.01928,-65.09908,339,4.38,50,2026-09-09T18:58:00Z,N20,Routine Flare
firms-2026-09-09-1910-41479,13.95238,-85.60984,332.52,5.61,50,2026-09-09T19:10:00Z,N20,Routine Flare
firms-2026-09-09-1858-41480,-29.0148,-65.10526,367,22.59,50,2026-09-09T18:58:00Z,N20,Industrial Fire
firms-2026-09-09-1910-41481,13.6364,-87.72459,348.39,6.28,50,2026-09-09T19:10:00Z,N20,Routine Flare
firms-2026-09-09-1858-41482,-29.01369,-65.10087,339.53,10.5,50,2026-09-09T18:58:00Z,N20,Routine Flare
firms-2026-09-09-1910-41483,13.63584,-87.72819,336.8,6.25,50,2026-09-09T19:10:00Z,N20,Routine Flare
firms-2026-09-09-1858-41484,-29.01591,-65.10965,351.46,22.59,50,2026-09-09T18:58:00Z,N20,Industrial Fire
firms-2026-09-09-1910-41485,13.85309,-86.32635,335.08,4.98,50,2026-09-09T19:10:00Z,N20,Routine Flare
firms-2026-09-09-1858-41486,-29.00921,-65.10704,367,22.59,50,2026-09-09T18:58:00Z,N20,Industrial Fire
firms-2026-09-09-1910-41487,14.14424,-84.65064,336.35,4.01,50,2026-09-09T19:10:00Z,N20,Routine Flare
firms-2026-09-09-1858-41488,-29.0081,-65.10266,342.32,10.5,50,2026-09-09T18:58:00Z,N20,Routine Flare
firms-2026-09-09-1910-41489,14.01469,-85.76207,333.96,3.61,50,2026-09-09T19:10:00Z,N20,Routine Flare
firms-2026-09-09-1858-41490,-29.01032,-65.11143,344.68,22.59,50,2026-09-09T18:58:00Z,N20,Industrial Fire
firms-2026-09-09-1910-41491,13.94207,-86.4129,336.45,13.88,50,2026-09-09T19:10:00Z,N20,Routine Flare
firms-2026-09-09-1910-41492,13.82037,-87.34789,342.9,5.64,50,2026-09-09T19:10:00Z,N20,Routine Flare
firms-2026-09-09-1858-41493,-29.00473,-65.11323,335.13,5.33,50,2026-09-09T18:58:00Z,N20,Routine Flare
firms-2026-09-09-1910-41494,13.82366,-87.34842,336.92,5.64,50,2026-09-09T19:10:00Z,N20,Routine Flare
firms-2026-09-09-1858-41495,-28.35322,-62.51378,332.41,37.42,50,2026-09-09T18:58:00Z,N20,Industrial Fire
firms-2026-09-09-1910-41496,13.96103,-86.46687,336.11,2.71,50,2026-09-09T19:10:00Z,N20,Routine Flare
firms-2026-09-09-1858-41497,-28.35493,-62.52014,354.21,37.42,50,2026-09-09T18:58:00Z,N20,Industrial Fire
firms-2026-09-09-1910-41498,13.85995,-87.15563,334.54,2.42,50,2026-09-09T19:10:00Z,N20,Routine Flare
firms-2026-09-09-1858-41499,-28.35664,-62.52653,350.33,42.06,50,2026-09-09T18:58:00Z,N20,Industrial Fire
firms-2026-09-09-1910-41500,14.39444,-83.71116,332.28,3.29,50,2026-09-09T19:10:00Z,N20,Routine Flare
firms-2026-09-09-1858-41501,-29.01796,-65.10028,345.14,8.2,50,2026-09-09T18:58:00Z,N20,Routine Flare
firms-2026-09-09-1910-41502,14.39479,-83.71025,333.34,4.49,50,2026-09-09T19:10:00Z,N20,Routine Flare
firms-2026-09-09-1858-41503,-28.34847,-62.52237,367,45.59,50,2026-09-09T18:58:00Z,N20,Industrial Fire
firms-2026-09-09-1910-41504,14.17053,-85.83522,332.21,3.39,50,2026-09-09T19:10:00Z,N20,Routine Flare
firms-2026-09-09-1858-41505,-28.35018,-62.52874,367,30.77,50,2026-09-09T18:58:00Z,N20,Industrial Fire
firms-2026-09-09-1910-41506,14.16999,-85.83886,335.5,3.39,50,2026-09-09T19:10:00Z,N20,Routine Flare
firms-2026-09-09-1858-41507,-29.01345,-65.10649,367,22.28,50,2026-09-09T18:58:00Z,N20,Industrial Fire
firms-2026-09-09-1910-41508,14.48297,-83.71843,338.79,5.3,50,2026-09-09T19:10:00Z,N20,Routine Flare
firms-2026-09-09-1858-41509,-29.01237,-65.10208,339.23,10.87,50,2026-09-09T18:58:00Z,N20,Routine Flare
firms-2026-09-09-1910-41510,14.44213,-84.05958,340.85,4.2,50,2026-09-09T19:10:00Z,N20,Routine Flare
firms-2026-09-09-1858-41511,-29.01454,-65.11091,355.21,22.28,50,2026-09-09T18:58:00Z,N20,Industrial Fire
firms-2026-09-09-1910-41512,14.21505,-85.8526,332.01,2.98,50,2026-09-09T19:10:00Z,N20,Routine Flare
firms-2026-09-09-1858-41513,-29.00787,-65.10831,367,22.28,50,2026-09-09T18:58:00Z,N20,Industrial Fire
firms-2026-09-09-1910-41514,14.21127,-85.87847,332.56,2.98,50,2026-09-09T19:10:00Z,N20,Routine Flare
firms-2026-09-09-1858-41515,-29.00678,-65.1039,339.14,10.87,50,2026-09-09T18:58:00Z,N20,Routine Flare
firms-2026-09-09-1910-41516,13.91712,-87.84354,346.19,5.68,50,2026-09-09T19:10:00Z,N20,Routine Flare
firms-2026-09-09-1910-41517,14.31263,-85.39576,333.73,3.35,50,2026-09-09T19:10:00Z,N20,Routine Flare
firms-2026-09-09-1858-41518,-29.00895,-65.11271,348.78,22.28,50,2026-09-09T18:58:00Z,N20,Industrial Fire
firms-2026-09-09-1910-41519,14.53709,-83.86718,340.97,6.21,50,2026-09-09T19:10:00Z,N20,Routine Flare
firms-2026-09-09-1858-41520,-29.38455,-66.86533,367,11.15,50,2026-09-09T18:58:00Z,N20,Industrial Fire
firms-2026-09-09-1910-41521,14.53529,-83.88016,334.84,5.7,50,2026-09-09T19:10:00Z,N20,Routine Flare
firms-2026-09-09-1858-41522,-28.29732,-62.82515,330.17,4.28,50,2026-09-09T18:58:00Z,N20,Routine Flare
firms-2026-09-09-1910-41523,14.54071,-83.86771,367,8.1,50,2026-09-09T19:10:00Z,N20,Industrial Fire
firms-2026-09-09-1858-41524,-28.22649,-62.6186,332.66,1.99,50,2026-09-09T18:58:00Z,N20,Routine Flare
firms-2026-09-09-1910-41525,14.54011,-83.87204,347.74,8.1,50,2026-09-09T19:10:00Z,N20,Routine Flare
firms-2026-09-09-1858-41526,-28.22823,-62.62489,331.08,5.03,50,2026-09-09T18:58:00Z,N20,Routine Flare
firms-2026-09-09-1910-41527,14.53951,-83.87636,345.48,6.15,50,2026-09-09T19:10:00Z,N20,Routine Flare
firms-2026-09-09-1858-41528,-28.22325,-62.62284,367,11.8,50,2026-09-09T18:58:00Z,N20,Industrial Fire
firms-2026-09-09-1910-41529,14.53891,-83.88068,335.51,6.15,50,2026-09-09T19:10:00Z,N20,Routine Flare
firms-2026-09-09-1858-41530,-28.09828,-62.4766,333.84,6.38,50,2026-09-09T18:58:00Z,N20,Routine Flare
firms-2026-09-09-1910-41531,14.54373,-83.87258,340.42,8.1,50,2026-09-09T19:10:00Z,N20,Routine Flare
firms-2026-09-09-1858-41532,-28.09175,-62.47875,338.7,6.38,50,2026-09-09T18:58:00Z,N20,Routine Flare
firms-2026-09-09-1910-41533,13.80633,-89.32743,333.9,4.4,50,2026-09-09T19:10:00Z,N20,Routine Flare
firms-2026-09-09-1858-41534,-28.09523,-62.4784,349.72,10.23,50,2026-09-09T18:58:00Z,N20,Routine Flare
firms-2026-09-09-1910-41535,14.23094,-86.70381,332.13,2.22,50,2026-09-09T19:10:00Z,N20,Routine Flare
firms-2026-09-09-1858-41536,-28.11722,-62.63852,350.42,8.27,50,2026-09-09T18:58:00Z,N20,Routine Flare
firms-2026-09-09-1910-41537,14.41315,-85.68561,330.52,2.61,50,2026-09-09T19:10:00Z,N20,Routine Flare
firms-2026-09-09-1910-41538,14.34946,-86.54861,330.57,2.51,50,2026-09-09T19:10:00Z,N20,Routine Flare
firms-2026-09-09-1858-41539,-27.97904,-62.23628,328.01,2.98,50,2026-09-09T18:58:00Z,N20,Routine Flare
firms-2026-09-09-1910-41540,14.69361,-84.24424,331.86,2.89,50,2026-09-09T19:10:00Z,N20,Routine Flare
firms-2026-09-09-1858-41541,-28.72963,-65.11874,367,13.78,50,2026-09-09T18:58:00Z,N20,Industrial Fire
firms-2026-09-09-1910-41542,14.22959,-87.42697,351.94,7.22,50,2026-09-09T19:10:00Z,N20,Routine Flare
firms-2026-09-09-1858-41543,-28.0659,-62.68321,337.77,4.75,50,2026-09-09T18:58:00Z,N20,Routine Flare
firms-2026-09-09-1910-41544,14.22797,-87.43751,352.72,18.82,50,2026-09-09T19:10:00Z,N20,Industrial Fire
firms-2026-09-09-1858-41545,-28.06116,-62.69165,349.63,15,50,2026-09-09T18:58:00Z,N20,Routine Flare
firms-2026-09-09-1910-41546,14.22742,-87.44102,352.25,17.09,50,2026-09-09T19:10:00Z,N20,Industrial Fire
firms-2026-09-09-1858-41547,-28.06288,-62.69794,344.19,15.08,50,2026-09-09T18:58:00Z,N20,Industrial Fire
firms-2026-09-09-1910-41548,14.22688,-87.44454,352.64,17.09,50,2026-09-09T19:10:00Z,N20,Industrial Fire
firms-2026-09-09-1858-41549,-28.06267,-62.68738,333.18,11.69,50,2026-09-09T18:58:00Z,N20,Routine Flare
firms-2026-09-09-1910-41550,14.22634,-87.44806,340.33,15.19,50,2026-09-09T19:10:00Z,N20,Industrial Fire
firms-2026-09-09-1858-41551,-28.0579,-62.69586,367,23.04,50,2026-09-09T18:58:00Z,N20,Industrial Fire
firms-2026-09-09-1910-41552,14.23396,-87.42049,341.13,8.06,50,2026-09-09T19:10:00Z,N20,Routine Flare
firms-2026-09-09-1858-41553,-29.38157,-68.23219,340.24,11.58,50,2026-09-09T18:58:00Z,N20,Routine Flare
firms-2026-09-09-1910-41554,14.23288,-87.42751,350.65,7.22,50,2026-09-09T19:10:00Z,N20,Routine Flare
firms-2026-09-09-1858-41555,-28.50491,-64.689,367,16.34,50,2026-09-09T18:58:00Z,N20,Industrial Fire
firms-2026-09-09-1910-41556,14.23234,-87.43102,349.26,7.22,50,2026-09-09T19:10:00Z,N20,Routine Flare
firms-2026-09-09-1858-41557,-28.50613,-64.69377,367,28.26,50,2026-09-09T18:58:00Z,N20,Industrial Fire
firms-2026-09-09-1910-41558,14.2318,-87.43453,354.47,18.82,50,2026-09-09T19:10:00Z,N20,Industrial Fire
firms-2026-09-09-1910-41559,14.23125,-87.43805,355.75,18.82,50,2026-09-09T19:10:00Z,N20,Industrial Fire
firms-2026-09-09-1858-41560,-28.50368,-64.68414,349.97,16.34,50,2026-09-09T18:58:00Z,N20,Industrial Fire
firms-2026-09-09-1910-41561,14.23071,-87.44157,351.09,17.09,50,2026-09-09T19:10:00Z,N20,Industrial Fire
firms-2026-09-09-1858-41562,-28.49909,-64.6907,367,16.34,50,2026-09-09T18:58:00Z,N20,Industrial Fire
firms-2026-09-09-1910-41563,14.23017,-87.44508,352.66,17.09,50,2026-09-09T19:10:00Z,N20,Industrial Fire
firms-2026-09-09-1858-41564,-28.50031,-64.69549,367,28.26,50,2026-09-09T18:58:00Z,N20,Industrial Fire
firms-2026-09-09-1910-41565,14.23454,-87.43858,336.98,4.14,50,2026-09-09T19:10:00Z,N20,Routine Flare
firms-2026-09-09-1858-41566,-28.30007,-65.11414,349.22,7.96,50,2026-09-09T18:58:00Z,N20,Routine Flare
firms-2026-09-09-1910-41567,14.234,-87.44209,342.74,3.73,50,2026-09-09T19:10:00Z,N20,Routine Flare
firms-2026-09-09-1858-41568,-28.3012,-65.11867,337.09,5.88,50,2026-09-09T18:58:00Z,N20,Routine Flare
firms-2026-09-09-1910-41569,14.23346,-87.44562,331.55,3.73,50,2026-09-09T19:10:00Z,N20,Routine Flare
firms-2026-09-09-1858-41570,-28.2944,-65.11597,367,16.5,50,2026-09-09T18:58:00Z,N20,Industrial Fire
firms-2026-09-09-1910-41571,14.23461,-87.48193,335.73,7.99,50,2026-09-09T19:10:00Z,N20,Routine Flare
firms-2026-09-09-1858-41572,-28.29554,-65.12054,367,15.34,50,2026-09-09T18:58:00Z,N20,Industrial Fire
firms-2026-09-09-1910-41573,14.20402,-87.74587,341.85,4.38,50,2026-09-09T19:10:00Z,N20,Routine Flare
firms-2026-09-09-1910-41574,14.20347,-87.74941,333.7,3.41,50,2026-09-09T19:10:00Z,N20,Routine Flare
firms-2026-09-09-1858-41575,-28.29326,-65.1114,347.41,16.5,50,2026-09-09T18:58:00Z,N20,Industrial Fire
firms-2026-09-09-1910-41576,14.22489,-87.69853,336.46,4.55,50,2026-09-09T19:10:00Z,N20,Routine Flare
firms-2026-09-09-1858-41577,-28.28988,-65.12237,343.36,15.34,50,2026-09-09T18:58:00Z,N20,Industrial Fire
firms-2026-09-09-1910-41578,14.32422,-87.117,333.37,3.49,50,2026-09-09T19:10:00Z,N20,Routine Flare
firms-2026-09-09-1858-41579,-28.28758,-65.1132,356.04,16.5,50,2026-09-09T18:58:00Z,N20,Industrial Fire
firms-2026-09-09-1910-41580,14.3275,-87.11753,350.26,3.49,50,2026-09-09T19:10:00Z,N20,Routine Flare
firms-2026-09-09-1858-41581,-28.28873,-65.1178,356.16,16.5,50,2026-09-09T18:58:00Z,N20,Industrial Fire
firms-2026-09-09-1910-41582,14.32696,-87.12106,335.08,3.49,50,2026-09-09T19:10:00Z,N20,Routine Flare
firms-2026-09-09-1858-41583,-28.28191,-65.11502,338.24,3.88,50,2026-09-09T18:58:00Z,N20,Routine Flare
firms-2026-09-09-1910-41584,14.43484,-86.5224,343.56,9.53,50,2026-09-09T19:10:00Z,N20,Routine Flare
firms-2026-09-09-1858-41585,-28.28306,-65.11962,341.2,3.88,50,2026-09-09T18:58:00Z,N20,Routine Flare
firms-2026-09-09-1910-41586,14.46498,-86.61473,342.5,4.42,50,2026-09-09T19:10:00Z,N20,Routine Flare
firms-2026-09-09-1858-41587,-27.9021,-63.81534,367,17.63,50,2026-09-09T18:58:00Z,N20,Industrial Fire
firms-2026-09-09-1910-41588,14.46509,-86.63651,337.14,5.34,50,2026-09-09T19:10:00Z,N20,Routine Flare
firms-2026-09-09-1858-41589,-27.90443,-63.81254,347.38,14.07,50,2026-09-09T18:58:00Z,N20,Routine Flare
firms-2026-09-09-1910-41590,14.4684,-86.63702,337.67,5.34,50,2026-09-09T19:10:00Z,N20,Routine Flare
firms-2026-09-09-1858-41591,-27.90584,-63.81802,337.35,13.3,50,2026-09-09T18:58:00Z,N20,Routine Flare
firms-2026-09-09-1910-41592,14.41694,-87.11079,346.68,9.75,50,2026-09-09T19:10:00Z,N20,Routine Flare
firms-2026-09-09-1910-41593,14.42023,-87.11131,345.95,6.05,50,2026-09-09T19:10:00Z,N20,Routine Flare
firms-2026-09-09-1858-41594,-27.53207,-62.50885,335.37,6.98,50,2026-09-09T18:58:00Z,N20,Routine Flare
firms-2026-09-09-1858-41595,-27.53386,-62.51545,333.79,7.55,50,2026-09-09T18:58:00Z,N20,Routine Flare
firms-2026-09-09-1910-41596,14.41969,-87.11484,353.28,6.05,50,2026-09-09T19:10:00Z,N20,Routine Flare
firms-2026-09-09-1858-41597,-27.52905,-62.52422,335.71,7.55,50,2026-09-09T18:58:00Z,N20,Routine Flare
firms-2026-09-09-1910-41598,14.42352,-87.11184,340.15,6.05,50,2026-09-09T19:10:00Z,N20,Routine Flare
firms-2026-09-09-1910-41599,14.42299,-87.11536,348.6,6.05,50,2026-09-09T19:10:00Z,N20,Routine Flare
firms-2026-09-09-1858-41600,-27.39826,-62.31099,367,44.82,50,2026-09-09T18:58:00Z,N20,Industrial Fire
firms-2026-09-09-1858-41601,-27.40015,-62.31783,348.03,44.82,50,2026-09-09T18:58:00Z,N20,Industrial Fire
firms-2026-09-09-1910-41602,14.42628,-87.11589,351.72,30.58,50,2026-09-09T19:10:00Z,N20,Industrial Fire
firms-2026-09-09-1910-41603,14.52016,-86.65628,341.84,4.84,50,2026-09-09T19:10:00Z,N20,Routine Flare
firms-2026-09-09-1858-41604,-27.40204,-62.32465,355.47,36.18,50,2026-09-09T18:58:00Z,N20,Industrial Fire
firms-2026-09-09-1910-41605,14.61319,-86.30499,336.28,98.28,50,2026-09-09T19:10:00Z,N20,Industrial Fire
firms-2026-09-09-1858-41606,-27.39537,-62.32685,335.92,9.81,50,2026-09-09T18:58:00Z,N20,Routine Flare
firms-2026-09-09-1910-41607,14.49851,-87.15664,340.03,5.25,50,2026-09-09T19:10:00Z,N20,Routine Flare
firms-2026-09-09-1858-41608,-27.39752,-62.31165,367,48.09,50,2026-09-09T18:58:00Z,N20,Industrial Fire
firms-2026-09-09-1910-41609,14.37236,-88.40697,330.33,2.83,50,2026-09-09T19:10:00Z,N20,Routine Flare
firms-2026-09-09-1858-41610,-27.39938,-62.31852,346.91,48.14,50,2026-09-09T18:58:00Z,N20,Industrial Fire
firms-2026-09-09-1910-41611,14.59579,-87.20901,350.6,4.49,50,2026-09-09T19:10:00Z,N20,Routine Flare
firms-2026-09-09-1858-41612,-27.40123,-62.32535,354.5,48.14,50,2026-09-09T18:58:00Z,N20,Industrial Fire
firms-2026-09-09-1910-41613,14.70023,-86.65263,339.54,7.85,50,2026-09-09T19:10:00Z,N20,Routine Flare
firms-2026-09-09-1858-41614,-27.44917,-62.71517,367,19.89,50,2026-09-09T18:58:00Z,N20,Industrial Fire
firms-2026-09-09-1910-41615,14.6997,-86.65618,347.57,10.39,50,2026-09-09T19:10:00Z,N20,Routine Flare
firms-2026-09-09-1858-41616,-27.44263,-62.71732,367,19.89,50,2026-09-09T18:58:00Z,N20,Industrial Fire
firms-2026-09-09-1910-41617,14.70631,-86.65719,337.58,2.82,50,2026-09-09T19:10:00Z,N20,Routine Flare
firms-2026-09-09-1858-41618,-27.44438,-62.72378,367,55.56,50,2026-09-09T18:58:00Z,N20,Industrial Fire
firms-2026-09-09-1910-41619,15.17419,-83.84656,334.11,3.76,50,2026-09-09T19:10:00Z,N20,Routine Flare
firms-2026-09-09-1858-41620,-27.44613,-62.73026,367,55.56,50,2026-09-09T18:58:00Z,N20,Industrial Fire
firms-2026-09-09-1910-41621,14.48094,-88.75496,331.78,3.24,50,2026-09-09T19:10:00Z,N20,Routine Flare
firms-2026-09-09-1858-41622,-27.44788,-62.73671,349.64,87.07,50,2026-09-09T18:58:00Z,N20,Industrial Fire
firms-2026-09-09-1910-41623,14.9376,-85.78657,332.76,2.99,50,2026-09-09T19:10:00Z,N20,Routine Flare
firms-2026-09-09-1910-41624,15.00968,-85.46487,332.6,3.27,50,2026-09-09T19:10:00Z,N20,Routine Flare
firms-2026-09-09-1858-41625,-27.44963,-62.74315,348.43,87.07,50,2026-09-09T18:58:00Z,N20,Industrial Fire
firms-2026-09-09-1910-41626,14.9976,-85.69342,341.6,3.77,50,2026-09-09T19:10:00Z,N20,Routine Flare
firms-2026-09-09-1858-41627,-27.44135,-62.73885,367,32.87,50,2026-09-09T18:58:00Z,N20,Industrial Fire
firms-2026-09-09-1910-41628,14.74199,-87.58561,335.29,4.85,50,2026-09-09T19:10:00Z,N20,Routine Flare
firms-2026-09-09-1858-41629,-27.43784,-62.72592,331.27,14.21,50,2026-09-09T18:58:00Z,N20,Routine Flare
firms-2026-09-09-1910-41630,14.92923,-87.0942,330.11,2.33,50,2026-09-09T19:10:00Z,N20,Routine Flare
firms-2026-09-09-1858-41631,-27.4396,-62.73239,356.05,14.21,50,2026-09-09T18:58:00Z,N20,Routine Flare
firms-2026-09-09-1910-41632,14.98237,-86.76447,342.76,2.79,50,2026-09-09T19:10:00Z,N20,Routine Flare
firms-2026-09-09-1858-41633,-27.44309,-62.74529,354.17,32.87,50,2026-09-09T18:58:00Z,N20,Industrial Fire
firms-2026-09-09-1910-41634,14.79185,-88.05338,335.02,4.69,50,2026-09-09T19:10:00Z,N20,Routine Flare
firms-2026-09-09-1910-41635,14.96981,-86.93742,341.59,4.7,50,2026-09-09T19:10:00Z,N20,Routine Flare
firms-2026-09-09-1858-41636,-27.4418,-62.76671,367,105.99,50,2026-09-09T18:58:00Z,N20,Industrial Fire
firms-2026-09-09-1910-41637,14.27277,-91.68658,330.65,2.21,50,2026-09-09T19:10:00Z,N20,Routine Flare
firms-2026-09-09-1858-41638,-27.44529,-62.77957,367,37.37,50,2026-09-09T18:58:00Z,N20,Industrial Fire
firms-2026-09-09-1910-41639,14.28059,-91.84847,330.49,8.64,50,2026-09-09T19:10:00Z,N20,Routine Flare
firms-2026-09-09-1858-41640,-27.44703,-62.78598,351.24,37.37,50,2026-09-09T18:58:00Z,N20,Industrial Fire
firms-2026-09-09-1910-41641,14.28448,-91.84917,330.93,4.33,50,2026-09-09T19:10:00Z,N20,Routine Flare
firms-2026-09-09-1858-41642,-27.44354,-62.77315,296.57,105.99,50,2026-09-09T18:58:00Z,N20,Industrial Fire
firms-2026-09-09-1910-41643,15.02025,-87.51914,335.02,12.83,50,2026-09-09T19:10:00Z,N20,Routine Flare
firms-2026-09-09-1858-41644,-27.43702,-62.77527,367,21.32,50,2026-09-09T18:58:00Z,N20,Industrial Fire
firms-2026-09-09-1910-41645,14.68374,-89.97516,334.1,6.11,50,2026-09-09T19:10:00Z,N20,Routine Flare
firms-2026-09-09-1858-41646,-27.43876,-62.7817,367,17.34,50,2026-09-09T18:58:00Z,N20,Industrial Fire
firms-2026-09-09-1910-41647,15.29281,-86.11376,330.4,2.42,50,2026-09-09T19:10:00Z,N20,Routine Flare
firms-2026-09-09-1858-41648,-27.44051,-62.78811,343.17,17.34,50,2026-09-09T18:58:00Z,N20,Industrial Fire
firms-2026-09-09-1910-41649,15.29615,-86.11425,341.16,4.35,50,2026-09-09T19:10:00Z,N20,Routine Flare
firms-2026-09-09-1910-41650,15.31494,-86.10262,338.88,7.05,50,2026-09-09T19:10:00Z,N20,Routine Flare
firms-2026-09-09-1858-41651,-27.43946,-62.77045,367,83.28,50,2026-09-09T18:58:00Z,N20,Industrial Fire
firms-2026-09-09-1910-41652,15.2461,-86.86288,338.79,6.88,50,2026-09-09T19:10:00Z,N20,Routine Flare
firms-2026-09-09-1858-41653,-27.44287,-62.78333,367,50.32,50,2026-09-09T18:58:00Z,N20,Industrial Fire
firms-2026-09-09-1910-41654,14.71859,-90.26712,335.46,4,50,2026-09-09T19:10:00Z,N20,Routine Flare
firms-2026-09-09-1858-41655,-27.44117,-62.77691,346.55,50.32,50,2026-09-09T18:58:00Z,N20,Industrial Fire
firms-2026-09-09-1858-41656,-27.44457,-62.78975,333.78,18.38,50,2026-09-09T18:58:00Z,N20,Industrial Fire
firms-2026-09-09-1910-41657,15.65106,-84.4685,337.74,6.04,50,2026-09-09T19:10:00Z,N20,Routine Flare
firms-2026-09-09-1858-41658,-27.51764,-63.09323,329.23,3.72,50,2026-09-09T18:58:00Z,N20,Routine Flare
firms-2026-09-09-1910-41659,15.23662,-87.30518,344.71,6.46,50,2026-09-09T19:10:00Z,N20,Routine Flare
firms-2026-09-09-1858-41660,-27.86286,-64.68836,345.25,8.23,50,2026-09-09T18:58:00Z,N20,Routine Flare
firms-2026-09-09-1858-41661,-27.86412,-64.69331,339.11,8.1,50,2026-09-09T18:58:00Z,N20,Routine Flare
firms-2026-09-09-1910-41662,15.66053,-84.45278,333.88,3.07,50,2026-09-09T19:10:00Z,N20,Routine Flare
firms-2026-09-09-1858-41663,-27.1586,-62.83442,367,21.38,50,2026-09-09T18:58:00Z,N20,Industrial Fire
firms-2026-09-09-1910-41664,15.25753,-87.34488,334.09,6.98,50,2026-09-09T19:10:00Z,N20,Routine Flare
firms-2026-09-09-1858-41665,-27.13009,-63.08646,367,35.42,50,2026-09-09T18:58:00Z,N20,Industrial Fire
firms-2026-09-09-1910-41666,15.09925,-88.45686,338.08,5.24,50,2026-09-09T19:10:00Z,N20,Routine Flare
firms-2026-09-09-1858-41667,-27.13175,-63.09271,353.33,35.42,50,2026-09-09T18:58:00Z,N20,Industrial Fire
firms-2026-09-09-1910-41668,15.28896,-87.29936,348.29,7.13,50,2026-09-09T19:10:00Z,N20,Routine Flare
firms-2026-09-09-1858-41669,-27.13341,-63.09895,355.67,34.9,50,2026-09-09T18:58:00Z,N20,Industrial Fire
firms-2026-09-09-1910-41670,15.08308,-88.81473,330.06,6.85,50,2026-09-09T19:10:00Z,N20,Routine Flare
firms-2026-09-09-1858-41671,-27.12528,-63.0948,339.04,12.76,50,2026-09-09T18:58:00Z,N20,Routine Flare
firms-2026-09-09-1910-41672,15.34946,-87.1674,334.35,2.02,50,2026-09-09T19:10:00Z,N20,Routine Flare
firms-2026-09-09-1858-41673,-27.12695,-63.10103,354.54,13.04,50,2026-09-09T18:58:00Z,N20,Routine Flare
firms-2026-09-09-1910-41674,15.4336,-86.72067,353.37,8.57,50,2026-09-09T19:10:00Z,N20,Routine Flare
firms-2026-09-09-1858-41675,-27.08001,-63.1094,367,27.63,50,2026-09-09T18:58:00Z,N20,Industrial Fire
firms-2026-09-09-1910-41676,15.5317,-86.60868,342.09,7.14,50,2026-09-09T19:10:00Z,N20,Routine Flare
firms-2026-09-09-1858-41677,-27.08169,-63.11563,367,38.43,50,2026-09-09T18:58:00Z,N20,Industrial Fire
firms-2026-09-09-1910-41678,15.53115,-86.61236,346.32,7.14,50,2026-09-09T19:10:00Z,N20,Routine Flare
firms-2026-09-09-1858-41679,-27.07833,-63.10316,348.41,27.63,50,2026-09-09T18:58:00Z,N20,Industrial Fire
firms-2026-09-09-1910-41680,15.535,-86.60928,355.79,38.69,50,2026-09-09T19:10:00Z,N20,Industrial Fire
firms-2026-09-09-1858-41681,-27.07522,-63.11771,367,97.45,50,2026-09-09T18:58:00Z,N20,Industrial Fire
firms-2026-09-09-1910-41682,15.49346,-86.93256,339.03,5.37,50,2026-09-09T19:10:00Z,N20,Routine Flare
firms-2026-09-09-1858-41683,-27.07354,-63.11148,351.51,20.42,50,2026-09-09T18:58:00Z,N20,Industrial Fire
firms-2026-09-09-1910-41684,15.49676,-86.93308,347.73,5.37,50,2026-09-09T19:10:00Z,N20,Routine Flare
firms-2026-09-09-1858-41685,-27.0769,-63.12394,351.87,97.45,50,2026-09-09T18:58:00Z,N20,Industrial Fire
firms-2026-09-09-1910-41686,15.43338,-87.37415,333.79,7.93,50,2026-09-09T19:10:00Z,N20,Routine Flare
firms-2026-09-09-1858-41687,-27.07211,-63.13223,353.41,180.08,50,2026-09-09T18:58:00Z,N20,Industrial Fire
firms-2026-09-09-1910-41688,14.65601,-92.2651,331.87,4.44,50,2026-09-09T19:10:00Z,N20,Routine Flare
firms-2026-09-09-1910-41689,15.00832,-90.31648,346.54,7,50,2026-09-09T19:10:00Z,N20,Routine Flare
firms-2026-09-09-1858-41690,-26.88191,-62.46148,332.69,10.32,50,2026-09-09T18:58:00Z,N20,Routine Flare
firms-2026-09-09-1910-41691,15.34057,-88.41308,338.17,5.71,50,2026-09-09T19:10:00Z,N20,Routine Flare
firms-2026-09-09-1910-41692,15.63957,-86.75065,334.24,7.05,50,2026-09-09T19:10:00Z,N20,Routine Flare
firms-2026-09-09-1858-41693,-26.87521,-62.46365,345.38,10.32,50,2026-09-09T18:58:00Z,N20,Routine Flare
firms-2026-09-09-1910-41694,15.71374,-86.50374,330.84,1.42,50,2026-09-09T19:10:00Z,N20,Routine Flare
firms-2026-09-09-1858-41695,-27.08153,-63.10525,367,23.7,50,2026-09-09T18:58:00Z,N20,Industrial Fire
firms-2026-09-09-1910-41696,15.51082,-88.28117,333.54,8.04,50,2026-09-09T19:10:00Z,N20,Routine Flare
firms-2026-09-09-1910-41697,15.74844,-86.79379,333.98,3.41,50,2026-09-09T19:10:00Z,N20,Routine Flare
firms-2026-09-09-1858-41698,-27.08318,-63.11152,367,17.47,50,2026-09-09T18:58:00Z,N20,Industrial Fire
firms-2026-09-09-1910-41699,15.89428,-86.12502,333.84,3.12,50,2026-09-09T19:10:00Z,N20,Routine Flare
firms-2026-09-09-1858-41700,-27.08482,-63.11778,348.82,17.47,50,2026-09-09T18:58:00Z,N20,Industrial Fire
firms-2026-09-09-1910-41701,15.76549,-87.13412,335.46,6.35,50,2026-09-09T19:10:00Z,N20,Routine Flare
firms-2026-09-09-1858-41702,-27.07671,-63.11361,367,57.48,50,2026-09-09T18:58:00Z,N20,Industrial Fire
firms-2026-09-09-1910-41703,15.67266,-88.33331,337.57,4.46,50,2026-09-09T19:10:00Z,N20,Routine Flare
firms-2026-09-09-1910-41704,15.31519,-91.00233,333.47,6.87,50,2026-09-09T19:10:00Z,N20,Routine Flare
firms-2026-09-09-1858-41705,-27.07836,-63.11988,367,57.48,50,2026-09-09T18:58:00Z,N20,Industrial Fire
firms-2026-09-09-1910-41706,15.72238,-92.37141,336.96,9.07,50,2026-09-09T19:10:00Z,N20,Routine Flare
firms-2026-09-09-1858-41707,-27.07507,-63.10736,352.22,18.95,50,2026-09-09T18:58:00Z,N20,Industrial Fire
firms-2026-09-09-1910-41708,15.82561,-92.13113,337.47,174.45,50,2026-09-09T19:10:00Z,N20,Industrial Fire
firms-2026-09-09-1858-41709,-27.08,-63.12613,350.12,82.72,50,2026-09-09T18:58:00Z,N20,Industrial Fire
firms-2026-09-09-1910-41710,15.82471,-92.13622,367,174.45,50,2026-09-09T19:10:00Z,N20,Industrial Fire
firms-2026-09-09-1858-41711,-27.08165,-63.13239,328.82,82.72,50,2026-09-09T18:58:00Z,N20,Industrial Fire
firms-2026-09-09-1910-41712,15.82946,-92.1319,338.83,18.63,50,2026-09-09T19:10:00Z,N20,Industrial Fire
firms-2026-09-09-1910-41713,15.82857,-92.13692,336.11,18.63,50,2026-09-09T19:10:00Z,N20,Industrial Fire
firms-2026-09-09-1858-41714,-27.07354,-63.12823,367,82.72,50,2026-09-09T18:58:00Z,N20,Industrial Fire
firms-2026-09-09-1910-41715,16.28429,-89.53307,332.15,3.42,50,2026-09-09T19:10:00Z,N20,Routine Flare
firms-2026-09-09-1858-41716,-26.88236,-62.46413,337.63,10.27,50,2026-09-09T18:58:00Z,N20,Routine Flare
firms-2026-09-09-1910-41717,18.03586,-76.63435,345.59,5.5,50,2026-09-09T19:10:00Z,N20,Routine Flare
firms-2026-09-09-1858-41718,-26.87381,-62.45944,331.74,7.88,50,2026-09-09T18:58:00Z,N20,Routine Flare
firms-2026-09-09-1910-41719,16.45455,-89.19441,343.06,9.28,50,2026-09-09T19:10:00Z,N20,Routine Flare
firms-2026-09-09-1858-41720,-26.87566,-62.46633,335.21,8.72,50,2026-09-09T18:58:00Z,N20,Routine Flare
firms-2026-09-09-1910-41721,18.13249,-76.64395,332.31,4.37,50,2026-09-09T19:10:00Z,N20,Routine Flare
firms-2026-09-09-1858-41722,-27.34344,-64.32565,344.8,6.38,50,2026-09-09T18:58:00Z,N20,Routine Flare
firms-2026-09-09-1910-41723,16.01923,-92.12349,367,60.89,50,2026-09-09T19:10:00Z,N20,Industrial Fire
firms-2026-09-09-1858-41724,-26.91517,-62.7469,331.13,5.16,50,2026-09-09T18:58:00Z,N20,Routine Flare
firms-2026-09-09-1910-41725,16.02392,-92.11921,338.46,86.96,50,2026-09-09T19:10:00Z,N20,Industrial Fire
firms-2026-09-09-1858-41726,-26.63506,-61.96878,348.27,11.69,50,2026-09-09T18:58:00Z,N20,Routine Flare
firms-2026-09-09-1910-41727,16.02307,-92.12422,335.67,60.89,50,2026-09-09T19:10:00Z,N20,Industrial Fire
firms-2026-09-09-1858-41728,-26.67776,-62.20169,337.47,12.47,50,2026-09-09T18:58:00Z,N20,Routine Flare
firms-2026-09-09-1910-41729,16.01767,-92.12104,336.9,99.16,50,2026-09-09T19:10:00Z,N20,Industrial Fire
firms-2026-09-09-1858-41730,-26.62974,-61.96613,340.56,11.69,50,2026-09-09T18:58:00Z,N20,Routine Flare
firms-2026-09-09-1910-41731,16.02151,-92.12177,367,99.16,50,2026-09-09T19:10:00Z,N20,Industrial Fire
firms-2026-09-09-1858-41732,-26.67809,-62.19757,336.81,8.57,50,2026-09-09T18:58:00Z,N20,Routine Flare
firms-2026-09-09-1910-41733,16.0224,-92.11678,337.28,19.27,50,2026-09-09T19:10:00Z,N20,Industrial Fire
firms-2026-09-09-1858-41734,-26.51371,-62.99451,367,140.73,50,2026-09-09T18:58:00Z,N20,Industrial Fire
firms-2026-09-09-1910-41735,18.13465,-76.64297,332.56,3.43,50,2026-09-09T19:10:00Z,N20,Routine Flare
firms-2026-09-09-1858-41736,-26.51196,-62.98801,332.89,140.73,50,2026-09-09T18:58:00Z,N20,Industrial Fire
firms-2026-09-09-1910-41737,16.64048,-89.17795,332.59,3.99,50,2026-09-09T19:10:00Z,N20,Routine Flare
firms-2026-09-09-1910-41738,18.26499,-77.01047,329.57,3.41,50,2026-09-09T19:10:00Z,N20,Routine Flare
firms-2026-09-09-1910-41739,16.10412,-92.94128,337.4,20.53,50,2026-09-09T19:10:00Z,N20,Industrial Fire
firms-2026-09-09-1910-41740,16.91317,-89.15673,338.05,5.74,50,2026-09-09T19:10:00Z,N20,Routine Flare
firms-2026-09-09-1910-41741,16.96552,-89.40298,341.6,12.82,50,2026-09-09T19:10:00Z,N20,Routine Flare
firms-2026-09-09-1858-41742,-26.51722,-63.00755,350.42,153.52,50,2026-09-09T18:58:00Z,N20,Industrial Fire
firms-2026-09-09-1910-41743,16.95985,-89.82899,351.51,30.63,50,2026-09-09T19:10:00Z,N20,Industrial Fire
firms-2026-09-09-1858-41744,-26.51547,-63.00105,207.93,153.52,50,2026-09-09T18:58:00Z,N20,Industrial Fire
firms-2026-09-09-1910-41745,16.95921,-89.83284,345.83,12.13,50,2026-09-09T19:10:00Z,N20,Routine Flare
firms-2026-09-09-1858-41746,-26.50712,-62.9966,367,126.8,50,2026-09-09T18:58:00Z,N20,Industrial Fire
firms-2026-09-09-1910-41747,17.11768,-88.98113,347.36,8.72,50,2026-09-09T19:10:00Z,N20,Routine Flare
firms-2026-09-09-1858-41748,-26.50537,-62.9901,336.8,126.8,50,2026-09-09T18:58:00Z,N20,Industrial Fire
firms-2026-09-09-1910-41749,16.22575,-94.21799,330.05,3.06,50,2026-09-09T19:10:00Z,N20,Routine Flare
firms-2026-09-09-1910-41750,17.12274,-89.25095,334.01,2.95,50,2026-09-09T19:10:00Z,N20,Routine Flare
firms-2026-09-09-1858-41751,-26.51063,-63.00964,337.37,203.47,50,2026-09-09T18:58:00Z,N20,Industrial Fire
firms-2026-09-09-1910-41752,16.57333,-93.10472,335.55,5.34,50,2026-09-09T19:10:00Z,N20,Routine Flare
firms-2026-09-09-1858-41753,-26.50888,-63.00313,207.93,203.47,50,2026-09-09T18:58:00Z,N20,Industrial Fire
firms-2026-09-09-1910-41754,16.20252,-95.17062,333.47,8.74,50,2026-09-09T19:10:00Z,N20,Routine Flare
firms-2026-09-09-1858-41755,-26.51133,-62.99574,367,223.54,50,2026-09-09T18:58:00Z,N20,Industrial Fire
firms-2026-09-09-1910-41756,17.4378,-88.78526,330.21,7.23,50,2026-09-09T19:10:00Z,N20,Routine Flare
firms-2026-09-09-1858-41757,-26.50962,-62.98923,342.15,83.17,50,2026-09-09T18:58:00Z,N20,Industrial Fire
firms-2026-09-09-1910-41758,17.19913,-90.55025,335.51,4.33,50,2026-09-09T19:10:00Z,N20,Routine Flare
firms-2026-09-09-1858-41759,-26.51476,-63.00881,333.86,119.85,50,2026-09-09T18:58:00Z,N20,Industrial Fire
firms-2026-09-09-1910-41760,17.50467,-88.79298,337.3,5.81,50,2026-09-09T19:10:00Z,N20,Routine Flare
firms-2026-09-09-1858-41761,-26.51305,-63.00229,367,223.54,50,2026-09-09T18:58:00Z,N20,Industrial Fire
firms-2026-09-09-1910-41762,17.24415,-91.52432,334.74,9.02,50,2026-09-09T19:10:00Z,N20,Routine Flare
firms-2026-09-09-1858-41763,-26.50475,-62.99786,367,223.54,50,2026-09-09T18:58:00Z,N20,Industrial Fire
firms-2026-09-09-1913-41764,17.11003,-92.60545,335.83,7.41,50,2026-09-09T19:13:00Z,N20,Routine Flare
firms-2026-09-09-1858-41765,-26.50818,-63.01093,367,119.85,50,2026-09-09T18:58:00Z,N20,Industrial Fire
firms-2026-09-09-1913-41766,17.51616,-90.67355,330.48,4.98,50,2026-09-09T19:13:00Z,N20,Routine Flare
firms-2026-09-09-1858-41767,-26.50647,-63.0044,349.31,223.54,50,2026-09-09T18:58:00Z,N20,Industrial Fire
firms-2026-09-09-1913-41768,17.40137,-91.70582,346.02,167.41,50,2026-09-09T19:13:00Z,N20,Industrial Fire
firms-2026-09-09-1858-41769,-26.33302,-64.12765,332.79,3.35,50,2026-09-09T18:58:00Z,N20,Routine Flare
firms-2026-09-09-1913-41770,17.40064,-91.71011,367,756.08,50,2026-09-09T19:13:00Z,N20,Industrial Fire
firms-2026-09-09-1858-41771,-26.24417,-64.1571,346.29,5.08,50,2026-09-09T18:58:00Z,N20,Routine Flare
firms-2026-09-09-1913-41772,17.40001,-91.70797,367,306.95,50,2026-09-09T19:13:00Z,N20,Industrial Fire
firms-2026-09-09-1858-41773,-26.24828,-64.15339,335.31,6.67,50,2026-09-09T18:58:00Z,N20,Routine Flare
firms-2026-09-09-1913-41774,17.39925,-91.71231,367,306.95,50,2026-09-09T19:13:00Z,N20,Industrial Fire
firms-2026-09-09-1858-41775,-25.89567,-64.11001,336.97,3.86,50,2026-09-09T18:58:00Z,N20,Routine Flare
firms-2026-09-09-1913-41776,17.40288,-91.71323,332.11,306.95,50,2026-09-09T19:13:00Z,N20,Industrial Fire
firms-2026-09-09-1858-41777,-25.88935,-64.11191,330.53,3.86,50,2026-09-09T18:58:00Z,N20,Routine Flare
firms-2026-09-09-1913-41778,17.96581,-88.43087,335.18,3.68,50,2026-09-09T19:13:00Z,N20,Routine Flare
firms-2026-09-09-1858-41779,-25.89529,-64.11181,335.51,10.48,50,2026-09-09T18:58:00Z,N20,Routine Flare
firms-2026-09-09-1913-41780,17.59323,-91.37483,347.15,10.98,50,2026-09-09T19:13:00Z,N20,Routine Flare
firms-2026-09-09-1858-41781,-25.86408,-64.0963,334.96,9.54,50,2026-09-09T18:58:00Z,N20,Routine Flare
firms-2026-09-09-1913-41782,17.5678,-91.76282,335.29,3.31,50,2026-09-09T19:13:00Z,N20,Routine Flare
firms-2026-09-09-1858-41783,-25.84418,-64.0454,367,189.34,50,2026-09-09T18:58:00Z,N20,Industrial Fire
firms-2026-09-09-1913-41784,17.59521,-91.66931,334.69,18.6,50,2026-09-09T19:13:00Z,N20,Industrial Fire
firms-2026-09-09-1858-41785,-25.8472,-64.05715,349.64,71.22,50,2026-09-09T18:58:00Z,N20,Industrial Fire
firms-2026-09-09-1913-41786,17.59444,-91.67384,353.77,18.6,50,2026-09-09T19:13:00Z,N20,Industrial Fire
firms-2026-09-09-1858-41787,-25.83934,-64.05317,352.36,27.54,50,2026-09-09T18:58:00Z,N20,Industrial Fire
firms-2026-09-09-1913-41788,17.55168,-92.10236,345.36,8.94,50,2026-09-09T19:13:00Z,N20,Routine Flare
firms-2026-09-09-1858-41789,-25.84086,-64.05907,355.15,69.33,50,2026-09-09T18:58:00Z,N20,Industrial Fire
firms-2026-09-09-1913-41790,17.55192,-92.10482,335.58,8.11,50,2026-09-09T19:13:00Z,N20,Routine Flare
firms-2026-09-09-1858-41791,-25.84238,-64.06495,345.24,69.33,50,2026-09-09T18:58:00Z,N20,Industrial Fire
firms-2026-09-09-1913-41792,17.66362,-91.64272,339.91,6.92,50,2026-09-09T19:13:00Z,N20,Routine Flare
firms-2026-09-09-1858-41793,-25.54064,-63.32675,332.56,13.7,50,2026-09-09T18:58:00Z,N20,Routine Flare
firms-2026-09-09-1913-41794,17.67888,-91.57626,340.01,5.09,50,2026-09-09T19:13:00Z,N20,Routine Flare
firms-2026-09-09-1858-41795,-25.53402,-63.3288,367,13.7,50,2026-09-09T18:58:00Z,N20,Industrial Fire
firms-2026-09-09-1913-41796,17.68252,-91.57694,334.36,5.09,50,2026-09-09T19:13:00Z,N20,Routine Flare
firms-2026-09-09-1858-41797,-25.53575,-63.33534,333.57,14.78,50,2026-09-09T18:58:00Z,N20,Routine Flare
firms-2026-09-09-1913-41798,17.72657,-91.73338,333.61,3.88,50,2026-09-09T19:13:00Z,N20,Routine Flare
firms-2026-09-09-1858-41799,-25.65253,-63.94102,332.6,7.02,50,2026-09-09T18:58:00Z,N20,Routine Flare
firms-2026-09-09-1913-41800,18.29191,-88.40981,350.62,18.58,50,2026-09-09T19:13:00Z,N20,Industrial Fire
firms-2026-09-09-1858-41801,-25.84212,-64.75253,343.6,6.59,50,2026-09-09T18:58:00Z,N20,Routine Flare
firms-2026-09-09-1913-41802,17.68919,-92.36467,339.99,130.13,50,2026-09-09T19:13:00Z,N20,Industrial Fire
firms-2026-09-09-1858-41803,-24.46337,-62.76481,367,33.03,50,2026-09-09T18:58:00Z,N20,Industrial Fire
firms-2026-09-09-1913-41804,17.69592,-92.37105,344.73,10.43,50,2026-09-09T19:13:00Z,N20,Routine Flare
firms-2026-09-09-1858-41805,-24.46538,-62.77222,353.82,33.03,50,2026-09-09T18:58:00Z,N20,Industrial Fire
firms-2026-09-09-1913-41806,17.84994,-92.24722,331.68,7.65,50,2026-09-09T19:13:00Z,N20,Routine Flare
firms-2026-09-09-1858-41807,-24.45641,-62.76692,367,31.49,50,2026-09-09T18:58:00Z,N20,Industrial Fire
firms-2026-09-09-1913-41808,17.85616,-92.25625,342.55,5.27,50,2026-09-09T19:13:00Z,N20,Routine Flare
firms-2026-09-09-1858-41809,-24.4544,-62.75947,341.08,16.03,50,2026-09-09T18:58:00Z,N20,Industrial Fire
firms-2026-09-09-1858-41810,-24.46642,-62.76338,367,24.45,50,2026-09-09T18:58:00Z,N20,Industrial Fire
firms-2026-09-09-1913-41811,17.85993,-92.25697,342.15,5.27,50,2026-09-09T19:13:00Z,N20,Routine Flare
firms-2026-09-09-1858-41812,-24.46838,-62.77083,353.68,49.73,50,2026-09-09T18:58:00Z,N20,Industrial Fire
firms-2026-09-09-1913-41813,18.07788,-91.0493,333.16,10.05,50,2026-09-09T19:13:00Z,N20,Routine Flare
firms-2026-09-09-1858-41814,-24.45946,-62.76553,335.36,24.45,50,2026-09-09T18:58:00Z,N20,Industrial Fire
firms-2026-09-09-1913-41815,17.89735,-92.35425,337.01,5.92,50,2026-09-09T19:13:00Z,N20,Routine Flare
firms-2026-09-09-1858-41816,-24.45251,-62.76768,367,26.14,50,2026-09-09T18:58:00Z,N20,Industrial Fire
firms-2026-09-09-1913-41817,17.87785,-92.48757,335.48,17.46,50,2026-09-09T19:13:00Z,N20,Industrial Fire
firms-2026-09-09-1858-41818,-24.45448,-62.77512,333.62,13.23,50,2026-09-09T18:58:00Z,N20,Routine Flare
firms-2026-09-09-1913-41819,17.83848,-93.11615,344.12,13.43,50,2026-09-09T19:13:00Z,N20,Routine Flare
firms-2026-09-09-1858-41820,-24.53587,-63.44643,341.89,6.39,50,2026-09-09T18:58:00Z,N20,Routine Flare
firms-2026-09-09-1858-41821,-24.53604,-63.44904,339.49,5.86,50,2026-09-09T18:58:00Z,N20,Routine Flare
firms-2026-09-09-1913-41822,17.84243,-93.11694,341.36,10.7,50,2026-09-09T19:13:00Z,N20,Routine Flare
firms-2026-09-09-1858-41823,-24.24217,-63.91457,341.15,14.06,50,2026-09-09T18:58:00Z,N20,Routine Flare
firms-2026-09-09-1858-41824,-24.24384,-63.92104,348.24,19.16,50,2026-09-09T18:58:00Z,N20,Industrial Fire
firms-2026-09-09-1913-41825,17.84178,-93.12051,341.18,10.7,50,2026-09-09T19:13:00Z,N20,Routine Flare
firms-2026-09-09-1858-41826,-24.23725,-63.92302,367,19.16,50,2026-09-09T18:58:00Z,N20,Industrial Fire
firms-2026-09-09-1858-41827,-24.23557,-63.91655,350.71,14.06,50,2026-09-09T18:58:00Z,N20,Routine Flare
firms-2026-09-09-1913-41828,18.06412,-92.40166,349.02,8.08,50,2026-09-09T19:13:00Z,N20,Routine Flare
firms-2026-09-09-1858-41829,-24.23553,-63.92643,341.6,10.55,50,2026-09-09T18:58:00Z,N20,Routine Flare
firms-2026-09-09-1913-41830,17.97498,-94.52802,333.06,6.1,50,2026-09-09T19:13:00Z,N20,Routine Flare
firms-2026-09-09-1858-41831,-22.75464,-64.29982,333.77,5.33,50,2026-09-09T18:58:00Z,N20,Routine Flare
firms-2026-09-09-1913-41832,17.98361,-94.52972,341.59,14.52,50,2026-09-09T19:13:00Z,N20,Routine Flare
firms-2026-09-09-1858-41833,-22.75388,-64.30315,330.61,2.83,50,2026-09-09T18:58:00Z,N20,Routine Flare
firms-2026-09-09-1858-41834,-22.48846,-63.66673,333.44,4.86,50,2026-09-09T18:58:00Z,N20,Routine Flare
firms-2026-09-09-1913-41835,17.97266,-94.52572,330.88,4.5,50,2026-09-09T19:13:00Z,N20,Routine Flare
firms-2026-09-09-1858-41836,-22.48155,-63.66881,347.28,31.78,50,2026-09-09T18:58:00Z,N20,Industrial Fire
firms-2026-09-09-1913-41837,17.98129,-94.52743,341.7,10.3,50,2026-09-09T19:13:00Z,N20,Routine Flare
firms-2026-09-09-1858-41838,-22.48346,-63.67608,342.4,23.35,50,2026-09-09T18:58:00Z,N20,Industrial Fire
firms-2026-09-09-1913-41839,18.09059,-94.04537,341.29,7.62,50,2026-09-09T19:13:00Z,N20,Routine Flare
firms-2026-09-09-1858-41840,-22.47465,-63.67087,367,31.78,50,2026-09-09T18:58:00Z,N20,Industrial Fire
firms-2026-09-09-1913-41841,18.09984,-94.34706,336.01,4.34,50,2026-09-09T19:13:00Z,N20,Routine Flare
firms-2026-09-09-1858-41842,-22.47656,-63.67817,342.49,23.35,50,2026-09-09T18:58:00Z,N20,Industrial Fire
firms-2026-09-09-1913-41843,18.1361,-94.35798,341.92,6.01,50,2026-09-09T19:13:00Z,N20,Routine Flare
firms-2026-09-09-1858-41844,-22.4839,-63.66803,352.26,12.61,50,2026-09-09T18:58:00Z,N20,Routine Flare
firms-2026-09-09-1913-41845,19.66193,-88.06945,344.27,11.05,50,2026-09-09T19:13:00Z,N20,Routine Flare
firms-2026-09-09-1858-41846,-22.48576,-63.67533,348.26,12.61,50,2026-09-09T18:58:00Z,N20,Routine Flare
firms-2026-09-09-1913-41847,19.66522,-88.07,352.22,11.05,50,2026-09-09T19:13:00Z,N20,Routine Flare
firms-2026-09-09-1913-41848,19.45658,-89.72094,335.03,4.3,50,2026-09-09T19:13:00Z,N20,Routine Flare
firms-2026-09-09-1858-41849,-22.477,-63.67015,367,22.71,50,2026-09-09T18:58:00Z,N20,Industrial Fire
firms-2026-09-09-1913-41850,18.50636,-96.14069,342.01,26.93,50,2026-09-09T19:13:00Z,N20,Industrial Fire
firms-2026-09-09-1858-41851,-22.47887,-63.67746,338.27,22.71,50,2026-09-09T18:58:00Z,N20,Industrial Fire
firms-2026-09-09-1913-41852,18.5053,-96.1461,332.22,15.66,50,2026-09-09T19:13:00Z,N20,Industrial Fire
firms-2026-09-09-1858-41853,-22.4701,-63.67225,341.74,22.71,50,2026-09-09T18:58:00Z,N20,Industrial Fire
firms-2026-09-09-1913-41854,19.71884,-90.05926,336.34,3.28,50,2026-09-09T19:13:00Z,N20,Routine Flare
firms-2026-09-09-1913-41855,19.43869,-92.03455,333.97,4.16,50,2026-09-09T19:13:00Z,N20,Routine Flare
firms-2026-09-09-1913-41856,19.44455,-92.0871,337.69,9.82,50,2026-09-09T19:13:00Z,N20,Routine Flare
firms-2026-09-09-2012-41857,-53.10361,73.51865,329.26,15.47,50,2026-09-09T20:12:00Z,N20,Industrial Fire
firms-2026-09-09-1942-41858,53.68932,85.00309,300.19,1.76,50,2026-09-09T19:42:00Z,N20,Routine Flare
firms-2026-09-09-1942-41859,53.68436,84.9974,298.84,1.21,50,2026-09-09T19:42:00Z,N20,Routine Flare
firms-2026-09-09-1942-41860,53.67939,84.99173,308.61,0.95,50,2026-09-09T19:42:00Z,N20,Routine Flare
firms-2026-09-09-1942-41861,53.67424,84.99117,295.38,0.95,50,2026-09-09T19:42:00Z,N20,Routine Flare
firms-2026-09-09-1942-41862,52.06179,91.73144,306.08,2.3,50,2026-09-09T19:42:00Z,N20,Routine Flare
firms-2026-09-09-1942-41863,52.25949,77.0379,314.38,3.54,50,2026-09-09T19:42:00Z,N20,Routine Flare
firms-2026-09-09-1942-41864,50.85726,97.98112,319.92,2.21,50,2026-09-09T19:42:00Z,N20,Routine Flare
firms-2026-09-09-1942-41865,50.85403,97.97984,344.43,4.26,50,2026-09-09T19:42:00Z,N20,Routine Flare
firms-2026-09-09-1942-41866,50.85233,97.99051,299.93,2.72,50,2026-09-09T19:42:00Z,N20,Routine Flare
firms-2026-09-09-1942-41867,50.85147,97.99584,307.39,2.11,50,2026-09-09T19:42:00Z,N20,Routine Flare
firms-2026-09-09-1942-41868,50.84995,97.98389,325.33,2.72,50,2026-09-09T19:42:00Z,N20,Routine Flare
firms-2026-09-09-1942-41869,50.84909,97.98923,330.74,2.72,50,2026-09-09T19:42:00Z,N20,Routine Flare
firms-2026-09-09-1942-41870,50.84824,97.99457,327.18,2.11,50,2026-09-09T19:42:00Z,N20,Routine Flare
firms-2026-09-09-1942-41871,50.8508,97.97855,319.99,4.26,50,2026-09-09T19:42:00Z,N20,Routine Flare
firms-2026-09-09-1942-41872,52.0882,76.8524,299.19,1.29,50,2026-09-09T19:42:00Z,N20,Routine Flare
firms-2026-09-09-1942-41873,52.08418,76.84476,300.63,1.88,50,2026-09-09T19:42:00Z,N20,Routine Flare
firms-2026-09-09-1942-41874,46.39166,113.99961,330.21,5.17,50,2026-09-09T19:42:00Z,N20,Routine Flare
firms-2026-09-09-1942-41875,45.75548,115.72086,319.75,3.92,50,2026-09-09T19:42:00Z,N20,Routine Flare
firms-2026-09-09-1942-41876,45.75548,115.71593,307.96,2.45,50,2026-09-09T19:42:00Z,N20,Routine Flare
firms-2026-09-09-1942-41877,45.75224,115.72496,302.81,2.45,50,2026-09-09T19:42:00Z,N20,Routine Flare
firms-2026-09-09-1942-41878,50.35557,83.49389,304.79,1.21,50,2026-09-09T19:42:00Z,N20,Routine Flare
firms-2026-09-09-1942-41879,50.40212,80.1758,308.83,1.6,50,2026-09-09T19:42:00Z,N20,Routine Flare
firms-2026-09-09-1942-41880,50.40209,80.18329,300.8,1.6,50,2026-09-09T19:42:00Z,N20,Routine Flare
firms-2026-09-09-1945-41881,50.01912,78.73684,301.9,2.43,50,2026-09-09T19:45:00Z,N20,Routine Flare
firms-2026-09-09-1945-41882,48.26957,83.4665,312.07,1.06,50,2026-09-09T19:45:00Z,N20,Routine Flare
firms-2026-09-09-1945-41883,44.15823,108.28271,302.43,0.6,50,2026-09-09T19:45:00Z,N20,Routine Flare
firms-2026-09-09-1945-41884,43.56273,105.46552,302.57,1.3,50,2026-09-09T19:45:00Z,N20,Routine Flare
firms-2026-09-09-1945-41885,40.97322,110.08836,296.81,1.6,50,2026-09-09T19:45:00Z,N20,Routine Flare
firms-2026-09-09-1945-41886,44.84935,90.93231,336.31,6.04,50,2026-09-09T19:45:00Z,N20,Routine Flare
firms-2026-09-09-1945-41887,44.84867,90.93813,328.12,4.03,50,2026-09-09T19:45:00Z,N20,Routine Flare
firms-2026-09-09-1945-41888,44.84665,90.9556,305.01,1.02,50,2026-09-09T19:45:00Z,N20,Routine Flare
firms-2026-09-09-1945-41889,44.85156,90.93905,323.93,2.03,50,2026-09-09T19:45:00Z,N20,Routine Flare
firms-2026-09-09-1945-41890,44.85226,90.93324,313.02,2.03,50,2026-09-09T19:45:00Z,N20,Routine Flare
firms-2026-09-09-1945-41891,44.84866,90.93241,331.24,2.24,50,2026-09-09T19:45:00Z,N20,Routine Flare
firms-2026-09-09-1945-41892,44.84796,90.93822,306.68,2.24,50,2026-09-09T19:45:00Z,N20,Routine Flare
firms-2026-09-09-1945-41893,44.84587,90.95567,317.13,1.58,50,2026-09-09T19:45:00Z,N20,Routine Flare
firms-2026-09-09-1945-41894,44.84228,90.95482,308.21,1.58,50,2026-09-09T19:45:00Z,N20,Routine Flare
firms-2026-09-09-1945-41895,40.69374,110.20456,297,0.98,50,2026-09-09T19:45:00Z,N20,Routine Flare
firms-2026-09-09-1945-41896,44.91162,89.19925,311.1,1.9,50,2026-09-09T19:45:00Z,N20,Routine Flare
firms-2026-09-09-1945-41897,44.9109,89.20615,299.49,0.69,50,2026-09-09T19:45:00Z,N20,Routine Flare
firms-2026-09-09-1945-41898,44.90459,89.19069,299.6,0.64,50,2026-09-09T19:45:00Z,N20,Routine Flare
firms-2026-09-09-1945-41899,40.64912,109.74055,298.55,3.06,50,2026-09-09T19:45:00Z,N20,Routine Flare
firms-2026-09-09-1945-41900,40.64722,109.74658,310.52,2.65,50,2026-09-09T19:45:00Z,N20,Routine Flare
firms-2026-09-09-1945-41901,44.34003,93.25529,298.16,0.92,50,2026-09-09T19:45:00Z,N20,Routine Flare
firms-2026-09-09-1945-41902,44.33462,93.26926,324.07,1.45,50,2026-09-09T19:45:00Z,N20,Routine Flare
firms-2026-09-09-1945-41903,44.33531,93.26431,303.12,1.45,50,2026-09-09T19:45:00Z,N20,Routine Flare
firms-2026-09-09-1945-41904,44.33351,93.26727,322.26,1.67,50,2026-09-09T19:45:00Z,N20,Routine Flare
firms-2026-09-09-1945-41905,44.33281,93.27222,308.87,1.67,50,2026-09-09T19:45:00Z,N20,Routine Flare
firms-2026-09-09-1945-41906,44.32877,93.27627,308.89,1.31,50,2026-09-09T19:45:00Z,N20,Routine Flare
firms-2026-09-09-1945-41907,40.65077,109.74104,298.87,2.01,50,2026-09-09T19:45:00Z,N20,Routine Flare
firms-2026-09-09-1945-41908,40.6489,109.7471,312.97,2.01,50,2026-09-09T19:45:00Z,N20,Routine Flare
firms-2026-09-09-1945-41909,40.63715,109.74096,298.21,2.47,50,2026-09-09T19:45:00Z,N20,Routine Flare
firms-2026-09-09-1945-41910,40.58469,109.77781,295.09,1.09,50,2026-09-09T19:45:00Z,N20,Routine Flare
firms-2026-09-09-1945-41911,39.90152,111.702,297.76,1.18,50,2026-09-09T19:45:00Z,N20,Routine Flare
firms-2026-09-09-1945-41912,44.53656,90.28709,313.08,2.37,50,2026-09-09T19:45:00Z,N20,Routine Flare
firms-2026-09-09-1945-41913,40.58097,109.35458,302.48,1.74,50,2026-09-09T19:45:00Z,N20,Routine Flare
firms-2026-09-09-1945-41914,44.46154,90.49299,302.94,0.94,50,2026-09-09T19:45:00Z,N20,Routine Flare
firms-2026-09-09-1945-41915,43.70295,95.03434,307.24,1.09,50,2026-09-09T19:45:00Z,N20,Routine Flare
firms-2026-09-09-1945-41916,43.69567,95.03707,326.66,3.58,50,2026-09-09T19:45:00Z,N20,Routine Flare
firms-2026-09-09-1945-41917,43.69492,95.04177,326.13,3.05,50,2026-09-09T19:45:00Z,N20,Routine Flare
firms-2026-09-09-1945-41918,43.70462,94.98067,301.16,0.89,50,2026-09-09T19:45:00Z,N20,Routine Flare
firms-2026-09-09-1945-41919,43.69064,95.0257,307.13,1,50,2026-09-09T19:45:00Z,N20,Routine Flare
firms-2026-09-09-1945-41920,43.68989,95.0304,304.91,1.1,50,2026-09-09T19:45:00Z,N20,Routine Flare
firms-2026-09-09-1945-41921,43.68588,95.03411,309.2,1.48,50,2026-09-09T19:45:00Z,N20,Routine Flare
firms-2026-09-09-1945-41922,43.68709,95.00494,314,0.95,50,2026-09-09T19:45:00Z,N20,Routine Flare
firms-2026-09-09-1945-41923,43.68635,95.00964,301.16,0.72,50,2026-09-09T19:45:00Z,N20,Routine Flare
firms-2026-09-09-1945-41924,43.68607,94.98986,316.17,1.89,50,2026-09-09T19:45:00Z,N20,Routine Flare
firms-2026-09-09-1945-41925,43.68085,95.02274,309.33,6.13,50,2026-09-09T19:45:00Z,N20,Routine Flare
firms-2026-09-09-1945-41926,43.67759,95.02176,342.41,6.13,50,2026-09-09T19:45:00Z,N20,Routine Flare
firms-2026-09-09-1945-41927,43.6773,95.00199,328.31,3.48,50,2026-09-09T19:45:00Z,N20,Routine Flare
firms-2026-09-09-1945-41928,43.67954,94.98789,317.24,1.13,50,2026-09-09T19:45:00Z,N20,Routine Flare
firms-2026-09-09-1945-41929,43.67656,95.00669,305.45,2.54,50,2026-09-09T19:45:00Z,N20,Routine Flare
firms-2026-09-09-1945-41930,43.6785,94.97281,315.31,1.3,50,2026-09-09T19:45:00Z,N20,Routine Flare
firms-2026-09-09-1945-41931,40.97653,106.85181,299.81,1.42,50,2026-09-09T19:45:00Z,N20,Routine Flare
firms-2026-09-09-1945-41932,40.9687,106.83804,304.23,1.01,50,2026-09-09T19:45:00Z,N20,Routine Flare
firms-2026-09-09-1945-41933,40.93334,106.78793,298.88,0.87,50,2026-09-09T19:45:00Z,N20,Routine Flare
firms-2026-09-09-1945-41934,44.75359,82.0707,306.72,0.86,50,2026-09-09T19:45:00Z,N20,Routine Flare
firms-2026-09-09-1945-41935,44.70506,82.03582,299.55,0.27,50,2026-09-09T19:45:00Z,N20,Routine Flare
firms-2026-09-09-1945-41936,44.45611,86.09954,301.37,1.52,50,2026-09-09T19:45:00Z,N20,Routine Flare
firms-2026-09-09-1945-41937,44.45565,86.1058,304.91,1.93,50,2026-09-09T19:45:00Z,N20,Routine Flare
firms-2026-09-09-1945-41938,44.45892,86.10001,298.49,0.96,50,2026-09-09T19:45:00Z,N20,Routine Flare
firms-2026-09-09-1945-41939,44.45843,86.10626,305.85,0.96,50,2026-09-09T19:45:00Z,N20,Routine Flare
firms-2026-09-09-1945-41940,44.4564,86.07429,297.48,1.35,50,2026-09-09T19:45:00Z,N20,Routine Flare
firms-2026-09-09-1945-41941,44.45591,86.08055,302.76,1.35,50,2026-09-09T19:45:00Z,N20,Routine Flare
firms-2026-09-09-1945-41942,44.4519,86.07361,308.52,1.35,50,2026-09-09T19:45:00Z,N20,Routine Flare
firms-2026-09-09-1945-41943,44.45141,86.07989,303.88,1.35,50,2026-09-09T19:45:00Z,N20,Routine Flare
firms-2026-09-09-1945-41944,39.39672,110.63464,299.4,3.7,50,2026-09-09T19:45:00Z,N20,Routine Flare
firms-2026-09-09-1945-41945,39.08553,110.77335,297.57,1.26,50,2026-09-09T19:45:00Z,N20,Routine Flare
firms-2026-09-09-1945-41946,39.08348,110.7715,298.29,1.89,50,2026-09-09T19:45:00Z,N20,Routine Flare
firms-2026-09-09-1945-41947,39.0234,110.67336,295.64,1.36,50,2026-09-09T19:45:00Z,N20,Routine Flare
firms-2026-09-09-1945-41948,43.82805,82.79446,297.69,0.48,50,2026-09-09T19:45:00Z,N20,Routine Flare
firms-2026-09-09-1945-41949,39.86491,106.87744,297.2,1.02,50,2026-09-09T19:45:00Z,N20,Routine Flare
firms-2026-09-09-1945-41950,39.85835,106.87933,295.74,0.87,50,2026-09-09T19:45:00Z,N20,Routine Flare
firms-2026-09-09-1945-41951,42.70652,93.56506,302.91,1.68,50,2026-09-09T19:45:00Z,N20,Routine Flare
firms-2026-09-09-1945-41952,42.70323,93.56416,310.78,0.87,50,2026-09-09T19:45:00Z,N20,Routine Flare
firms-2026-09-09-1945-41953,42.69994,93.56326,303.38,0.87,50,2026-09-09T19:45:00Z,N20,Routine Flare
firms-2026-09-09-1945-41954,39.86923,106.77705,307.33,1.53,50,2026-09-09T19:45:00Z,N20,Routine Flare
firms-2026-09-09-1945-41955,42.69684,93.53797,304.96,1.53,50,2026-09-09T19:45:00Z,N20,Routine Flare
firms-2026-09-09-1945-41956,42.70741,93.34987,305.01,1.05,50,2026-09-09T19:45:00Z,N20,Routine Flare
firms-2026-09-09-1945-41957,43.52769,81.94941,298.58,1.11,50,2026-09-09T19:45:00Z,N20,Routine Flare
firms-2026-09-09-1945-41958,43.52747,81.95423,299.31,1.5,50,2026-09-09T19:45:00Z,N20,Routine Flare
firms-2026-09-09-1945-41959,43.52726,81.95905,315.67,1.5,50,2026-09-09T19:45:00Z,N20,Routine Flare
firms-2026-09-09-1945-41960,39.47575,107.13715,299.67,1.03,50,2026-09-09T19:45:00Z,N20,Routine Flare
firms-2026-09-09-1945-41961,39.53116,106.51756,298.22,1.65,50,2026-09-09T19:45:00Z,N20,Routine Flare
firms-2026-09-09-1945-41962,39.47515,106.69643,296.46,0.89,50,2026-09-09T19:45:00Z,N20,Routine Flare
firms-2026-09-09-1945-41963,39.46719,106.70329,307.98,1.59,50,2026-09-09T19:45:00Z,N20,Routine Flare
firms-2026-09-09-1945-41964,39.46054,106.70546,301.28,1.59,50,2026-09-09T19:45:00Z,N20,Routine Flare
firms-2026-09-09-1945-41965,39.46195,106.67903,303.49,1.19,50,2026-09-09T19:45:00Z,N20,Routine Flare
firms-2026-09-09-1945-41966,39.36987,106.96085,297.88,1.63,50,2026-09-09T19:45:00Z,N20,Routine Flare
firms-2026-09-09-1945-41967,39.36852,106.96558,306.45,2.35,50,2026-09-09T19:45:00Z,N20,Routine Flare
firms-2026-09-09-1945-41968,39.38216,106.89632,298.76,1.66,50,2026-09-09T19:45:00Z,N20,Routine Flare
firms-2026-09-09-1945-41969,39.35096,106.98405,300.94,1.02,50,2026-09-09T19:45:00Z,N20,Routine Flare
firms-2026-09-09-1945-41970,39.41657,106.71134,305.13,1.41,50,2026-09-09T19:45:00Z,N20,Routine Flare
firms-2026-09-09-1945-41971,39.3334,106.981,305.66,1.31,50,2026-09-09T19:45:00Z,N20,Routine Flare
firms-2026-09-09-1945-41972,39.32667,106.98302,320.02,1.86,50,2026-09-09T19:45:00Z,N20,Routine Flare
firms-2026-09-09-1945-41973,39.35635,106.8371,301.71,0.76,50,2026-09-09T19:45:00Z,N20,Routine Flare
firms-2026-09-09-1945-41974,39.33338,106.91702,295.87,1.81,50,2026-09-09T19:45:00Z,N20,Routine Flare
firms-2026-09-09-1945-41975,39.33171,106.97709,298.61,2.36,50,2026-09-09T19:45:00Z,N20,Routine Flare
firms-2026-09-09-1945-41976,39.33038,106.9818,309.31,1.74,50,2026-09-09T19:45:00Z,N20,Routine Flare
firms-2026-09-09-1945-41977,39.32907,106.98649,308.39,1.74,50,2026-09-09T19:45:00Z,N20,Routine Flare
firms-2026-09-09-1945-41978,39.35804,106.83984,297.56,0.73,50,2026-09-09T19:45:00Z,N20,Routine Flare
firms-2026-09-09-1945-41979,39.3355,106.92004,304.86,1.76,50,2026-09-09T19:45:00Z,N20,Routine Flare
firms-2026-09-09-1945-41980,42.84431,88.03549,314.05,2.33,50,2026-09-09T19:45:00Z,N20,Routine Flare
firms-2026-09-09-1945-41981,39.27206,106.72221,300.99,1.49,50,2026-09-09T19:45:00Z,N20,Routine Flare
firms-2026-09-09-1945-41982,39.18874,106.99654,308.66,1.71,50,2026-09-09T19:45:00Z,N20,Routine Flare
firms-2026-09-09-1945-41983,39.16036,106.65199,300.43,1.08,50,2026-09-09T19:45:00Z,N20,Routine Flare
firms-2026-09-09-1945-41984,38.9458,106.46011,306.52,1.06,50,2026-09-09T19:45:00Z,N20,Routine Flare
firms-2026-09-09-1945-41985,38.91634,106.43608,296.7,1.2,50,2026-09-09T19:45:00Z,N20,Routine Flare
firms-2026-09-09-1945-41986,38.91503,106.4407,296.4,1.48,50,2026-09-09T19:45:00Z,N20,Routine Flare
firms-2026-09-09-1945-41987,38.91372,106.44533,304.97,1.48,50,2026-09-09T19:45:00Z,N20,Routine Flare
firms-2026-09-09-1945-41988,38.91099,106.43363,299.99,1.2,50,2026-09-09T19:45:00Z,N20,Routine Flare
firms-2026-09-09-1945-41989,38.91592,106.44424,309.71,2.26,50,2026-09-09T19:45:00Z,N20,Routine Flare
firms-2026-09-09-1945-41990,38.91315,106.43248,300.21,1.76,50,2026-09-09T19:45:00Z,N20,Routine Flare
firms-2026-09-09-1947-41991,41.82402,88.89517,303.59,1.81,50,2026-09-09T19:47:00Z,N20,Routine Flare
firms-2026-09-09-1947-41992,41.82333,88.90131,310.77,1.81,50,2026-09-09T19:47:00Z,N20,Routine Flare
firms-2026-09-09-1947-41993,41.82266,88.90742,305.56,1.28,50,2026-09-09T19:47:00Z,N20,Routine Flare
firms-2026-09-09-1947-41994,38.26154,106.54795,320.36,2.45,50,2026-09-09T19:47:00Z,N20,Routine Flare
firms-2026-09-09-1947-41995,38.25336,106.55506,295.31,1.52,50,2026-09-09T19:47:00Z,N20,Routine Flare
firms-2026-09-09-1947-41996,38.24927,106.54771,298.71,1.52,50,2026-09-09T19:47:00Z,N20,Routine Flare
firms-2026-09-09-1947-41997,38.2479,106.55253,312.71,1.52,50,2026-09-09T19:47:00Z,N20,Routine Flare
firms-2026-09-09-1947-41998,38.38221,105.68806,296.2,0.47,50,2026-09-09T19:47:00Z,N20,Routine Flare
firms-2026-09-09-1947-41999,37.8787,105.94508,297.8,0.8,50,2026-09-09T19:47:00Z,N20,Routine Flare
firms-2026-09-09-1947-42000,37.41246,106.62376,306.65,1.64,50,2026-09-09T19:47:00Z,N20,Routine Flare
firms-2026-09-09-1947-42001,37.41101,106.6288,296.96,1.25,50,2026-09-09T19:47:00Z,N20,Routine Flare
firms-2026-09-09-1947-42002,37.40688,106.62118,299.85,0.95,50,2026-09-09T19:47:00Z,N20,Routine Flare
firms-2026-09-09-1947-42003,37.40771,106.62162,304.18,1.88,50,2026-09-09T19:47:00Z,N20,Routine Flare
firms-2026-09-09-1947-42004,37.40239,106.57323,295.15,0.84,50,2026-09-09T19:47:00Z,N20,Routine Flare
firms-2026-09-09-1947-42005,37.5625,105.41362,296.74,0.82,50,2026-09-09T19:47:00Z,N20,Routine Flare
firms-2026-09-09-1947-42006,37.60334,105.02771,297.27,0.9,50,2026-09-09T19:47:00Z,N20,Routine Flare
firms-2026-09-09-1947-42007,37.60072,105.02744,298.81,0.68,50,2026-09-09T19:47:00Z,N20,Routine Flare
firms-2026-09-09-1947-42008,40.60275,81.16685,301.2,0.75,50,2026-09-09T19:47:00Z,N20,Routine Flare
firms-2026-09-09-1947-42009,36.80481,103.67577,301.04,1.01,50,2026-09-09T19:47:00Z,N20,Routine Flare
firms-2026-09-09-1947-42010,40.03572,83.04803,313.33,0.62,50,2026-09-09T19:47:00Z,N20,Routine Flare
firms-2026-09-09-1947-42011,36.55529,104.20795,302.92,1.29,50,2026-09-09T19:47:00Z,N20,Routine Flare
firms-2026-09-09-1938-42012,65.68975,119.04694,305.78,2.22,50,2026-09-09T19:38:00Z,N20,Routine Flare
firms-2026-09-09-1938-42013,69.36964,88.11192,295.42,0.74,50,2026-09-09T19:38:00Z,N20,Routine Flare
firms-2026-09-09-1938-42014,65.28284,110.84078,299.51,1.53,50,2026-09-09T19:38:00Z,N20,Routine Flare
firms-2026-09-09-1938-42015,65.28243,110.83514,298.21,1.75,50,2026-09-09T19:38:00Z,N20,Routine Flare
firms-2026-09-09-1938-42016,67.28995,75.10501,308.72,1.54,50,2026-09-09T19:38:00Z,N20,Routine Flare
firms-2026-09-09-1938-42017,67.01235,75.22974,299.92,1.52,50,2026-09-09T19:38:00Z,N20,Routine Flare
firms-2026-09-09-1938-42018,67.00895,75.23976,300.98,1.61,50,2026-09-09T19:38:00Z,N20,Routine Flare
firms-2026-09-09-1938-42019,67.01833,76.18113,321.05,3,50,2026-09-09T19:38:00Z,N20,Routine Flare
firms-2026-09-09-1938-42020,66.96168,75.52747,312.11,21.98,50,2026-09-09T19:38:00Z,N20,Industrial Fire
firms-2026-09-09-1938-42021,66.95474,75.5297,346.65,21.98,50,2026-09-09T19:38:00Z,N20,Industrial Fire
firms-2026-09-09-1938-42022,66.95379,75.51305,309.76,21.98,50,2026-09-09T19:38:00Z,N20,Industrial Fire
firms-2026-09-09-1938-42023,66.95569,75.54613,298.53,18.54,50,2026-09-09T19:38:00Z,N20,Industrial Fire
firms-2026-09-09-1938-42024,66.95716,75.52626,367,39.25,50,2026-09-09T19:38:00Z,N20,Industrial Fire
firms-2026-09-09-1938-42025,66.95806,75.54281,331.13,43.97,50,2026-09-09T19:38:00Z,N20,Industrial Fire
firms-2026-09-09-1938-42026,66.95625,75.50971,297.67,39.25,50,2026-09-09T19:38:00Z,N20,Industrial Fire
firms-2026-09-09-1938-42027,66.90453,75.59435,333.39,6.7,50,2026-09-09T19:38:00Z,N20,Routine Flare
firms-2026-09-09-1938-42028,66.86557,77.29013,337.73,5.61,50,2026-09-09T19:38:00Z,N20,Routine Flare
firms-2026-09-09-1938-42029,66.94053,80.73492,303.6,1.17,50,2026-09-09T19:38:00Z,N20,Routine Flare
firms-2026-09-09-1938-42030,66.55968,74.86841,312.98,2.3,50,2026-09-09T19:38:00Z,N20,Routine Flare
firms-2026-09-09-1938-42031,66.68687,77.30961,299.28,1.02,50,2026-09-09T19:38:00Z,N20,Routine Flare
firms-2026-09-09-1938-42032,66.65845,76.83642,321.95,2.34,50,2026-09-09T19:38:00Z,N20,Routine Flare
firms-2026-09-09-1938-42033,66.73663,80.41736,305.84,0.93,50,2026-09-09T19:38:00Z,N20,Routine Flare
firms-2026-09-09-1938-42034,66.73043,80.41822,297.05,0.93,50,2026-09-09T19:38:00Z,N20,Routine Flare
firms-2026-09-09-1938-42035,66.71989,80.49236,315.92,2.25,50,2026-09-09T19:38:00Z,N20,Routine Flare
firms-2026-09-09-1938-42036,66.70593,80.43364,340.97,5.83,50,2026-09-09T19:38:00Z,N20,Routine Flare
firms-2026-09-09-1938-42037,66.70625,80.44573,333.85,5.83,50,2026-09-09T19:38:00Z,N20,Routine Flare
firms-2026-09-09-1938-42038,66.73278,80.41404,313.27,1.29,50,2026-09-09T19:38:00Z,N20,Routine Flare
firms-2026-09-09-1938-42039,66.71585,80.48914,318.11,2.19,50,2026-09-09T19:38:00Z,N20,Routine Flare
firms-2026-09-09-1938-42040,66.70854,80.44171,367,9.94,50,2026-09-09T19:38:00Z,N20,Industrial Fire
firms-2026-09-09-1938-42041,66.55535,76.69403,348.69,5.75,50,2026-09-09T19:38:00Z,N20,Routine Flare
firms-2026-09-09-1938-42042,66.55462,76.67883,303.33,5.75,50,2026-09-09T19:38:00Z,N20,Routine Flare
firms-2026-09-09-1938-42043,66.54858,76.696,350.5,6.12,50,2026-09-09T19:38:00Z,N20,Routine Flare
firms-2026-09-09-1938-42044,66.54785,76.68081,301.96,6.12,50,2026-09-09T19:38:00Z,N20,Routine Flare
firms-2026-09-09-1938-42045,66.56357,77.16153,339.53,7.73,50,2026-09-09T19:38:00Z,N20,Routine Flare
firms-2026-09-09-1938-42046,66.67136,80.44663,340.67,3.8,50,2026-09-09T19:38:00Z,N20,Routine Flare
firms-2026-09-09-1938-42047,66.65925,80.46014,342.6,4.79,50,2026-09-09T19:38:00Z,N20,Routine Flare
firms-2026-09-09-1938-42048,66.60191,80.40781,326.65,2.37,50,2026-09-09T19:38:00Z,N20,Routine Flare
firms-2026-09-09-1938-42049,66.60401,80.39974,296.83,1.33,50,2026-09-09T19:38:00Z,N20,Routine Flare
firms-2026-09-09-1938-42050,66.60429,80.4118,307.03,1.48,50,2026-09-09T19:38:00Z,N20,Routine Flare
firms-2026-09-09-1938-42051,66.3191,76.78821,322.02,2.85,50,2026-09-09T19:38:00Z,N20,Routine Flare
firms-2026-09-09-1938-42052,66.31485,76.98522,306.95,1.72,50,2026-09-09T19:38:00Z,N20,Routine Flare
firms-2026-09-09-1938-42053,66.31555,76.99993,296.3,1.72,50,2026-09-09T19:38:00Z,N20,Routine Flare
firms-2026-09-09-1938-42054,66.28306,76.75253,312.98,1.88,50,2026-09-09T19:38:00Z,N20,Routine Flare
firms-2026-09-09-1938-42055,66.33232,77.82498,304.74,0.98,50,2026-09-09T19:38:00Z,N20,Routine Flare
firms-2026-09-09-1938-42056,66.31406,76.99189,322.36,3.17,50,2026-09-09T19:38:00Z,N20,Routine Flare
firms-2026-09-09-1938-42057,66.28223,76.74445,297.05,1.6,50,2026-09-09T19:38:00Z,N20,Routine Flare
firms-2026-09-09-1938-42058,66.28293,76.75941,300.45,1.6,50,2026-09-09T19:38:00Z,N20,Routine Flare
firms-2026-09-09-1938-42059,66.25122,76.81384,367,15.93,50,2026-09-09T19:38:00Z,N20,Industrial Fire
firms-2026-09-09-1938-42060,66.24446,76.81564,298.62,1.02,50,2026-09-09T19:38:00Z,N20,Routine Flare
firms-2026-09-09-1938-42061,66.20245,77.22808,319.4,3.18,50,2026-09-09T19:38:00Z,N20,Routine Flare
firms-2026-09-09-1938-42062,66.16161,76.94226,367,29.59,50,2026-09-09T19:38:00Z,N20,Industrial Fire
firms-2026-09-09-1938-42063,66.16233,76.95699,299.24,13.45,50,2026-09-09T19:38:00Z,N20,Routine Flare
firms-2026-09-09-1938-42064,66.20087,77.22501,322.18,2.86,50,2026-09-09T19:38:00Z,N20,Routine Flare
firms-2026-09-09-1938-42065,66.16083,76.93921,367,25.91,50,2026-09-09T19:38:00Z,N20,Industrial Fire
firms-2026-09-09-1938-42066,66.16151,76.95398,338.8,20.45,50,2026-09-09T19:38:00Z,N20,Industrial Fire
firms-2026-09-09-1938-42067,66.18642,77.67691,303.51,2.73,50,2026-09-09T19:38:00Z,N20,Routine Flare
firms-2026-09-09-1938-42068,66.10786,76.83199,342.95,6.53,50,2026-09-09T19:38:00Z,N20,Routine Flare
firms-2026-09-09-1938-42069,66.10108,76.83343,306.7,3.13,50,2026-09-09T19:38:00Z,N20,Routine Flare
firms-2026-09-09-1938-42070,66.10182,76.84858,312.02,3.4,50,2026-09-09T19:38:00Z,N20,Routine Flare
firms-2026-09-09-1938-42071,66.1076,76.83894,321.93,5.08,50,2026-09-09T19:38:00Z,N20,Routine Flare
firms-2026-09-09-1938-42072,66.10692,76.82398,312.97,5.82,50,2026-09-09T19:38:00Z,N20,Routine Flare
firms-2026-09-09-1938-42073,66.10083,76.8406,332.89,5.08,50,2026-09-09T19:38:00Z,N20,Routine Flare
firms-2026-09-09-1938-42074,66.05357,77.0026,346.21,6.84,50,2026-09-09T19:38:00Z,N20,Routine Flare
firms-2026-09-09-1938-42075,65.97377,76.90502,302.86,1.02,50,2026-09-09T19:38:00Z,N20,Routine Flare
firms-2026-09-09-1938-42076,65.85892,76.94533,325.24,4.01,50,2026-09-09T19:38:00Z,N20,Routine Flare
firms-2026-09-09-1938-42077,65.85964,76.96001,296.7,3.39,50,2026-09-09T19:38:00Z,N20,Routine Flare
firms-2026-09-09-1938-42078,65.85817,76.94501,324.34,4.38,50,2026-09-09T19:38:00Z,N20,Routine Flare
firms-2026-09-09-1938-42079,65.85885,76.95969,305.07,3.87,50,2026-09-09T19:38:00Z,N20,Routine Flare
firms-2026-09-09-1938-42080,65.82629,76.84861,325.77,2.74,50,2026-09-09T19:38:00Z,N20,Routine Flare
firms-2026-09-09-1938-42081,65.82699,76.86335,297.79,2.74,50,2026-09-09T19:38:00Z,N20,Routine Flare
firms-2026-09-09-1938-42082,62.49974,113.901,333.1,4.66,50,2026-09-09T19:38:00Z,N20,Routine Flare
firms-2026-09-09-1938-42083,62.49811,113.90324,331.37,5.38,50,2026-09-09T19:38:00Z,N20,Routine Flare
firms-2026-09-09-1938-42084,62.44574,113.65911,307.09,1.64,50,2026-09-09T19:38:00Z,N20,Routine Flare
firms-2026-09-09-1938-42085,62.4042,113.59486,326.13,1.83,50,2026-09-09T19:38:00Z,N20,Routine Flare
firms-2026-09-09-1938-42086,62.40624,113.58617,299.04,1.83,50,2026-09-09T19:38:00Z,N20,Routine Flare
firms-2026-09-09-1938-42087,62.40287,113.58257,320.58,1.83,50,2026-09-09T19:38:00Z,N20,Routine Flare
firms-2026-09-09-1938-42088,62.35119,113.766,326.22,12.8,50,2026-09-09T19:38:00Z,N20,Routine Flare
firms-2026-09-09-1938-42089,62.3555,113.69409,326.25,35.09,50,2026-09-09T19:38:00Z,N20,Industrial Fire
firms-2026-09-09-1938-42090,62.39356,113.4967,331.82,4.29,50,2026-09-09T19:38:00Z,N20,Routine Flare
firms-2026-09-09-1938-42091,62.40226,113.33434,301.61,0.72,50,2026-09-09T19:38:00Z,N20,Routine Flare
firms-2026-09-09-1938-42092,62.39893,113.3307,327.12,3.29,50,2026-09-09T19:38:00Z,N20,Routine Flare
firms-2026-09-09-1938-42093,65.30712,77.4118,295.49,2.25,50,2026-09-09T19:38:00Z,N20,Routine Flare
firms-2026-09-09-1938-42094,63.39098,106.82172,303.06,1.37,50,2026-09-09T19:38:00Z,N20,Routine Flare
firms-2026-09-09-1938-42095,65.08505,78.27798,312.27,1.62,50,2026-09-09T19:38:00Z,N20,Routine Flare
firms-2026-09-09-1938-42096,65.08125,78.28434,309.02,1.96,50,2026-09-09T19:38:00Z,N20,Routine Flare
firms-2026-09-09-1938-42097,64.90975,75.50005,343.32,8.25,50,2026-09-09T19:38:00Z,N20,Routine Flare
firms-2026-09-09-1938-42098,64.90663,75.49723,340.74,6.2,50,2026-09-09T19:38:00Z,N20,Routine Flare
firms-2026-09-09-1938-42099,64.84785,77.24485,299,1.5,50,2026-09-09T19:38:00Z,N20,Routine Flare
firms-2026-09-09-1938-42100,64.68539,76.71558,296.4,0.62,50,2026-09-09T19:38:00Z,N20,Routine Flare
firms-2026-09-09-1938-42101,61.59669,113.05621,299.89,0.96,50,2026-09-09T19:38:00Z,N20,Routine Flare
firms-2026-09-09-1938-42102,61.59327,113.05272,296.02,1.12,50,2026-09-09T19:38:00Z,N20,Routine Flare
firms-2026-09-09-1938-42103,61.54218,113.16117,327.79,15.81,50,2026-09-09T19:38:00Z,N20,Industrial Fire
firms-2026-09-09-1938-42104,64.41957,77.70077,323.32,2.8,50,2026-09-09T19:38:00Z,N20,Routine Flare
firms-2026-09-09-1938-42105,61.34952,112.80729,298.95,1.23,50,2026-09-09T19:38:00Z,N20,Routine Flare
firms-2026-09-09-1938-42106,61.34612,112.80379,307.76,1.27,50,2026-09-09T19:38:00Z,N20,Routine Flare
firms-2026-09-09-1938-42107,61.34407,112.8124,298.34,1.27,50,2026-09-09T19:38:00Z,N20,Routine Flare
firms-2026-09-09-1938-42108,63.47062,76.76754,297.91,1.48,50,2026-09-09T19:38:00Z,N20,Routine Flare
firms-2026-09-09-1938-42109,63.47169,76.76357,308.07,1.81,50,2026-09-09T19:38:00Z,N20,Routine Flare
firms-2026-09-09-1940-42110,63.43565,80.51505,303.75,0.9,50,2026-09-09T19:40:00Z,N20,Routine Flare
firms-2026-09-09-1940-42111,63.43219,80.52231,318.32,1.85,50,2026-09-09T19:40:00Z,N20,Routine Flare
firms-2026-09-09-1940-42112,63.12537,77.84515,295.62,0.52,50,2026-09-09T19:40:00Z,N20,Routine Flare
firms-2026-09-09-1940-42113,60.47739,109.87885,297.02,0.72,50,2026-09-09T19:40:00Z,N20,Routine Flare
firms-2026-09-09-1940-42114,60.12148,110.75861,297.77,0.54,50,2026-09-09T19:40:00Z,N20,Routine Flare
firms-2026-09-09-1940-42115,59.79083,110.87329,301.32,1.35,50,2026-09-09T19:40:00Z,N20,Routine Flare
firms-2026-09-09-1940-42116,59.78896,110.88143,311.05,1.52,50,2026-09-09T19:40:00Z,N20,Routine Flare
firms-2026-09-09-1940-42117,60.15104,109.10211,296.03,0.78,50,2026-09-09T19:40:00Z,N20,Routine Flare
firms-2026-09-09-1940-42118,60.14954,109.09294,333.63,3.44,50,2026-09-09T19:40:00Z,N20,Routine Flare
firms-2026-09-09-1940-42119,60.14796,109.10046,316.23,3.44,50,2026-09-09T19:40:00Z,N20,Routine Flare
firms-2026-09-09-1940-42120,60.14624,109.09011,333.05,3.44,50,2026-09-09T19:40:00Z,N20,Routine Flare
firms-2026-09-09-1940-42121,60.14467,109.09763,308.83,3.44,50,2026-09-09T19:40:00Z,N20,Routine Flare
firms-2026-09-09-1940-42122,62.38678,76.63217,304.64,1.43,50,2026-09-09T19:40:00Z,N20,Routine Flare
firms-2026-09-09-1940-42123,62.33536,76.72575,299.18,1.25,50,2026-09-09T19:40:00Z,N20,Routine Flare
firms-2026-09-09-1940-42124,62.36871,77.4489,304.47,1.03,50,2026-09-09T19:40:00Z,N20,Routine Flare
firms-2026-09-09-1940-42125,62.38854,76.63029,308.29,1.9,50,2026-09-09T19:40:00Z,N20,Routine Flare
firms-2026-09-09-1940-42126,62.3369,76.7244,295.49,1.07,50,2026-09-09T19:40:00Z,N20,Routine Flare
firms-2026-09-09-1940-42127,62.36801,77.44769,308.23,1.24,50,2026-09-09T19:40:00Z,N20,Routine Flare
firms-2026-09-09-1940-42128,62.33452,78.15608,296.72,1.14,50,2026-09-09T19:40:00Z,N20,Routine Flare
firms-2026-09-09-1940-42129,62.38781,80.16595,300.8,1.35,50,2026-09-09T19:40:00Z,N20,Routine Flare
firms-2026-09-09-1940-42130,62.33222,78.16471,299.54,0.84,50,2026-09-09T19:40:00Z,N20,Routine Flare
firms-2026-09-09-1940-42131,62.38553,80.17252,303.64,1.15,50,2026-09-09T19:40:00Z,N20,Routine Flare
firms-2026-09-09-1940-42132,62.14374,79.44235,296.16,0.79,50,2026-09-09T19:40:00Z,N20,Routine Flare
firms-2026-09-09-1940-42133,59.42544,107.81276,307.14,1.09,50,2026-09-09T19:40:00Z,N20,Routine Flare
firms-2026-09-09-1940-42134,61.49133,76.105,303.64,1.19,50,2026-09-09T19:40:00Z,N20,Routine Flare
firms-2026-09-09-1940-42135,60.8444,97.35074,335.12,19.11,50,2026-09-09T19:40:00Z,N20,Industrial Fire
firms-2026-09-09-1940-42136,61.42998,76.16062,301.38,1.81,50,2026-09-09T19:40:00Z,N20,Routine Flare
firms-2026-09-09-1940-42137,61.42679,76.15798,315.8,1.92,50,2026-09-09T19:40:00Z,N20,Routine Flare
firms-2026-09-09-1940-42138,60.78158,97.06891,327.27,25.93,50,2026-09-09T19:40:00Z,N20,Industrial Fire
firms-2026-09-09-1940-42139,60.77709,97.07571,300.81,35.33,50,2026-09-09T19:40:00Z,N20,Industrial Fire
firms-2026-09-09-1940-42140,61.14197,75.5854,298.05,1.75,50,2026-09-09T19:40:00Z,N20,Routine Flare
firms-2026-09-09-1940-42141,60.49265,97.41107,337.53,5.95,50,2026-09-09T19:40:00Z,N20,Routine Flare
firms-2026-09-09-1940-42142,61.0983,75.98725,308.69,1.82,50,2026-09-09T19:40:00Z,N20,Routine Flare
firms-2026-09-09-1940-42143,61.0956,76.07304,295.71,2.26,50,2026-09-09T19:40:00Z,N20,Routine Flare
firms-2026-09-09-1940-42144,61.09634,76.08709,310.48,2.67,50,2026-09-09T19:40:00Z,N20,Routine Flare
firms-2026-09-09-1940-42145,60.43824,97.79267,327.12,4.63,50,2026-09-09T19:40:00Z,N20,Routine Flare
firms-2026-09-09-1940-42146,61.12176,76.74614,296.5,0.43,50,2026-09-09T19:40:00Z,N20,Routine Flare
firms-2026-09-09-1940-42147,61.10338,76.6546,297.09,1.63,50,2026-09-09T19:40:00Z,N20,Routine Flare
firms-2026-09-09-1940-42148,61.09641,76.65585,309.1,1.63,50,2026-09-09T19:40:00Z,N20,Routine Flare
firms-2026-09-09-1940-42149,60.43714,97.67385,327.26,13.08,50,2026-09-09T19:40:00Z,N20,Routine Flare
firms-2026-09-09-1940-42150,60.44375,97.55034,331.41,13.69,50,2026-09-09T19:40:00Z,N20,Routine Flare
firms-2026-09-09-1940-42151,60.44517,97.55224,306.22,9.18,50,2026-09-09T19:40:00Z,N20,Routine Flare
firms-2026-09-09-1940-42152,60.44167,97.55061,324.11,9.18,50,2026-09-09T19:40:00Z,N20,Routine Flare
firms-2026-09-09-1940-42153,61.1067,75.77476,298.84,1.19,50,2026-09-09T19:40:00Z,N20,Routine Flare
firms-2026-09-09-1940-42154,61.10012,76.07809,319.35,4.19,50,2026-09-09T19:40:00Z,N20,Routine Flare
firms-2026-09-09-1940-42155,61.0984,76.64737,317.59,2.88,50,2026-09-09T19:40:00Z,N20,Routine Flare
firms-2026-09-09-1940-42156,61.04636,76.73737,318.94,7,50,2026-09-09T19:40:00Z,N20,Routine Flare
firms-2026-09-09-1940-42157,61.03939,76.73846,354.19,7,50,2026-09-09T19:40:00Z,N20,Routine Flare
firms-2026-09-09-1940-42158,61.04002,76.75182,297.4,8.58,50,2026-09-09T19:40:00Z,N20,Routine Flare
firms-2026-09-09-1940-42159,60.99952,76.34878,332.63,4.46,50,2026-09-09T19:40:00Z,N20,Routine Flare
firms-2026-09-09-1940-42160,61.00026,76.36363,302.12,4.46,50,2026-09-09T19:40:00Z,N20,Routine Flare
firms-2026-09-09-1940-42161,61.04156,76.73423,327,10.37,50,2026-09-09T19:40:00Z,N20,Routine Flare
firms-2026-09-09-1940-42162,61.04214,76.74761,352.95,13.37,50,2026-09-09T19:40:00Z,N20,Routine Flare
firms-2026-09-09-1940-42163,60.42968,96.51254,338.5,3.45,50,2026-09-09T19:40:00Z,N20,Routine Flare
firms-2026-09-09-1940-42164,60.43059,96.50388,297.85,3.45,50,2026-09-09T19:40:00Z,N20,Routine Flare
firms-2026-09-09-1940-42165,60.42876,96.52101,295.18,1.24,50,2026-09-09T19:40:00Z,N20,Routine Flare
firms-2026-09-09-1940-42166,60.42607,96.51091,335.16,3.45,50,2026-09-09T19:40:00Z,N20,Routine Flare
firms-2026-09-09-1940-42167,60.42699,96.50228,297.74,3.45,50,2026-09-09T19:40:00Z,N20,Routine Flare
firms-2026-09-09-1940-42168,60.4234,96.50058,298.13,0.86,50,2026-09-09T19:40:00Z,N20,Routine Flare
firms-2026-09-09-1940-42169,60.42248,96.50925,298.56,0.86,50,2026-09-09T19:40:00Z,N20,Routine Flare
firms-2026-09-09-1940-42170,60.99661,76.36004,328.23,3.29,50,2026-09-09T19:40:00Z,N20,Routine Flare
firms-2026-09-09-1940-42171,60.99594,76.34566,295.19,3.29,50,2026-09-09T19:40:00Z,N20,Routine Flare
firms-2026-09-09-1940-42172,60.43892,96.24576,310.4,2.94,50,2026-09-09T19:40:00Z,N20,Routine Flare
firms-2026-09-09-1940-42173,60.43803,96.25421,315.8,2.67,50,2026-09-09T19:40:00Z,N20,Routine Flare
firms-2026-09-09-1940-42174,60.43533,96.24387,327.65,4.55,50,2026-09-09T19:40:00Z,N20,Routine Flare
firms-2026-09-09-1940-42175,60.43443,96.25243,310.32,3.69,50,2026-09-09T19:40:00Z,N20,Routine Flare
firms-2026-09-09-1940-42176,60.98824,78.97745,296.33,1.01,50,2026-09-09T19:40:00Z,N20,Routine Flare
firms-2026-09-09-1940-42177,60.80075,78.52466,298.86,0.95,50,2026-09-09T19:40:00Z,N20,Routine Flare
firms-2026-09-09-1940-42178,60.80112,78.53623,297.14,0.95,50,2026-09-09T19:40:00Z,N20,Routine Flare
firms-2026-09-09-1940-42179,60.80385,78.52774,308.06,1.76,50,2026-09-09T19:40:00Z,N20,Routine Flare
firms-2026-09-09-1940-42180,60.58083,78.71902,300.96,1.82,50,2026-09-09T19:40:00Z,N20,Routine Flare
firms-2026-09-09-1940-42181,60.58118,78.73042,313.17,1.82,50,2026-09-09T19:40:00Z,N20,Routine Flare
firms-2026-09-09-1940-42182,60.58297,78.71105,296.96,1.78,50,2026-09-09T19:40:00Z,N20,Routine Flare
firms-2026-09-09-1940-42183,60.58329,78.72243,318.87,1.78,50,2026-09-09T19:40:00Z,N20,Routine Flare
firms-2026-09-09-1940-42184,60.52507,78.76254,297.84,0.62,50,2026-09-09T19:40:00Z,N20,Routine Flare
firms-2026-09-09-1940-42185,57.58816,105.9128,304.2,0.9,50,2026-09-09T19:40:00Z,N20,Routine Flare
firms-2026-09-09-1940-42186,57.58961,105.91376,311.21,1.39,50,2026-09-09T19:40:00Z,N20,Routine Flare
firms-2026-09-09-1940-42187,57.56453,105.92747,295.8,0.65,50,2026-09-09T19:40:00Z,N20,Routine Flare
firms-2026-09-09-1940-42188,59.2683,77.02347,300.07,2.54,50,2026-09-09T19:40:00Z,N20,Routine Flare
firms-2026-09-09-1940-42189,59.26996,77.0218,295.83,1.54,50,2026-09-09T19:40:00Z,N20,Routine Flare
firms-2026-09-09-1953-42190,11.47639,77.5037,303.98,0.7,50,2026-09-09T19:53:00Z,N20,Routine Flare
firms-2026-09-09-1940-42191,59.11168,89.75477,303.94,1.63,50,2026-09-09T19:40:00Z,N20,Routine Flare
firms-2026-09-09-1940-42192,58.15362,95.13935,334.44,4.66,50,2026-09-09T19:40:00Z,N20,Routine Flare
firms-2026-09-09-1953-42193,10.61573,77.41871,309.43,0.53,50,2026-09-09T19:53:00Z,N20,Routine Flare
firms-2026-09-09-1940-42194,58.15611,78.87811,296.18,0.61,50,2026-09-09T19:40:00Z,N20,Routine Flare
firms-2026-09-09-1953-42195,8.57282,80.41718,305.43,1.07,50,2026-09-09T19:53:00Z,N20,Routine Flare
firms-2026-09-09-1940-42196,57.07991,93.58341,340.52,8.24,50,2026-09-09T19:40:00Z,N20,Routine Flare
firms-2026-09-09-1953-42197,8.51106,80.40747,317.75,2.45,50,2026-09-09T19:53:00Z,N20,Routine Flare
firms-2026-09-09-1940-42198,57.07769,93.58509,327.47,7.1,50,2026-09-09T19:40:00Z,N20,Routine Flare
firms-2026-09-09-1940-42199,57.51381,79.00345,301.44,1.02,50,2026-09-09T19:40:00Z,N20,Routine Flare
firms-2026-09-09-1953-42200,8.06615,80.76699,308.41,1.07,50,2026-09-09T19:53:00Z,N20,Routine Flare
firms-2026-09-09-1940-42201,57.5154,79.00564,306.43,1.6,50,2026-09-09T19:40:00Z,N20,Routine Flare
firms-2026-09-09-1953-42202,8.06482,80.76936,313.91,1.95,50,2026-09-09T19:53:00Z,N20,Routine Flare
firms-2026-09-09-1940-42203,55.12421,105.50517,297.2,1.33,50,2026-09-09T19:40:00Z,N20,Routine Flare
firms-2026-09-09-1953-42204,7.68663,80.70251,299.71,0.86,50,2026-09-09T19:53:00Z,N20,Routine Flare
firms-2026-09-09-1940-42205,55.12281,105.5119,315.2,1.8,50,2026-09-09T19:40:00Z,N20,Routine Flare
firms-2026-09-09-1955-42206,6.72082,81.14211,298.08,0.41,50,2026-09-09T19:55:00Z,N20,Routine Flare
firms-2026-09-09-1940-42207,57.42942,78.691,346.12,6.75,50,2026-09-09T19:40:00Z,N20,Routine Flare
firms-2026-09-09-1955-42208,6.6048,81.16798,300.12,0.43,50,2026-09-09T19:55:00Z,N20,Routine Flare
firms-2026-09-09-1940-42209,57.37273,80.17714,301.88,1.21,50,2026-09-09T19:40:00Z,N20,Routine Flare
firms-2026-09-09-1955-42210,6.64141,80.86723,331.33,5.02,50,2026-09-09T19:55:00Z,N20,Routine Flare
firms-2026-09-09-1940-42211,57.36644,80.1773,296.01,1.21,50,2026-09-09T19:40:00Z,N20,Routine Flare
firms-2026-09-09-1955-42212,6.64141,80.86963,329.45,3.42,50,2026-09-09T19:55:00Z,N20,Routine Flare
firms-2026-09-09-1940-42213,57.36655,80.18649,303,2.37,50,2026-09-09T19:40:00Z,N20,Routine Flare
firms-2026-09-09-1955-42214,6.33054,81.00788,307.47,1.09,50,2026-09-09T19:55:00Z,N20,Routine Flare
firms-2026-09-09-1940-42215,57.36026,80.18662,313.58,2.06,50,2026-09-09T19:40:00Z,N20,Routine Flare
firms-2026-09-09-1940-42216,57.3608,80.23226,300.07,1.83,50,2026-09-09T19:40:00Z,N20,Routine Flare
firms-2026-09-09-1940-42217,57.36091,80.24133,296.82,1.39,50,2026-09-09T19:40:00Z,N20,Routine Flare
firms-2026-09-09-1940-42218,57.35464,80.24156,300.62,1.39,50,2026-09-09T19:40:00Z,N20,Routine Flare
firms-2026-09-09-1940-42219,57.34825,80.23257,296.02,1.22,50,2026-09-09T19:40:00Z,N20,Routine Flare
firms-2026-09-09-1940-42220,57.34835,80.24165,313.76,2.64,50,2026-09-09T19:40:00Z,N20,Routine Flare
firms-2026-09-09-1940-42221,57.27032,79.38153,305.31,0.71,50,2026-09-09T19:40:00Z,N20,Routine Flare
firms-2026-09-09-1940-42222,56.54568,85.38966,321.7,1.24,50,2026-09-09T19:40:00Z,N20,Routine Flare
firms-2026-09-09-1940-42223,56.2355,90.41123,298.71,1.26,50,2026-09-09T19:40:00Z,N20,Routine Flare
firms-2026-09-09-1940-42224,56.23127,90.41027,321,2.69,50,2026-09-09T19:40:00Z,N20,Routine Flare
firms-2026-09-09-1940-42225,56.22705,90.40928,309.53,2.69,50,2026-09-09T19:40:00Z,N20,Routine Flare
firms-2026-09-09-1940-42226,55.97602,92.91585,296.32,1.3,50,2026-09-09T19:40:00Z,N20,Routine Flare
firms-2026-09-09-1940-42227,56.1258,86.14013,296.25,1.13,50,2026-09-09T19:40:00Z,N20,Routine Flare
firms-2026-09-09-1942-42228,54.0037,103.56489,302.43,0.68,50,2026-09-09T19:42:00Z,N20,Routine Flare
firms-2026-09-09-1942-42229,55.61315,89.23564,298.41,0.5,50,2026-09-09T19:42:00Z,N20,Routine Flare
firms-2026-09-09-1942-42230,55.21819,89.94102,301.88,1.28,50,2026-09-09T19:42:00Z,N20,Routine Flare
firms-2026-09-09-1942-42231,55.21288,89.95431,305.02,1.3,50,2026-09-09T19:42:00Z,N20,Routine Flare
firms-2026-09-09-1942-42232,55.36915,86.03555,296.99,1.09,50,2026-09-09T19:42:00Z,N20,Routine Flare
firms-2026-09-09-1942-42233,55.36876,86.04557,297.64,1.62,50,2026-09-09T19:42:00Z,N20,Routine Flare
firms-2026-09-09-1942-42234,55.35604,85.98365,318.26,4.18,50,2026-09-09T19:42:00Z,N20,Routine Flare
firms-2026-09-09-1942-42235,55.36942,86.03848,299.58,1.13,50,2026-09-09T19:42:00Z,N20,Routine Flare
firms-2026-09-09-1942-42236,55.36898,86.04848,298.54,1.13,50,2026-09-09T19:42:00Z,N20,Routine Flare
firms-2026-09-09-1942-42237,55.35653,85.98671,325.73,5.17,50,2026-09-09T19:42:00Z,N20,Routine Flare
firms-2026-09-09-1942-42238,55.30613,85.58952,316.62,1.97,50,2026-09-09T19:42:00Z,N20,Routine Flare
firms-2026-09-09-1942-42239,52.60933,103.89758,309.12,1.76,50,2026-09-09T19:42:00Z,N20,Routine Flare
firms-2026-09-09-1942-42240,54.65959,83.30229,295.95,0.67,50,2026-09-09T19:42:00Z,N20,Routine Flare
firms-2026-09-09-1942-42241,54.41856,86.78015,297.64,0.64,50,2026-09-09T19:42:00Z,N20,Routine Flare
firms-2026-09-09-1942-42242,54.30393,86.12683,304.19,1.34,50,2026-09-09T19:42:00Z,N20,Routine Flare
firms-2026-09-09-1942-42243,54.30355,86.1358,311.86,2.22,50,2026-09-09T19:42:00Z,N20,Routine Flare
firms-2026-09-09-1942-42244,54.30313,86.14573,299.57,2.22,50,2026-09-09T19:42:00Z,N20,Routine Flare
firms-2026-09-09-1942-42245,54.29899,86.12611,303.62,1.99,50,2026-09-09T19:42:00Z,N20,Routine Flare
firms-2026-09-09-1942-42246,54.28833,86.14344,299.58,3.57,50,2026-09-09T19:42:00Z,N20,Routine Flare
firms-2026-09-09-1942-42247,54.28795,86.15247,311.4,5.93,50,2026-09-09T19:42:00Z,N20,Routine Flare
firms-2026-09-09-1942-42248,54.30243,86.13798,321.2,3.21,50,2026-09-09T19:42:00Z,N20,Routine Flare
firms-2026-09-09-1942-42249,54.30286,86.12882,315.42,3.21,50,2026-09-09T19:42:00Z,N20,Routine Flare
firms-2026-09-09-1942-42250,54.29966,86.19677,299.51,3.69,50,2026-09-09T19:42:00Z,N20,Routine Flare
firms-2026-09-09-1942-42251,54.29792,86.12814,298.51,3.21,50,2026-09-09T19:42:00Z,N20,Routine Flare
firms-2026-09-09-1942-42252,54.28717,86.14564,313.99,5.46,50,2026-09-09T19:42:00Z,N20,Routine Flare
firms-2026-09-09-1942-42253,54.2822,86.14577,303.39,3.87,50,2026-09-09T19:42:00Z,N20,Routine Flare
firms-2026-09-09-1942-42254,54.26613,86.17134,308.82,13.14,50,2026-09-09T19:42:00Z,N20,Routine Flare
firms-2026-09-09-1942-42255,54.26569,86.18109,308.88,2.87,50,2026-09-09T19:42:00Z,N20,Routine Flare
firms-2026-09-09-1942-42256,54.16646,87.11858,296.94,0.99,50,2026-09-09T19:42:00Z,N20,Routine Flare
firms-2026-09-09-1942-42257,53.74675,91.10635,306.45,1.94,50,2026-09-09T19:42:00Z,N20,Routine Flare
firms-2026-09-09-1942-42258,53.73307,91.03091,297.19,0.73,50,2026-09-09T19:42:00Z,N20,Routine Flare
firms-2026-09-09-1942-42259,53.71151,91.0905,300.79,1.73,50,2026-09-09T19:42:00Z,N20,Routine Flare
firms-2026-09-09-1942-42260,53.71011,91.10622,301.73,1.89,50,2026-09-09T19:42:00Z,N20,Routine Flare
firms-2026-09-09-1942-42261,53.70613,91.10525,303.03,1.89,50,2026-09-09T19:42:00Z,N20,Routine Flare
firms-2026-09-09-1942-42262,53.70215,91.10426,301.96,2.85,50,2026-09-09T19:42:00Z,N20,Routine Flare
firms-2026-09-09-1942-42263,53.997,86.67649,300.04,1.29,50,2026-09-09T19:42:00Z,N20,Routine Flare
firms-2026-09-09-1942-42264,53.69117,91.13658,302.86,2.19,50,2026-09-09T19:42:00Z,N20,Routine Flare
firms-2026-09-09-1942-42265,53.68321,91.13453,298.44,0.89,50,2026-09-09T19:42:00Z,N20,Routine Flare
firms-2026-09-09-1942-42266,53.95491,86.64371,298.35,1.01,50,2026-09-09T19:42:00Z,N20,Routine Flare
firms-2026-09-09-1942-42267,53.9227,87.28697,303.17,1.16,50,2026-09-09T19:42:00Z,N20,Routine Flare
firms-2026-09-09-1942-42268,53.92153,87.28082,297.05,0.66,50,2026-09-09T19:42:00Z,N20,Routine Flare
firms-2026-09-09-1942-42269,53.89293,87.28467,307.43,2.64,50,2026-09-09T19:42:00Z,N20,Routine Flare
firms-2026-09-09-1942-42270,53.88964,87.25887,307.57,1.7,50,2026-09-09T19:42:00Z,N20,Routine Flare
firms-2026-09-09-1942-42271,53.8887,87.27558,298.05,1.93,50,2026-09-09T19:42:00Z,N20,Routine Flare
firms-2026-09-09-1942-42272,53.88541,87.24975,306.88,1.7,50,2026-09-09T19:42:00Z,N20,Routine Flare
firms-2026-09-09-1942-42273,53.88494,87.25816,301.11,1.7,50,2026-09-09T19:42:00Z,N20,Routine Flare
firms-2026-09-09-1942-42274,53.77893,87.08985,308.92,0.73,50,2026-09-09T19:42:00Z,N20,Routine Flare
firms-2026-09-09-1947-42275,27.74391,102.20248,308.34,3.78,50,2026-09-09T19:47:00Z,N20,Routine Flare
firms-2026-09-09-1947-42276,27.74176,102.21107,314.25,2.23,50,2026-09-09T19:47:00Z,N20,Routine Flare
firms-2026-09-09-1947-42277,27.7292,102.21188,355.55,9.92,50,2026-09-09T19:47:00Z,N20,Routine Flare
firms-2026-09-09-1947-42278,27.7304,102.20708,309.75,9.92,50,2026-09-09T19:47:00Z,N20,Routine Flare
firms-2026-09-09-1947-42279,27.72359,102.20959,321.32,1.98,50,2026-09-09T19:47:00Z,N20,Routine Flare
firms-2026-09-09-1947-42280,27.72479,102.20483,299.21,1.98,50,2026-09-09T19:47:00Z,N20,Routine Flare
firms-2026-09-09-1947-42281,27.14873,102.66193,295.25,1.62,50,2026-09-09T19:47:00Z,N20,Routine Flare
firms-2026-09-09-1947-42282,26.61908,102.83291,296.99,0.89,50,2026-09-09T19:47:00Z,N20,Routine Flare
firms-2026-09-09-1947-42283,26.47994,103.32476,295.33,0.99,50,2026-09-09T19:47:00Z,N20,Routine Flare
firms-2026-09-09-1947-42284,25.6981,103.86538,300.86,2.44,50,2026-09-09T19:47:00Z,N20,Routine Flare
firms-2026-09-09-1923-42285,61.35424,-122.66822,325.12,6.63,50,2026-09-09T19:23:00Z,N20,Routine Flare
firms-2026-09-09-1947-42286,25.70127,103.8644,296.65,1.96,50,2026-09-09T19:47:00Z,N20,Routine Flare
firms-2026-09-09-1947-42287,29.47817,76.84901,307.31,2.2,50,2026-09-09T19:47:00Z,N20,Routine Flare
firms-2026-09-09-1923-42288,61.35933,-122.689,336.27,15.23,50,2026-09-09T19:23:00Z,N20,Industrial Fire
firms-2026-09-09-1947-42289,25.49092,102.51385,297.54,0.89,50,2026-09-09T19:47:00Z,N20,Routine Flare
firms-2026-09-09-1923-42290,61.37108,-122.90813,325.01,5.72,50,2026-09-09T19:23:00Z,N20,Routine Flare
firms-2026-09-09-1949-42291,25.53918,100.57816,297.79,0.72,50,2026-09-09T19:49:00Z,N20,Routine Flare
firms-2026-09-09-1923-42292,61.3784,-122.90408,341.39,13.51,50,2026-09-09T19:23:00Z,N20,Routine Flare
firms-2026-09-09-1949-42293,25.38144,99.30714,300.99,0.98,50,2026-09-09T19:49:00Z,N20,Routine Flare
firms-2026-09-09-1923-42294,61.37513,-122.91405,340.9,13.51,50,2026-09-09T19:23:00Z,N20,Routine Flare
firms-2026-09-09-1949-42295,25.38068,99.31042,297.66,0.92,50,2026-09-09T19:49:00Z,N20,Routine Flare
firms-2026-09-09-1923-42296,61.37186,-122.92402,326.65,6.4,50,2026-09-09T19:23:00Z,N20,Routine Flare
firms-2026-09-09-1949-42297,25.38073,99.30723,297.27,0.87,50,2026-09-09T19:49:00Z,N20,Routine Flare
firms-2026-09-09-1949-42298,25.37999,99.31051,300.57,0.87,50,2026-09-09T19:49:00Z,N20,Routine Flare
firms-2026-09-09-1923-42299,61.36861,-122.93398,334.76,6.4,50,2026-09-09T19:23:00Z,N20,Routine Flare
firms-2026-09-09-1949-42300,28.37615,77.22385,305.49,0.96,50,2026-09-09T19:49:00Z,N20,Routine Flare
firms-2026-09-09-1923-42301,61.36537,-122.94387,332.56,7.55,50,2026-09-09T19:23:00Z,N20,Routine Flare
firms-2026-09-09-1949-42302,25.07337,99.28434,302.24,0.65,50,2026-09-09T19:49:00Z,N20,Routine Flare
firms-2026-09-09-1923-42303,61.3759,-122.93001,330.47,6.4,50,2026-09-09T19:23:00Z,N20,Routine Flare
firms-2026-09-09-1949-42304,24.91837,99.0972,300.48,1.38,50,2026-09-09T19:49:00Z,N20,Routine Flare
firms-2026-09-09-1923-42305,61.37266,-122.93992,330.39,6.4,50,2026-09-09T19:23:00Z,N20,Routine Flare
firms-2026-09-09-1949-42306,24.62439,98.75157,304.32,0.7,50,2026-09-09T19:49:00Z,N20,Routine Flare
firms-2026-09-09-1923-42307,61.36943,-122.94977,333.16,7.55,50,2026-09-09T19:23:00Z,N20,Routine Flare
firms-2026-09-09-1949-42308,24.6265,98.75384,302.43,0.64,50,2026-09-09T19:49:00Z,N20,Routine Flare
firms-2026-09-09-1923-42309,61.36303,-122.96932,328.44,11.28,50,2026-09-09T19:23:00Z,N20,Routine Flare
firms-2026-09-09-1949-42310,24.61345,98.74042,302.9,0.52,50,2026-09-09T19:49:00Z,N20,Routine Flare
firms-2026-09-09-1949-42311,23.99023,79.39095,301.69,0.3,50,2026-09-09T19:49:00Z,N20,Routine Flare
firms-2026-09-09-1923-42312,61.37994,-122.93597,330.36,8.47,50,2026-09-09T19:23:00Z,N20,Routine Flare
firms-2026-09-09-1949-42313,20.99685,86.01331,303.62,0.96,50,2026-09-09T19:49:00Z,N20,Routine Flare
firms-2026-09-09-1923-42314,61.37417,-122.90916,346.57,14.28,50,2026-09-09T19:23:00Z,N20,Routine Flare
firms-2026-09-09-1949-42315,20.96932,86.00875,300.72,1.45,50,2026-09-09T19:49:00Z,N20,Routine Flare
firms-2026-09-09-1923-42316,61.37491,-122.925,329,14.28,50,2026-09-09T19:23:00Z,N20,Routine Flare
firms-2026-09-09-1949-42317,20.96874,86.01279,315.07,1.45,50,2026-09-09T19:49:00Z,N20,Routine Flare
firms-2026-09-09-1923-42318,61.37163,-122.93488,332.28,12.49,50,2026-09-09T19:23:00Z,N20,Routine Flare
firms-2026-09-09-1949-42319,20.96356,86.04891,305.05,0.96,50,2026-09-09T19:49:00Z,N20,Routine Flare
firms-2026-09-09-1923-42320,61.36835,-122.9447,337.92,12.49,50,2026-09-09T19:23:00Z,N20,Routine Flare
firms-2026-09-09-1923-42321,61.37895,-122.93095,325.18,9.47,50,2026-09-09T19:23:00Z,N20,Routine Flare
firms-2026-09-09-1949-42322,21.37871,81.67982,311.13,1.83,50,2026-09-09T19:49:00Z,N20,Routine Flare
firms-2026-09-09-1923-42323,61.37568,-122.94081,330.3,7.04,50,2026-09-09T19:23:00Z,N20,Routine Flare
firms-2026-09-09-1949-42324,21.37868,81.6424,304.14,1.57,50,2026-09-09T19:49:00Z,N20,Routine Flare
firms-2026-09-09-1923-42325,61.37241,-122.95061,331.4,7.04,50,2026-09-09T19:23:00Z,N20,Routine Flare
firms-2026-09-09-1951-42326,21.33862,78.9693,299.34,0.51,50,2026-09-09T19:51:00Z,N20,Routine Flare
firms-2026-09-09-1951-42327,21.24455,79.22285,301.52,0.6,50,2026-09-09T19:51:00Z,N20,Routine Flare
firms-2026-09-09-1951-42328,21.24932,79.21028,297.66,0.2,50,2026-09-09T19:51:00Z,N20,Routine Flare
firms-2026-09-09-1951-42329,21.24792,79.22346,297.36,0.17,50,2026-09-09T19:51:00Z,N20,Routine Flare
firms-2026-09-09-1951-42330,19.93735,73.71233,297.17,1.53,50,2026-09-09T19:51:00Z,N20,Routine Flare
firms-2026-09-09-1951-42331,17.60981,83.20297,303.16,1.45,50,2026-09-09T19:51:00Z,N20,Routine Flare
firms-2026-09-09-1951-42332,17.49954,78.72286,313.78,0.85,50,2026-09-09T19:51:00Z,N20,Routine Flare
firms-2026-09-09-1951-42333,15.22659,76.76077,300.97,0.86,50,2026-09-09T19:51:00Z,N20,Routine Flare
firms-2026-09-09-1951-42334,15.18477,76.67609,310.65,1.82,50,2026-09-09T19:51:00Z,N20,Routine Flare
firms-2026-09-09-1951-42335,15.17955,76.67152,308.25,2.83,50,2026-09-09T19:51:00Z,N20,Routine Flare
firms-2026-09-09-1951-42336,15.17564,76.65512,307.47,2.56,50,2026-09-09T19:51:00Z,N20,Routine Flare
firms-2026-09-09-1951-42337,15.13567,76.70631,298.6,0.76,50,2026-09-09T19:51:00Z,N20,Routine Flare
firms-2026-09-09-1951-42338,15.07439,76.86469,298.28,0.77,50,2026-09-09T19:51:00Z,N20,Routine Flare
firms-2026-09-09-1953-42339,13.71126,79.61852,305.38,3.27,50,2026-09-09T19:53:00Z,N20,Routine Flare
firms-2026-09-09-1953-42340,13.0127,77.39949,303.21,0.43,50,2026-09-09T19:53:00Z,N20,Routine Flare
firms-2026-09-09-1953-42341,12.62486,79.78773,304.61,1.16,50,2026-09-09T19:53:00Z,N20,Routine Flare
firms-2026-09-09-1953-42342,12.62527,79.79002,304.85,2.05,50,2026-09-09T19:53:00Z,N20,Routine Flare
firms-2026-09-09-1953-42343,12.80645,77.43263,305.04,0.43,50,2026-09-09T19:53:00Z,N20,Routine Flare
firms-2026-09-09-1953-42344,12.74513,77.61879,310.22,0.85,50,2026-09-09T19:53:00Z,N20,Routine Flare
firms-2026-09-09-2051-42345,18.91422,-103.82137,329.08,1.88,50,2026-09-09T20:51:00Z,N20,Routine Flare
firms-2026-09-09-2059-42346,45.80195,-106.11929,342.68,7.72,50,2026-09-09T20:59:00Z,N20,Routine Flare
firms-2026-09-09-2051-42347,19.00569,-104.25587,367,4.42,50,2026-09-09T20:51:00Z,N20,Industrial Fire
firms-2026-09-09-2059-42348,44.75195,-121.16754,342.3,1.79,50,2026-09-09T20:59:00Z,N20,Routine Flare
firms-2026-09-09-2053-42349,21.42843,-104.2206,342.72,8.64,50,2026-09-09T20:53:00Z,N20,Routine Flare
firms-2026-09-09-2059-42350,44.70253,-123.0967,327.21,0.69,50,2026-09-09T20:59:00Z,N20,Routine Flare
firms-2026-09-09-2059-42351,44.71986,-123.09734,343.33,8.32,50,2026-09-09T20:59:00Z,N20,Routine Flare
firms-2026-09-09-2053-42352,21.42802,-104.22472,350.94,8.98,50,2026-09-09T20:53:00Z,N20,Routine Flare
firms-2026-09-09-2059-42353,46.06414,-116.06968,343.64,7.42,50,2026-09-09T20:59:00Z,N20,Routine Flare
firms-2026-09-09-2053-42354,21.42953,-104.2245,356.28,9.05,50,2026-09-09T20:53:00Z,N20,Routine Flare
firms-2026-09-09-2059-42355,46.06925,-116.0574,337.3,59.83,50,2026-09-09T20:59:00Z,N20,Industrial Fire
firms-2026-09-09-2053-42356,22.87688,-105.78043,339.02,2.4,50,2026-09-09T20:53:00Z,N20,Routine Flare
firms-2026-09-09-2059-42357,46.06857,-116.06396,367,124.99,50,2026-09-09T20:59:00Z,N20,Industrial Fire
firms-2026-09-09-2053-42358,22.87637,-105.78239,331,1.46,50,2026-09-09T20:53:00Z,N20,Routine Flare
firms-2026-09-09-2059-42359,46.07234,-116.06456,367,124.99,50,2026-09-09T20:59:00Z,N20,Industrial Fire
firms-2026-09-09-2059-42360,46.07301,-116.05814,338.94,59.83,50,2026-09-09T20:59:00Z,N20,Industrial Fire
firms-2026-09-09-2059-42361,46.07169,-116.07085,353.94,124.99,50,2026-09-09T20:59:00Z,N20,Industrial Fire
firms-2026-09-09-2059-42362,46.06344,-116.14989,341.13,12.46,50,2026-09-09T20:59:00Z,N20,Routine Flare
firms-2026-09-09-2059-42363,46.10322,-116.2781,345.23,9.02,50,2026-09-09T20:59:00Z,N20,Routine Flare
firms-2026-09-09-2059-42364,46.10253,-116.28458,345.68,6.11,50,2026-09-09T20:59:00Z,N20,Routine Flare
firms-2026-09-09-2059-42365,46.14648,-116.27512,338.73,13.23,50,2026-09-09T20:59:00Z,N20,Routine Flare
firms-2026-09-09-2059-42366,46.1502,-116.27594,335.85,13.23,50,2026-09-09T20:59:00Z,N20,Routine Flare
firms-2026-09-09-2059-42367,45.22773,-123.16297,345.28,7.52,50,2026-09-09T20:59:00Z,N20,Routine Flare
firms-2026-09-09-2059-42368,46.2799,-116.42455,336.34,4.36,50,2026-09-09T20:59:00Z,N20,Routine Flare
firms-2026-09-09-2059-42369,46.28431,-116.41887,333.62,99.7,50,2026-09-09T20:59:00Z,N20,Industrial Fire
firms-2026-09-09-2059-42370,46.28732,-116.42611,367,99.7,50,2026-09-09T20:59:00Z,N20,Industrial Fire
firms-2026-09-09-2059-42371,46.28802,-116.41966,327.44,99.7,50,2026-09-09T20:59:00Z,N20,Industrial Fire
firms-2026-09-09-2059-42372,46.28664,-116.43249,338.75,119.6,50,2026-09-09T20:59:00Z,N20,Industrial Fire
firms-2026-09-09-2059-42373,46.27509,-116.57345,328.19,3.86,50,2026-09-09T20:59:00Z,N20,Routine Flare
firms-2026-09-09-2059-42374,46.27946,-116.56796,337.66,5.04,50,2026-09-09T20:59:00Z,N20,Routine Flare
firms-2026-09-09-2059-42375,46.27878,-116.57423,341.19,3.86,50,2026-09-09T20:59:00Z,N20,Routine Flare
firms-2026-09-09-2059-42376,46.39335,-116.04168,337.36,23.84,50,2026-09-09T20:59:00Z,N20,Industrial Fire
firms-2026-09-09-2059-42377,46.39781,-116.03586,347.39,23.84,50,2026-09-09T20:59:00Z,N20,Industrial Fire
firms-2026-09-09-2059-42378,46.39712,-116.0425,339.99,23.84,50,2026-09-09T20:59:00Z,N20,Industrial Fire
firms-2026-09-09-2059-42379,46.40158,-116.03665,345.85,11.65,50,2026-09-09T20:59:00Z,N20,Routine Flare
firms-2026-09-09-2059-42380,46.39703,-116.26455,331.32,5.28,50,2026-09-09T20:59:00Z,N20,Routine Flare
firms-2026-09-09-2059-42381,46.38446,-116.45397,339.1,92.95,50,2026-09-09T20:59:00Z,N20,Industrial Fire
firms-2026-09-09-2059-42382,46.38377,-116.46038,348.36,49.47,50,2026-09-09T20:59:00Z,N20,Industrial Fire
firms-2026-09-09-2059-42383,46.38308,-116.46684,350.46,49.47,50,2026-09-09T20:59:00Z,N20,Industrial Fire
firms-2026-09-09-2059-42384,46.38238,-116.4733,334.23,6.97,50,2026-09-09T20:59:00Z,N20,Routine Flare
firms-2026-09-09-2059-42385,46.38747,-116.46123,336.5,45.53,50,2026-09-09T20:59:00Z,N20,Industrial Fire
firms-2026-09-09-2059-42386,46.38678,-116.46772,342.78,45.53,50,2026-09-09T20:59:00Z,N20,Industrial Fire
firms-2026-09-09-2059-42387,46.54254,-116.49158,333.85,6.66,50,2026-09-09T20:59:00Z,N20,Routine Flare
firms-2026-09-09-2059-42388,46.54186,-116.49805,334.58,5.59,50,2026-09-09T20:59:00Z,N20,Routine Flare
firms-2026-09-09-2059-42389,46.54627,-116.4922,333.66,11.14,50,2026-09-09T20:59:00Z,N20,Routine Flare
firms-2026-09-09-2059-42390,46.54557,-116.49881,350.74,40.67,50,2026-09-09T20:59:00Z,N20,Industrial Fire
firms-2026-09-09-2059-42391,47.48841,-107.51649,339.26,5.27,50,2026-09-09T20:59:00Z,N20,Routine Flare
firms-2026-09-09-2059-42392,47.23748,-117.4776,338.71,5.82,50,2026-09-09T20:59:00Z,N20,Routine Flare
firms-2026-09-09-2101-42393,47.84266,-120.56437,350.2,13.59,50,2026-09-09T21:01:00Z,N20,Routine Flare
firms-2026-09-09-2101-42394,47.84195,-120.56949,333.92,4.79,50,2026-09-09T21:01:00Z,N20,Routine Flare
firms-2026-09-09-2101-42395,47.87962,-120.34566,344.61,30.04,50,2026-09-09T21:01:00Z,N20,Industrial Fire
firms-2026-09-09-2101-42396,47.88359,-120.34183,330.48,31.94,50,2026-09-09T21:01:00Z,N20,Industrial Fire
firms-2026-09-09-2101-42397,47.88291,-120.34687,338.44,31.94,50,2026-09-09T21:01:00Z,N20,Industrial Fire
firms-2026-09-09-2101-42398,47.88689,-120.34302,340.86,31.94,50,2026-09-09T21:01:00Z,N20,Industrial Fire
firms-2026-09-09-2101-42399,47.88551,-120.35316,351.83,17.61,50,2026-09-09T21:01:00Z,N20,Industrial Fire
firms-2026-09-09-2101-42400,47.88928,-120.56537,345.6,7.84,50,2026-09-09T21:01:00Z,N20,Routine Flare
firms-2026-09-09-2101-42401,48.07381,-120.61864,348.94,9.98,50,2026-09-09T21:01:00Z,N20,Routine Flare
firms-2026-09-09-2101-42402,48.07371,-120.83298,325.53,2.12,50,2026-09-09T21:01:00Z,N20,Routine Flare
firms-2026-09-09-2101-42403,48.35841,-120.84946,344.29,8.77,50,2026-09-09T21:01:00Z,N20,Routine Flare
firms-2026-09-09-2101-42404,48.36179,-120.85006,333.61,8.77,50,2026-09-09T21:01:00Z,N20,Routine Flare
firms-2026-09-09-2101-42405,48.36589,-120.84551,346.55,4.78,50,2026-09-09T21:01:00Z,N20,Routine Flare
firms-2026-09-09-2101-42406,48.36517,-120.85072,329.99,4.78,50,2026-09-09T21:01:00Z,N20,Routine Flare
firms-2026-09-09-2101-42407,48.37222,-120.82495,339.25,6.36,50,2026-09-09T21:01:00Z,N20,Routine Flare
firms-2026-09-09-2101-42408,48.37074,-120.83558,331.53,4.5,50,2026-09-09T21:01:00Z,N20,Routine Flare
firms-2026-09-09-2101-42409,49.98008,-112.75772,340.2,6.35,50,2026-09-09T21:01:00Z,N20,Routine Flare
firms-2026-09-09-2104-42410,61.35897,-122.67865,336.92,7.33,50,2026-09-09T21:04:00Z,N20,Routine Flare
firms-2026-09-09-2104-42411,61.35807,-122.68751,336.95,5.79,50,2026-09-09T21:04:00Z,N20,Routine Flare
firms-2026-09-09-2104-42412,61.35716,-122.69636,331.22,5.79,50,2026-09-09T21:04:00Z,N20,Routine Flare
firms-2026-09-09-2104-42413,61.35354,-122.73179,333.53,4.02,50,2026-09-09T21:04:00Z,N20,Routine Flare
firms-2026-09-09-2104-42414,61.36258,-122.68028,333.71,5.4,50,2026-09-09T21:04:00Z,N20,Routine Flare
firms-2026-09-09-2104-42415,61.36169,-122.68913,331.58,4.92,50,2026-09-09T21:04:00Z,N20,Routine Flare
firms-2026-09-09-2104-42416,61.36077,-122.698,335.66,4.92,50,2026-09-09T21:04:00Z,N20,Routine Flare
firms-2026-09-09-2104-42417,61.3586,-122.97337,348.36,11.25,50,2026-09-09T21:04:00Z,N20,Routine Flare
firms-2026-09-09-2104-42418,61.35769,-122.98201,341.44,9.92,50,2026-09-09T21:04:00Z,N20,Routine Flare
firms-2026-09-09-2104-42419,61.36219,-122.97498,352.87,10.81,50,2026-09-09T21:04:00Z,N20,Routine Flare
firms-2026-09-09-2104-42420,61.36128,-122.98363,338.08,5.49,50,2026-09-09T21:04:00Z,N20,Routine Flare
firms-2026-09-09-2104-42421,61.35946,-123.00095,330.56,4.47,50,2026-09-09T21:04:00Z,N20,Routine Flare
firms-2026-09-09-2104-42422,61.36942,-122.94204,332,7.55,50,2026-09-09T21:04:00Z,N20,Routine Flare
firms-2026-09-09-2104-42423,61.3685,-122.95068,329.36,6.23,50,2026-09-09T21:04:00Z,N20,Routine Flare
firms-2026-09-09-2104-42424,61.36578,-122.97659,344.63,10.81,50,2026-09-09T21:04:00Z,N20,Routine Flare
firms-2026-09-09-2104-42425,61.36486,-122.98524,335.15,5.49,50,2026-09-09T21:04:00Z,N20,Routine Flare
firms-2026-09-09-2104-42426,61.36396,-122.9939,333.35,5.49,50,2026-09-09T21:04:00Z,N20,Routine Flare
firms-2026-09-09-2104-42427,61.36304,-123.00256,334.1,4.47,50,2026-09-09T21:04:00Z,N20,Routine Flare
firms-2026-09-09-2104-42428,61.37661,-122.90932,330.34,5.78,50,2026-09-09T21:04:00Z,N20,Routine Flare
firms-2026-09-09-2104-42429,61.373,-122.94368,335.36,7.05,50,2026-09-09T21:04:00Z,N20,Routine Flare
firms-2026-09-09-2104-42430,61.37209,-122.95229,329.03,3.87,50,2026-09-09T21:04:00Z,N20,Routine Flare
firms-2026-09-09-2104-42431,61.36846,-122.98686,336.77,7.98,50,2026-09-09T21:04:00Z,N20,Routine Flare
firms-2026-09-09-2104-42432,61.36754,-122.99551,334.56,7.98,50,2026-09-09T21:04:00Z,N20,Routine Flare
firms-2026-09-09-2104-42433,61.382,-122.89372,325.95,4.61,50,2026-09-09T21:04:00Z,N20,Routine Flare
firms-2026-09-09-2104-42434,61.37569,-122.9539,329.38,3.87,50,2026-09-09T21:04:00Z,N20,Routine Flare
firms-2026-09-09-2104-42435,61.38559,-122.93131,331.07,3.1,50,2026-09-09T21:04:00Z,N20,Routine Flare
firms-2026-09-09-2104-42436,61.38468,-122.93991,325.78,4.38,50,2026-09-09T21:04:00Z,N20,Routine Flare
firms-2026-09-09-2104-42437,61.3853,-122.92946,327.89,3.77,50,2026-09-09T21:04:00Z,N20,Routine Flare
firms-2026-09-09-2104-42438,61.37999,-122.98129,326.23,2.87,50,2026-09-09T21:04:00Z,N20,Routine Flare
firms-2026-09-09-2104-42439,61.38802,-122.93969,325.73,3.77,50,2026-09-09T21:04:00Z,N20,Routine Flare
firms-2026-09-09-2053-42440,23.76486,-106.75153,329.97,3.49,50,2026-09-09T20:53:00Z,N20,Routine Flare
firms-2026-09-09-2053-42441,23.98091,-106.82105,341.59,7.08,50,2026-09-09T20:53:00Z,N20,Routine Flare
firms-2026-09-09-2053-42442,25.85238,-109.35118,330.64,2.11,50,2026-09-09T20:53:00Z,N20,Routine Flare
firms-2026-09-09-2055-42443,30.49558,-109.62854,334.77,8.05,50,2026-09-09T20:55:00Z,N20,Routine Flare
firms-2026-09-09-2055-42444,31.37623,-103.48957,337.6,6.08,50,2026-09-09T20:55:00Z,N20,Routine Flare
firms-2026-09-09-2055-42445,31.61005,-103.987,340.36,5.35,50,2026-09-09T20:55:00Z,N20,Routine Flare
firms-2026-09-09-2055-42446,33.41798,-110.86276,342.62,5.92,50,2026-09-09T20:55:00Z,N20,Routine Flare
firms-2026-09-09-2057-42447,34.33459,-118.5197,336.62,2.03,50,2026-09-09T20:57:00Z,N20,Routine Flare
firms-2026-09-09-2057-42448,34.62046,-117.10062,341.95,3.03,50,2026-09-09T20:57:00Z,N20,Routine Flare
firms-2026-09-09-2057-42449,35.33907,-119.43925,348.61,6.64,50,2026-09-09T20:57:00Z,N20,Routine Flare
firms-2026-09-09-2057-42450,37.66816,-103.42216,338.74,11.28,50,2026-09-09T20:57:00Z,N20,Routine Flare
firms-2026-09-09-2057-42451,35.96294,-121.37253,367,97.86,50,2026-09-09T20:57:00Z,N20,Industrial Fire
firms-2026-09-09-2057-42452,36.43745,-119.98678,344.04,6.92,50,2026-09-09T20:57:00Z,N20,Routine Flare
firms-2026-09-09-2057-42453,37.10423,-120.86694,367,10.18,50,2026-09-09T20:57:00Z,N20,Industrial Fire
firms-2026-09-09-2057-42454,37.52101,-120.39697,347.73,10.91,50,2026-09-09T20:57:00Z,N20,Routine Flare
firms-2026-09-09-2057-42455,37.46851,-120.92775,340.18,1.81,50,2026-09-09T20:57:00Z,N20,Routine Flare
firms-2026-09-09-2057-42456,37.84293,-121.09569,339.22,3.07,50,2026-09-09T20:57:00Z,N20,Routine Flare
firms-2026-09-09-2057-42457,38.52813,-121.9493,347.93,8.72,50,2026-09-09T20:57:00Z,N20,Routine Flare
firms-2026-09-09-2057-42458,38.48582,-122.18464,356.39,7.48,50,2026-09-09T20:57:00Z,N20,Routine Flare
firms-2026-09-09-2057-42459,38.48492,-122.18968,335.3,7.48,50,2026-09-09T20:57:00Z,N20,Routine Flare
firms-2026-09-09-2057-42460,38.53154,-121.95029,343.63,4.85,50,2026-09-09T20:57:00Z,N20,Routine Flare
firms-2026-09-09-2057-42461,38.48926,-122.18564,352.3,24.13,50,2026-09-09T20:57:00Z,N20,Industrial Fire
firms-2026-09-09-2057-42462,38.48834,-122.19074,337.3,24.13,50,2026-09-09T20:57:00Z,N20,Industrial Fire
firms-2026-09-09-2057-42463,38.75604,-121.41904,337.18,3.84,50,2026-09-09T20:57:00Z,N20,Routine Flare
firms-2026-09-09-2057-42464,38.75524,-121.42369,335.55,4.52,50,2026-09-09T20:57:00Z,N20,Routine Flare
firms-2026-09-09-2057-42465,38.761,-121.41072,353.41,10.15,50,2026-09-09T20:57:00Z,N20,Routine Flare
firms-2026-09-09-2057-42466,38.7594,-121.42,339.88,3.84,50,2026-09-09T20:57:00Z,N20,Routine Flare
firms-2026-09-09-2057-42467,38.7586,-121.42464,352.51,4.52,50,2026-09-09T20:57:00Z,N20,Routine Flare
firms-2026-09-09-2057-42468,38.76171,-121.4099,347.29,8.03,50,2026-09-09T20:57:00Z,N20,Routine Flare
firms-2026-09-09-2057-42469,38.7609,-121.41454,350.96,40.05,50,2026-09-09T20:57:00Z,N20,Industrial Fire
firms-2026-09-09-2057-42470,38.76009,-121.41918,341.58,40.05,50,2026-09-09T20:57:00Z,N20,Industrial Fire
firms-2026-09-09-2057-42471,38.75927,-121.42381,355.15,17.36,50,2026-09-09T20:57:00Z,N20,Industrial Fire
firms-2026-09-09-2057-42472,38.76506,-121.41086,337.09,8.03,50,2026-09-09T20:57:00Z,N20,Routine Flare
firms-2026-09-09-2057-42473,38.76842,-121.41182,337.48,6.04,50,2026-09-09T20:57:00Z,N20,Routine Flare
firms-2026-09-09-2057-42474,38.77177,-121.41277,367,6.04,50,2026-09-09T20:57:00Z,N20,Industrial Fire
firms-2026-09-09-2057-42475,38.77096,-121.4174,354.22,44.61,50,2026-09-09T20:57:00Z,N20,Industrial Fire
firms-2026-09-09-2057-42476,38.77015,-121.42204,345.33,44.61,50,2026-09-09T20:57:00Z,N20,Industrial Fire
firms-2026-09-09-2057-42477,38.77512,-121.41373,351.34,13.35,50,2026-09-09T20:57:00Z,N20,Routine Flare
firms-2026-09-09-2057-42478,38.77431,-121.41836,348.12,22.78,50,2026-09-09T20:57:00Z,N20,Industrial Fire
firms-2026-09-09-2057-42479,38.77929,-121.41006,335.77,13.35,50,2026-09-09T20:57:00Z,N20,Routine Flare
firms-2026-09-09-2057-42480,38.77847,-121.41469,352.16,13.35,50,2026-09-09T20:57:00Z,N20,Routine Flare
firms-2026-09-09-2057-42481,38.77766,-121.41932,352.2,22.78,50,2026-09-09T20:57:00Z,N20,Industrial Fire
firms-2026-09-09-2057-42482,38.78101,-121.42027,350.93,5,50,2026-09-09T20:57:00Z,N20,Routine Flare
firms-2026-09-09-2057-42483,38.78854,-121.41754,336.35,7.55,50,2026-09-09T20:57:00Z,N20,Routine Flare
firms-2026-09-09-2057-42484,38.78773,-121.42217,351.64,16.2,50,2026-09-09T20:57:00Z,N20,Industrial Fire
firms-2026-09-09-2057-42485,38.78691,-121.4268,339.28,16.2,50,2026-09-09T20:57:00Z,N20,Industrial Fire
firms-2026-09-09-2057-42486,38.7861,-121.43145,345.44,5.47,50,2026-09-09T20:57:00Z,N20,Routine Flare
firms-2026-09-09-2057-42487,38.79189,-121.41848,344.93,7.55,50,2026-09-09T20:57:00Z,N20,Routine Flare
firms-2026-09-09-2057-42488,38.79108,-121.42313,350,16.2,50,2026-09-09T20:57:00Z,N20,Industrial Fire
firms-2026-09-09-2057-42489,38.79027,-121.42776,353.02,16.2,50,2026-09-09T20:57:00Z,N20,Industrial Fire
firms-2026-09-09-2057-42490,38.78946,-121.43239,334.03,5.47,50,2026-09-09T20:57:00Z,N20,Routine Flare
firms-2026-09-09-2057-42491,38.79524,-121.41944,347.05,32.19,50,2026-09-09T20:57:00Z,N20,Industrial Fire
firms-2026-09-09-2057-42492,38.79443,-121.42409,348.87,34.77,50,2026-09-09T20:57:00Z,N20,Industrial Fire
firms-2026-09-09-2057-42493,38.79362,-121.42872,349.88,34.77,50,2026-09-09T20:57:00Z,N20,Industrial Fire
firms-2026-09-09-2057-42494,38.79281,-121.43335,333.31,5.42,50,2026-09-09T20:57:00Z,N20,Routine Flare
firms-2026-09-09-2057-42495,38.79778,-121.42504,349.66,34.77,50,2026-09-09T20:57:00Z,N20,Industrial Fire
firms-2026-09-09-2057-42496,38.80194,-121.42135,353.04,6.7,50,2026-09-09T20:57:00Z,N20,Routine Flare
firms-2026-09-09-2057-42497,38.80032,-121.43063,345.83,32.8,50,2026-09-09T20:57:00Z,N20,Industrial Fire
firms-2026-09-09-2057-42498,39.24473,-121.64288,347.48,7.25,50,2026-09-09T20:57:00Z,N20,Routine Flare
firms-2026-09-09-2057-42499,39.26533,-122.00974,337.47,6.6,50,2026-09-09T20:57:00Z,N20,Routine Flare
firms-2026-09-09-2059-42500,40.94835,-124.0099,330.35,2.86,50,2026-09-09T20:59:00Z,N20,Routine Flare
firms-2026-09-09-2059-42501,40.94724,-124.01568,329.8,3.17,50,2026-09-09T20:59:00Z,N20,Routine Flare
firms-2026-09-09-2059-42502,42.68572,-111.59212,341.07,10.87,50,2026-09-09T20:59:00Z,N20,Routine Flare
firms-2026-09-09-2059-42503,42.68351,-111.59298,339.57,4.14,50,2026-09-09T20:59:00Z,N20,Routine Flare
firms-2026-09-09-2123-42504,48.26967,83.46782,338.8,7.52,50,2026-09-09T21:23:00Z,N20,Routine Flare
firms-2026-09-09-2118-42505,70.44383,84.36371,307.59,0.55,50,2026-09-09T21:18:00Z,N20,Routine Flare
firms-2026-09-09-2123-42506,50.09984,75.39443,329.18,3.94,50,2026-09-09T21:23:00Z,N20,Routine Flare
firms-2026-09-09-2118-42507,61.5438,113.1672,367,15.33,50,2026-09-09T21:18:00Z,N20,Industrial Fire
firms-2026-09-09-2123-42508,51.90296,59.69518,305.25,1.08,50,2026-09-09T21:23:00Z,N20,Routine Flare
firms-2026-09-09-2118-42509,61.5388,113.17616,304.72,15.33,50,2026-09-09T21:18:00Z,N20,Industrial Fire
firms-2026-09-09-2123-42510,51.90274,59.69992,304.75,1.08,50,2026-09-09T21:23:00Z,N20,Routine Flare
firms-2026-09-09-2118-42511,61.59523,113.05555,300.15,0.96,50,2026-09-09T21:18:00Z,N20,Routine Flare
firms-2026-09-09-2123-42512,51.90253,59.70466,295.69,0.75,50,2026-09-09T21:23:00Z,N20,Routine Flare
firms-2026-09-09-2142-42513,-12.38874,49.14789,326.55,2.8,50,2026-09-09T21:42:00Z,N20,Routine Flare
firms-2026-09-09-2118-42514,61.54181,113.1721,351.24,20.19,50,2026-09-09T21:18:00Z,N20,Industrial Fire
firms-2026-09-09-2123-42515,50.09879,75.40006,312.49,2.13,50,2026-09-09T21:23:00Z,N20,Routine Flare
firms-2026-09-09-2118-42516,61.54686,113.16293,304.53,20.19,50,2026-09-09T21:18:00Z,N20,Industrial Fire
firms-2026-09-09-2123-42517,50.09547,75.39853,325.32,2.13,50,2026-09-09T21:23:00Z,N20,Routine Flare
firms-2026-09-09-2118-42518,61.46317,113.00125,311.31,2.44,50,2026-09-09T21:18:00Z,N20,Routine Flare
firms-2026-09-09-2123-42519,51.89918,59.66601,305.29,1.11,50,2026-09-09T21:23:00Z,N20,Routine Flare
firms-2026-09-09-2142-42520,-12.38799,49.14369,317.2,2.8,50,2026-09-09T21:42:00Z,N20,Routine Flare
firms-2026-09-09-2118-42521,61.46534,112.99989,296.63,3.35,50,2026-09-09T21:18:00Z,N20,Routine Flare
firms-2026-09-09-2123-42522,51.89896,59.67081,310.66,1.11,50,2026-09-09T21:23:00Z,N20,Routine Flare
firms-2026-09-09-2142-42523,-12.78991,49.2534,308.08,1.42,50,2026-09-09T21:42:00Z,N20,Routine Flare
firms-2026-09-09-2118-42524,67.64955,83.21195,329.29,2.97,50,2026-09-09T21:18:00Z,N20,Routine Flare
firms-2026-09-09-2123-42525,51.89875,59.67562,311.62,1.47,50,2026-09-09T21:23:00Z,N20,Routine Flare
firms-2026-09-09-2118-42526,67.54978,83.20824,338.59,28.03,50,2026-09-09T21:18:00Z,N20,Industrial Fire
firms-2026-09-09-2142-42527,-13.06278,49.24688,315.96,1.07,50,2026-09-09T21:42:00Z,N20,Routine Flare
firms-2026-09-09-2123-42528,51.89853,59.68042,309.58,1.47,50,2026-09-09T21:23:00Z,N20,Routine Flare
firms-2026-09-09-2118-42529,67.54845,83.21677,306.41,1.41,50,2026-09-09T21:18:00Z,N20,Routine Flare
firms-2026-09-09-2123-42530,51.89832,59.68519,311.41,1.44,50,2026-09-09T21:23:00Z,N20,Routine Flare
firms-2026-09-09-2142-42531,-13.06558,49.23823,306.02,1.08,50,2026-09-09T21:42:00Z,N20,Routine Flare
firms-2026-09-09-2121-42532,67.27612,83.20998,327.93,8.13,50,2026-09-09T21:21:00Z,N20,Routine Flare
firms-2026-09-09-2123-42533,51.8981,59.68996,300.57,1.44,50,2026-09-09T21:23:00Z,N20,Routine Flare
firms-2026-09-09-2142-42534,-13.81673,48.92002,298.83,0.44,50,2026-09-09T21:42:00Z,N20,Routine Flare
firms-2026-09-09-2121-42535,67.283,83.03328,314.7,16.57,50,2026-09-09T21:21:00Z,N20,Industrial Fire
firms-2026-09-09-2123-42536,50.09215,75.39692,314.12,1.78,50,2026-09-09T21:23:00Z,N20,Routine Flare
firms-2026-09-09-2142-42537,-14.11809,48.83209,300.09,0.67,50,2026-09-09T21:42:00Z,N20,Routine Flare
firms-2026-09-09-2121-42538,67.19584,81.99078,331.35,7.02,50,2026-09-09T21:21:00Z,N20,Routine Flare
firms-2026-09-09-2123-42539,50.24042,73.04256,318.85,2.11,50,2026-09-09T21:23:00Z,N20,Routine Flare
firms-2026-09-09-2142-42540,-14.13745,48.81818,297.78,0.48,50,2026-09-09T21:42:00Z,N20,Routine Flare
firms-2026-09-09-2121-42541,67.95084,75.53409,305.09,1.25,50,2026-09-09T21:21:00Z,N20,Routine Flare
firms-2026-09-09-2123-42542,50.06512,73.06014,327.72,1.97,50,2026-09-09T21:23:00Z,N20,Routine Flare
firms-2026-09-09-2142-42543,-14.63096,48.30259,302.22,0.69,50,2026-09-09T21:42:00Z,N20,Routine Flare
firms-2026-09-09-2121-42544,67.30492,79.08509,296.67,0.54,50,2026-09-09T21:21:00Z,N20,Routine Flare
firms-2026-09-09-2123-42545,50.06424,73.06543,308.62,1.97,50,2026-09-09T21:23:00Z,N20,Routine Flare
firms-2026-09-09-2121-42546,66.97919,80.82141,302.7,0.3,50,2026-09-09T21:21:00Z,N20,Routine Flare
firms-2026-09-09-2142-42547,-14.61583,48.09622,313.27,1.19,50,2026-09-09T21:42:00Z,N20,Routine Flare
firms-2026-09-09-2123-42548,50.06276,73.05355,311.7,1.79,50,2026-09-09T21:23:00Z,N20,Routine Flare
firms-2026-09-09-2121-42549,66.93903,80.73907,314.06,1.34,50,2026-09-09T21:21:00Z,N20,Routine Flare
firms-2026-09-09-2142-42550,-14.61665,48.10072,303.21,1.19,50,2026-09-09T21:42:00Z,N20,Routine Flare
firms-2026-09-09-2121-42551,67.80792,72.51389,317.11,1.97,50,2026-09-09T21:21:00Z,N20,Routine Flare
firms-2026-09-09-2123-42552,50.05154,73.03777,298.45,0.65,50,2026-09-09T21:23:00Z,N20,Routine Flare
firms-2026-09-09-2142-42553,-14.61548,48.09962,317.21,2.04,50,2026-09-09T21:42:00Z,N20,Routine Flare
firms-2026-09-09-2121-42554,67.80408,72.51153,312.19,1.97,50,2026-09-09T21:21:00Z,N20,Routine Flare
firms-2026-09-09-2142-42555,-14.62682,48.11119,305.51,0.78,50,2026-09-09T21:42:00Z,N20,Routine Flare
firms-2026-09-09-2123-42556,50.04918,73.03119,305.1,0.65,50,2026-09-09T21:23:00Z,N20,Routine Flare
firms-2026-09-09-2121-42557,66.73307,80.41953,323.14,2.32,50,2026-09-09T21:21:00Z,N20,Routine Flare
firms-2026-09-09-2142-42558,-14.67881,48.3381,326.72,4.17,50,2026-09-09T21:42:00Z,N20,Routine Flare
firms-2026-09-09-2123-42559,50.04682,73.0246,308.72,3.5,50,2026-09-09T21:23:00Z,N20,Routine Flare
firms-2026-09-09-2121-42560,66.71891,80.49386,332.04,2.63,50,2026-09-09T21:21:00Z,N20,Routine Flare
firms-2026-09-09-2142-42561,-14.63644,48.11381,305.39,1.01,50,2026-09-09T21:42:00Z,N20,Routine Flare
firms-2026-09-09-2121-42562,66.70781,80.44507,318.52,19.8,50,2026-09-09T21:21:00Z,N20,Industrial Fire
firms-2026-09-09-2123-42563,50.04533,73.01276,296.39,0.55,50,2026-09-09T21:23:00Z,N20,Routine Flare
firms-2026-09-09-2142-42564,-14.67976,48.34314,314.61,2.69,50,2026-09-09T21:42:00Z,N20,Routine Flare
firms-2026-09-09-2121-42565,66.671,80.45036,327.28,2.81,50,2026-09-09T21:21:00Z,N20,Routine Flare
firms-2026-09-09-2123-42566,50.04209,73.01146,323.36,1.83,50,2026-09-09T21:23:00Z,N20,Routine Flare
firms-2026-09-09-2142-42567,-14.68323,48.33775,338.17,4.17,50,2026-09-09T21:42:00Z,N20,Routine Flare
firms-2026-09-09-2121-42568,66.66219,80.46169,328.18,5.77,50,2026-09-09T21:21:00Z,N20,Routine Flare
firms-2026-09-09-2123-42569,50.04121,73.01673,303.89,1.99,50,2026-09-09T21:23:00Z,N20,Routine Flare
firms-2026-09-09-2142-42570,-14.68417,48.34277,323.02,2.69,50,2026-09-09T21:42:00Z,N20,Routine Flare
firms-2026-09-09-2121-42571,66.65899,80.45879,304.35,1.51,50,2026-09-09T21:21:00Z,N20,Routine Flare
firms-2026-09-09-2123-42572,50.03885,73.01015,317.02,1.83,50,2026-09-09T21:23:00Z,N20,Routine Flare
firms-2026-09-09-2142-42573,-14.64,48.10849,305.38,0.93,50,2026-09-09T21:42:00Z,N20,Routine Flare
firms-2026-09-09-2121-42574,67.28848,75.10657,321.28,2.52,50,2026-09-09T21:21:00Z,N20,Routine Flare
firms-2026-09-09-2142-42575,-14.68856,48.34222,345.68,2.9,50,2026-09-09T21:42:00Z,N20,Routine Flare
firms-2026-09-09-2123-42576,49.62577,73.71426,309.33,1.18,50,2026-09-09T21:23:00Z,N20,Routine Flare
firms-2026-09-09-2121-42577,66.60326,80.41165,311.34,1.99,50,2026-09-09T21:21:00Z,N20,Routine Flare
firms-2026-09-09-2142-42578,-14.6894,48.34672,326.26,2.9,50,2026-09-09T21:42:00Z,N20,Routine Flare
firms-2026-09-09-2121-42579,66.60007,80.40877,327.8,1.99,50,2026-09-09T21:21:00Z,N20,Routine Flare
firms-2026-09-09-2123-42580,49.62159,73.7182,326.16,2.9,50,2026-09-09T21:23:00Z,N20,Routine Flare
firms-2026-09-09-2121-42581,66.99401,76.3993,298.62,0.72,50,2026-09-09T21:21:00Z,N20,Routine Flare
firms-2026-09-09-2142-42582,-14.69365,48.34542,303.33,2.9,50,2026-09-09T21:42:00Z,N20,Routine Flare
firms-2026-09-09-2123-42583,49.60768,73.798,337.71,6.98,50,2026-09-09T21:23:00Z,N20,Routine Flare
firms-2026-09-09-2121-42584,67.01418,76.18427,326.91,3.31,50,2026-09-09T21:21:00Z,N20,Routine Flare
firms-2026-09-09-2142-42585,-14.69634,48.1662,308.97,1.02,50,2026-09-09T21:42:00Z,N20,Routine Flare
firms-2026-09-09-2123-42586,49.60675,73.80331,305.2,0.68,50,2026-09-09T21:23:00Z,N20,Routine Flare
firms-2026-09-09-2121-42587,66.88279,77.32973,311.45,1.09,50,2026-09-09T21:21:00Z,N20,Routine Flare
firms-2026-09-09-2142-42588,-14.70156,48.16987,318.86,2.3,50,2026-09-09T21:42:00Z,N20,Routine Flare
firms-2026-09-09-2123-42589,49.60348,73.80196,310.74,1.56,50,2026-09-09T21:23:00Z,N20,Routine Flare
firms-2026-09-09-2121-42590,66.86814,77.29745,336.6,10.96,50,2026-09-09T21:21:00Z,N20,Routine Flare
firms-2026-09-09-2142-42591,-14.70596,48.16909,318.88,2.3,50,2026-09-09T21:42:00Z,N20,Routine Flare
firms-2026-09-09-2123-42592,49.59929,73.80595,327.53,1.56,50,2026-09-09T21:23:00Z,N20,Routine Flare
firms-2026-09-09-2121-42593,67.00969,75.23804,327.6,2.6,50,2026-09-09T21:21:00Z,N20,Routine Flare
firms-2026-09-09-2142-42594,-14.95937,48.26616,302.9,0.67,50,2026-09-09T21:42:00Z,N20,Routine Flare
firms-2026-09-09-2123-42595,49.60022,73.80062,301.57,1.56,50,2026-09-09T21:23:00Z,N20,Routine Flare
firms-2026-09-09-2121-42596,66.95878,75.54156,338.86,11.83,50,2026-09-09T21:21:00Z,N20,Routine Flare
firms-2026-09-09-2142-42597,-14.96371,48.26538,310.65,1.28,50,2026-09-09T21:42:00Z,N20,Routine Flare
firms-2026-09-09-2123-42598,49.6081,73.7354,303.43,0.73,50,2026-09-09T21:23:00Z,N20,Routine Flare
firms-2026-09-09-2121-42599,66.95988,75.53112,296.43,11.83,50,2026-09-09T21:21:00Z,N20,Routine Flare
firms-2026-09-09-2142-42600,-14.96447,48.26954,304.31,0.71,50,2026-09-09T21:42:00Z,N20,Routine Flare
firms-2026-09-09-2123-42601,49.59695,73.79928,310.58,1,50,2026-09-09T21:23:00Z,N20,Routine Flare
firms-2026-09-09-2121-42602,66.95525,75.53909,341.49,15.11,50,2026-09-09T21:21:00Z,N20,Industrial Fire
firms-2026-09-09-2142-42603,-14.96501,48.26624,307.39,0.9,50,2026-09-09T21:42:00Z,N20,Routine Flare
firms-2026-09-09-2123-42604,49.59368,73.79794,297.86,1,50,2026-09-09T21:23:00Z,N20,Routine Flare
firms-2026-09-09-2121-42605,66.95636,75.52863,298.67,15.11,50,2026-09-09T21:21:00Z,N20,Industrial Fire
firms-2026-09-09-2142-42606,-14.96581,48.27038,302.11,0.36,50,2026-09-09T21:42:00Z,N20,Routine Flare
firms-2026-09-09-2123-42607,49.58949,73.80189,313.71,1.17,50,2026-09-09T21:23:00Z,N20,Routine Flare
firms-2026-09-09-2121-42608,66.90707,75.59872,328.51,8.06,50,2026-09-09T21:21:00Z,N20,Routine Flare
firms-2026-09-09-2123-42609,49.58715,73.79523,307.62,1.17,50,2026-09-09T21:23:00Z,N20,Routine Flare
firms-2026-09-09-2142-42610,-14.89971,47.78079,302.38,0.7,50,2026-09-09T21:42:00Z,N20,Routine Flare
firms-2026-09-09-2121-42611,66.90596,75.60908,326.57,8.06,50,2026-09-09T21:21:00Z,N20,Routine Flare
firms-2026-09-09-2123-42612,49.52789,73.83337,301.58,0.44,50,2026-09-09T21:23:00Z,N20,Routine Flare
firms-2026-09-09-2142-42613,-14.99593,47.87422,307.36,0.63,50,2026-09-09T21:42:00Z,N20,Routine Flare
firms-2026-09-09-2121-42614,66.6853,77.31134,318.46,1.62,50,2026-09-09T21:21:00Z,N20,Routine Flare
firms-2026-09-09-2123-42615,49.52462,73.832,308.41,0.44,50,2026-09-09T21:23:00Z,N20,Routine Flare
firms-2026-09-09-2142-42616,-14.99953,47.86879,302.71,0.68,50,2026-09-09T21:42:00Z,N20,Routine Flare
firms-2026-09-09-2121-42617,66.66048,76.83858,326.06,2.37,50,2026-09-09T21:21:00Z,N20,Routine Flare
firms-2026-09-09-2123-42618,49.04536,74.18967,300.62,1.54,50,2026-09-09T21:23:00Z,N20,Routine Flare
firms-2026-09-09-2142-42619,-15.00037,47.87331,308.08,0.68,50,2026-09-09T21:42:00Z,N20,Routine Flare
firms-2026-09-09-2121-42620,66.65936,76.84819,295.49,2.37,50,2026-09-09T21:21:00Z,N20,Routine Flare
firms-2026-09-09-2123-42621,44.80118,86.46838,297.81,0.69,50,2026-09-09T21:23:00Z,N20,Routine Flare
firms-2026-09-09-2121-42622,66.56199,77.16972,320.41,17.49,50,2026-09-09T21:21:00Z,N20,Industrial Fire
firms-2026-09-09-2142-42623,-14.99898,47.87584,309.38,1.97,50,2026-09-09T21:42:00Z,N20,Routine Flare
firms-2026-09-09-2123-42624,44.59579,86.05455,296.94,1.06,50,2026-09-09T21:23:00Z,N20,Routine Flare
firms-2026-09-09-2121-42625,66.5514,76.69808,330.9,44.41,50,2026-09-09T21:21:00Z,N20,Industrial Fire
firms-2026-09-09-2142-42626,-15.08245,47.7801,320.56,3.25,50,2026-09-09T21:42:00Z,N20,Routine Flare
firms-2026-09-09-2123-42627,44.46021,86.10294,303.73,2.47,50,2026-09-09T21:23:00Z,N20,Routine Flare
firms-2026-09-09-2121-42628,66.47681,77.16995,295.79,0.68,50,2026-09-09T21:21:00Z,N20,Routine Flare
firms-2026-09-09-2142-42629,-15.13723,48.00162,306.21,0.91,50,2026-09-09T21:42:00Z,N20,Routine Flare
firms-2026-09-09-2123-42630,44.45468,86.07842,308.43,2.64,50,2026-09-09T21:23:00Z,N20,Routine Flare
firms-2026-09-09-2121-42631,66.33382,77.8273,302.74,0.78,50,2026-09-09T21:21:00Z,N20,Routine Flare
firms-2026-09-09-2144-42632,-15.14682,48.00421,311.18,1.53,50,2026-09-09T21:44:00Z,N20,Routine Flare
firms-2026-09-09-2123-42633,44.45689,86.1059,306.46,2.03,50,2026-09-09T21:23:00Z,N20,Routine Flare
firms-2026-09-09-2121-42634,66.33173,77.83092,315.64,1.45,50,2026-09-09T21:21:00Z,N20,Routine Flare
firms-2026-09-09-2144-42635,-15.13725,48.00414,306.49,0.67,50,2026-09-09T21:44:00Z,N20,Routine Flare
firms-2026-09-09-2123-42636,43.94492,87.65947,298.74,0.86,50,2026-09-09T21:23:00Z,N20,Routine Flare
firms-2026-09-09-2121-42637,66.44126,76.91268,328.44,2.71,50,2026-09-09T21:21:00Z,N20,Routine Flare
firms-2026-09-09-2144-42638,-15.14602,48.00235,311.85,1.5,50,2026-09-09T21:44:00Z,N20,Routine Flare
firms-2026-09-09-2123-42639,44.45315,86.07538,306.59,2.39,50,2026-09-09T21:23:00Z,N20,Routine Flare
firms-2026-09-09-2121-42640,66.36672,76.98029,334.64,4.14,50,2026-09-09T21:21:00Z,N20,Routine Flare
firms-2026-09-09-2144-42641,-15.08177,47.64356,302.33,0.85,50,2026-09-09T21:44:00Z,N20,Routine Flare
firms-2026-09-09-2123-42642,44.44249,84.76228,299.65,0.55,50,2026-09-09T21:23:00Z,N20,Routine Flare
firms-2026-09-09-2121-42643,66.55949,74.87587,326.5,4.13,50,2026-09-09T21:21:00Z,N20,Routine Flare
firms-2026-09-09-2144-42644,-15.2314,48.40451,324.76,2.15,50,2026-09-09T21:44:00Z,N20,Routine Flare
firms-2026-09-09-2123-42645,46.83369,74.95118,301.25,0.79,50,2026-09-09T21:23:00Z,N20,Routine Flare
firms-2026-09-09-2121-42646,66.5563,74.87779,328.56,4.02,50,2026-09-09T21:21:00Z,N20,Routine Flare
firms-2026-09-09-2144-42647,-15.15561,48.00483,301.6,0.65,50,2026-09-09T21:44:00Z,N20,Routine Flare
firms-2026-09-09-2123-42648,46.82214,74.93413,328.59,4.79,50,2026-09-09T21:23:00Z,N20,Routine Flare
firms-2026-09-09-2121-42649,66.31311,76.99439,326.13,5.26,50,2026-09-09T21:21:00Z,N20,Routine Flare
firms-2026-09-09-2144-42650,-15.15646,48.00927,301.21,0.5,50,2026-09-09T21:44:00Z,N20,Routine Flare
firms-2026-09-09-2123-42651,46.82103,74.93981,304.9,4.79,50,2026-09-09T21:23:00Z,N20,Routine Flare
firms-2026-09-09-2121-42652,66.3187,76.79424,339.58,9.17,50,2026-09-09T21:21:00Z,N20,Routine Flare
firms-2026-09-09-2144-42653,-15.23062,48.40038,303.46,1.49,50,2026-09-09T21:44:00Z,N20,Routine Flare
firms-2026-09-09-2123-42654,47.77361,67.72256,299.79,0.93,50,2026-09-09T21:23:00Z,N20,Routine Flare
firms-2026-09-09-2121-42655,66.18795,77.68231,326.89,4.83,50,2026-09-09T21:21:00Z,N20,Routine Flare
firms-2026-09-09-2144-42656,-15.15916,47.99954,302.2,0.9,50,2026-09-09T21:44:00Z,N20,Routine Flare
firms-2026-09-09-2123-42657,47.77072,67.74514,313.97,1.57,50,2026-09-09T21:23:00Z,N20,Routine Flare
firms-2026-09-09-2144-42658,-15.16,48.00391,310.03,0.9,50,2026-09-09T21:44:00Z,N20,Routine Flare
firms-2026-09-09-2121-42659,66.27905,76.75484,326.87,4.14,50,2026-09-09T21:21:00Z,N20,Routine Flare
firms-2026-09-09-2123-42660,47.76728,67.74417,339.74,5.92,50,2026-09-09T21:23:00Z,N20,Routine Flare
firms-2026-09-09-2144-42661,-15.23567,48.40365,300.96,0.76,50,2026-09-09T21:44:00Z,N20,Routine Flare
firms-2026-09-09-2121-42662,66.24978,76.81508,327.59,10.7,50,2026-09-09T21:21:00Z,N20,Routine Flare
firms-2026-09-09-2123-42663,48.47377,57.66522,318.91,1.26,50,2026-09-09T21:23:00Z,N20,Routine Flare
firms-2026-09-09-2144-42664,-15.11664,47.75249,323.67,2.97,50,2026-09-09T21:44:00Z,N20,Routine Flare
firms-2026-09-09-2123-42665,44.74517,82.06001,300.7,0.4,50,2026-09-09T21:23:00Z,N20,Routine Flare
firms-2026-09-09-2121-42666,66.19964,77.23277,332.49,3.71,50,2026-09-09T21:21:00Z,N20,Routine Flare
firms-2026-09-09-2144-42667,-15.11749,47.75695,321.48,2.72,50,2026-09-09T21:44:00Z,N20,Routine Flare
firms-2026-09-09-2125-42668,48.16664,57.14157,327.45,1.83,50,2026-09-09T21:25:00Z,N20,Routine Flare
firms-2026-09-09-2121-42669,66.24639,76.81258,300.37,2.21,50,2026-09-09T21:21:00Z,N20,Routine Flare
firms-2026-09-09-2144-42670,-15.11499,47.74387,304.22,0.75,50,2026-09-09T21:44:00Z,N20,Routine Flare
firms-2026-09-09-2125-42671,48.16111,57.14115,367,8.68,50,2026-09-09T21:25:00Z,N20,Industrial Fire
firms-2026-09-09-2121-42672,66.24528,76.82196,315.34,3.52,50,2026-09-09T21:21:00Z,N20,Routine Flare
firms-2026-09-09-2144-42673,-15.14234,47.88717,311.06,0.96,50,2026-09-09T21:44:00Z,N20,Routine Flare
firms-2026-09-09-2125-42674,43.91303,81.02377,321.68,2.45,50,2026-09-09T21:25:00Z,N20,Routine Flare
firms-2026-09-09-2121-42675,66.16376,76.9482,328.08,7.06,50,2026-09-09T21:21:00Z,N20,Routine Flare
firms-2026-09-09-2144-42676,-15.12031,47.74741,300.89,1.44,50,2026-09-09T21:44:00Z,N20,Routine Flare
firms-2026-09-09-2125-42677,43.53189,81.96146,297.96,1.14,50,2026-09-09T21:25:00Z,N20,Routine Flare
firms-2026-09-09-2121-42678,66.16265,76.95747,299.77,6.29,50,2026-09-09T21:21:00Z,N20,Routine Flare
firms-2026-09-09-2144-42679,-15.12193,47.75594,312.74,0.94,50,2026-09-09T21:44:00Z,N20,Routine Flare
firms-2026-09-09-2125-42680,43.5282,81.95459,308.26,1.14,50,2026-09-09T21:25:00Z,N20,Routine Flare
firms-2026-09-09-2121-42681,66.16039,76.9457,299.28,7.06,50,2026-09-09T21:21:00Z,N20,Routine Flare
firms-2026-09-09-2125-42682,43.52707,81.95865,312.91,1.14,50,2026-09-09T21:25:00Z,N20,Routine Flare
firms-2026-09-09-2144-42683,-15.12282,47.76056,302.18,0.94,50,2026-09-09T21:44:00Z,N20,Routine Flare
firms-2026-09-09-2121-42684,66.15927,76.95497,302.66,6.29,50,2026-09-09T21:21:00Z,N20,Routine Flare
firms-2026-09-09-2125-42685,45.38868,73.65161,298.62,0.8,50,2026-09-09T21:25:00Z,N20,Routine Flare
firms-2026-09-09-2144-42686,-15.12639,47.755,302.15,0.94,50,2026-09-09T21:44:00Z,N20,Routine Flare
firms-2026-09-09-2121-42687,66.10666,76.83825,310.43,0.99,50,2026-09-09T21:21:00Z,N20,Routine Flare
firms-2026-09-09-2125-42688,44.37527,78.07027,296.61,0.97,50,2026-09-09T21:25:00Z,N20,Routine Flare
firms-2026-09-09-2144-42689,-15.12832,47.74081,301.51,1.02,50,2026-09-09T21:44:00Z,N20,Routine Flare
firms-2026-09-09-2121-42690,66.09766,76.85178,305.61,1.1,50,2026-09-09T21:21:00Z,N20,Routine Flare
firms-2026-09-09-2144-42691,-15.12917,47.74525,305.24,0.85,50,2026-09-09T21:44:00Z,N20,Routine Flare
firms-2026-09-09-2125-42692,46.13847,65.01608,297.28,0.73,50,2026-09-09T21:25:00Z,N20,Routine Flare
firms-2026-09-09-2121-42693,66.05279,77.00946,337.18,11.36,50,2026-09-09T21:21:00Z,N20,Routine Flare
firms-2026-09-09-2144-42694,-15.13001,47.74968,303.84,0.85,50,2026-09-09T21:44:00Z,N20,Routine Flare
firms-2026-09-09-2125-42695,45.95124,65.72245,327.65,2.93,50,2026-09-09T21:25:00Z,N20,Routine Flare
firms-2026-09-09-2121-42696,65.97205,76.91384,328.6,5.88,50,2026-09-09T21:21:00Z,N20,Routine Flare
firms-2026-09-09-2144-42697,-15.13085,47.7541,303.88,0.88,50,2026-09-09T21:44:00Z,N20,Routine Flare
firms-2026-09-09-2121-42698,65.85976,76.95487,332.03,18.27,50,2026-09-09T21:21:00Z,N20,Industrial Fire
firms-2026-09-09-2125-42699,45.95053,65.72849,312.47,2.39,50,2026-09-09T21:25:00Z,N20,Routine Flare
firms-2026-09-09-2121-42700,65.82714,76.86174,340.16,10.25,50,2026-09-09T21:21:00Z,N20,Routine Flare
firms-2026-09-09-2144-42701,-15.13449,47.74884,300.74,0.85,50,2026-09-09T21:44:00Z,N20,Routine Flare
firms-2026-09-09-2125-42702,45.8324,66.13903,301.69,0.4,50,2026-09-09T21:25:00Z,N20,Routine Flare
firms-2026-09-09-2121-42703,66.72869,56.97173,300.13,0.83,50,2026-09-09T21:21:00Z,N20,Routine Flare
firms-2026-09-09-2144-42704,-15.13617,47.75769,301.4,0.88,50,2026-09-09T21:44:00Z,N20,Routine Flare
firms-2026-09-09-2125-42705,45.83081,66.13726,307.84,0.7,50,2026-09-09T21:25:00Z,N20,Routine Flare
firms-2026-09-09-2121-42706,66.7314,56.97441,297.81,0.64,50,2026-09-09T21:21:00Z,N20,Routine Flare
firms-2026-09-09-2144-42707,-15.14,47.72899,313.42,1.26,50,2026-09-09T21:44:00Z,N20,Routine Flare
firms-2026-09-09-2125-42708,45.77105,65.64041,307.2,0.63,50,2026-09-09T21:25:00Z,N20,Routine Flare
firms-2026-09-09-2121-42709,66.20123,70.98997,335.36,6.33,50,2026-09-09T21:21:00Z,N20,Routine Flare
firms-2026-09-09-2144-42710,-15.14184,47.71419,337.77,14.99,50,2026-09-09T21:44:00Z,N20,Routine Flare
firms-2026-09-09-2121-42711,57.53908,105.86964,323.17,4.95,50,2026-09-09T21:21:00Z,N20,Routine Flare
firms-2026-09-09-2125-42712,45.76743,65.63955,305.47,0.82,50,2026-09-09T21:25:00Z,N20,Routine Flare
firms-2026-09-09-2144-42713,-15.14271,47.71877,355.33,14.99,50,2026-09-09T21:44:00Z,N20,Routine Flare
firms-2026-09-09-2121-42714,60.87035,97.48797,300.92,0.61,50,2026-09-09T21:21:00Z,N20,Routine Flare
firms-2026-09-09-2125-42715,42.13674,83.11897,301.52,1.1,50,2026-09-09T21:25:00Z,N20,Routine Flare
firms-2026-09-09-2121-42716,60.84662,97.35658,367,6.74,50,2026-09-09T21:21:00Z,N20,Industrial Fire
firms-2026-09-09-2144-42717,-15.14358,47.72336,326.7,5.16,50,2026-09-09T21:44:00Z,N20,Routine Flare
firms-2026-09-09-2125-42718,41.76338,83.27213,301.66,1.03,50,2026-09-09T21:25:00Z,N20,Routine Flare
firms-2026-09-09-2121-42719,60.84838,97.3514,301.82,6.74,50,2026-09-09T21:21:00Z,N20,Routine Flare
firms-2026-09-09-2144-42720,-15.15121,47.76375,321.93,1.88,50,2026-09-09T21:44:00Z,N20,Routine Flare
firms-2026-09-09-2125-42721,41.76287,83.27039,302.39,0.99,50,2026-09-09T21:25:00Z,N20,Routine Flare
firms-2026-09-09-2121-42722,60.84255,97.35028,326.71,6.74,50,2026-09-09T21:21:00Z,N20,Routine Flare
firms-2026-09-09-2121-42723,66.43012,56.59417,304.23,2.13,50,2026-09-09T21:21:00Z,N20,Routine Flare
firms-2026-09-09-2125-42724,45.8988,53.29264,353.56,7.79,50,2026-09-09T21:25:00Z,N20,Routine Flare
firms-2026-09-09-2144-42725,-15.15484,47.75848,302.62,1.88,50,2026-09-09T21:44:00Z,N20,Routine Flare
firms-2026-09-09-2121-42726,66.43417,56.59548,308.95,3.71,50,2026-09-09T21:21:00Z,N20,Routine Flare
firms-2026-09-09-2125-42727,45.89948,53.29128,352.7,6.56,50,2026-09-09T21:25:00Z,N20,Routine Flare
firms-2026-09-09-2144-42728,-15.31161,48.47965,304.57,0.85,50,2026-09-09T21:44:00Z,N20,Routine Flare
firms-2026-09-09-2121-42729,66.4343,56.60642,299.47,3.1,50,2026-09-09T21:21:00Z,N20,Routine Flare
firms-2026-09-09-2125-42730,42.91509,74.87316,319.86,3.39,50,2026-09-09T21:25:00Z,N20,Routine Flare
firms-2026-09-09-2144-42731,-15.31328,48.48876,305.94,3.09,50,2026-09-09T21:44:00Z,N20,Routine Flare
firms-2026-09-09-2121-42732,60.78323,97.07101,326.06,17.59,50,2026-09-09T21:21:00Z,N20,Industrial Fire
firms-2026-09-09-2125-42733,42.93251,71.28146,323.07,2.76,50,2026-09-09T21:25:00Z,N20,Routine Flare
firms-2026-09-09-2121-42734,60.78149,97.0761,326.7,30.17,50,2026-09-09T21:21:00Z,N20,Industrial Fire
firms-2026-09-09-2144-42735,-15.31748,48.48767,337.41,3.09,50,2026-09-09T21:44:00Z,N20,Routine Flare
firms-2026-09-09-2125-42736,40.0351,83.04967,299.76,0.59,50,2026-09-09T21:25:00Z,N20,Routine Flare
firms-2026-09-09-2121-42737,60.77743,97.06988,306.29,1.78,50,2026-09-09T21:21:00Z,N20,Routine Flare
firms-2026-09-09-2144-42738,-15.31503,48.47427,310.82,0.85,50,2026-09-09T21:44:00Z,N20,Routine Flare
firms-2026-09-09-2121-42739,60.78175,97.07478,367,18.02,50,2026-09-09T21:21:00Z,N20,Industrial Fire
firms-2026-09-09-2125-42740,42.35534,69.73045,300.1,0.94,50,2026-09-09T21:25:00Z,N20,Routine Flare
firms-2026-09-09-2144-42741,-15.31583,48.47864,307.08,0.85,50,2026-09-09T21:44:00Z,N20,Routine Flare
firms-2026-09-09-2121-42742,60.78008,97.07973,312.79,18.38,50,2026-09-09T21:21:00Z,N20,Industrial Fire
firms-2026-09-09-2125-42743,42.31454,69.5398,328.24,2.37,50,2026-09-09T21:25:00Z,N20,Routine Flare
firms-2026-09-09-2121-42744,60.77769,97.06855,303.66,18.02,50,2026-09-09T21:21:00Z,N20,Industrial Fire
firms-2026-09-09-2144-42745,-15.31925,48.47327,310.1,1.28,50,2026-09-09T21:44:00Z,N20,Routine Flare
firms-2026-09-09-2125-42746,42.31379,69.5444,317.2,2.37,50,2026-09-09T21:25:00Z,N20,Routine Flare
firms-2026-09-09-2121-42747,60.43579,97.79098,351.4,4.3,50,2026-09-09T21:21:00Z,N20,Routine Flare
firms-2026-09-09-2144-42748,-15.32004,48.47762,306.66,1.28,50,2026-09-09T21:44:00Z,N20,Routine Flare
firms-2026-09-09-2125-42749,43.10991,58.68949,307.32,1.19,50,2026-09-09T21:25:00Z,N20,Routine Flare
firms-2026-09-09-2121-42750,60.43703,97.67752,367,7.81,50,2026-09-09T21:21:00Z,N20,Industrial Fire
firms-2026-09-09-2144-42751,-15.19766,47.53429,314.13,2.09,50,2026-09-09T21:44:00Z,N20,Routine Flare
firms-2026-09-09-2125-42752,43.10824,58.6895,297.2,1.09,50,2026-09-09T21:25:00Z,N20,Routine Flare
firms-2026-09-09-2121-42753,60.43533,97.6824,299.96,7.81,50,2026-09-09T21:21:00Z,N20,Routine Flare
firms-2026-09-09-2144-42754,-15.29064,47.97514,302.14,0.38,50,2026-09-09T21:44:00Z,N20,Routine Flare
firms-2026-09-09-2125-42755,41.45372,69.59016,300.44,0.46,50,2026-09-09T21:25:00Z,N20,Routine Flare
firms-2026-09-09-2121-42756,60.43557,97.67582,367,14.15,50,2026-09-09T21:21:00Z,N20,Industrial Fire
firms-2026-09-09-2144-42757,-15.34784,48.08711,309.58,0.98,50,2026-09-09T21:44:00Z,N20,Routine Flare
firms-2026-09-09-2125-42758,40.97367,71.40604,306.41,1.1,50,2026-09-09T21:25:00Z,N20,Routine Flare
firms-2026-09-09-2121-42759,60.43389,97.68066,301.79,8.21,50,2026-09-09T21:21:00Z,N20,Routine Flare
firms-2026-09-09-2144-42760,-15.31625,47.33696,300.1,0.55,50,2026-09-09T21:44:00Z,N20,Routine Flare
firms-2026-09-09-2121-42761,60.49458,97.41223,367,3.59,50,2026-09-09T21:21:00Z,N20,Industrial Fire
firms-2026-09-09-2125-42762,41.04008,70.17212,311.32,1.62,50,2026-09-09T21:25:00Z,N20,Routine Flare
firms-2026-09-09-2144-42763,-15.46611,46.85306,309.54,1.37,50,2026-09-09T21:44:00Z,N20,Routine Flare
firms-2026-09-09-2121-42764,60.44678,97.55109,367,7.39,50,2026-09-09T21:21:00Z,N20,Industrial Fire
firms-2026-09-09-2125-42765,41.03849,70.18137,308.84,0.88,50,2026-09-09T21:25:00Z,N20,Routine Flare
firms-2026-09-09-2144-42766,-15.46704,46.85265,302.9,1,50,2026-09-09T21:44:00Z,N20,Routine Flare
firms-2026-09-09-2121-42767,60.44495,97.55638,351.22,9.31,50,2026-09-09T21:21:00Z,N20,Routine Flare
firms-2026-09-09-2125-42768,40.56515,72.57475,315.4,2.12,50,2026-09-09T21:25:00Z,N20,Routine Flare
firms-2026-09-09-2144-42769,-15.58591,47.21511,301.41,0.76,50,2026-09-09T21:44:00Z,N20,Routine Flare
firms-2026-09-09-2121-42770,60.44252,97.54501,342.1,6.45,50,2026-09-09T21:21:00Z,N20,Routine Flare
firms-2026-09-09-2125-42771,40.56883,72.53701,307.97,0.89,50,2026-09-09T21:25:00Z,N20,Routine Flare
firms-2026-09-09-2144-42772,-15.60823,46.51096,302.16,0.94,50,2026-09-09T21:44:00Z,N20,Routine Flare
firms-2026-09-09-2121-42773,60.44073,97.55019,346.96,6.61,50,2026-09-09T21:21:00Z,N20,Routine Flare
firms-2026-09-09-2125-42774,40.56717,72.53471,305.8,0.78,50,2026-09-09T21:25:00Z,N20,Routine Flare
firms-2026-09-09-2144-42775,-15.97687,48.42835,303.45,0.87,50,2026-09-09T21:44:00Z,N20,Routine Flare
firms-2026-09-09-2121-42776,60.44786,97.15118,367,5.88,50,2026-09-09T21:21:00Z,N20,Industrial Fire
firms-2026-09-09-2125-42777,40.93393,69.64637,310.98,1.57,50,2026-09-09T21:25:00Z,N20,Routine Flare
firms-2026-09-09-2144-42778,-15.97675,48.42962,306.84,0.75,50,2026-09-09T21:44:00Z,N20,Routine Flare
firms-2026-09-09-2121-42779,60.44605,97.15647,296.98,3.26,50,2026-09-09T21:21:00Z,N20,Routine Flare
firms-2026-09-09-2125-42780,40.84525,69.74761,317.27,1.1,50,2026-09-09T21:25:00Z,N20,Routine Flare
firms-2026-09-09-2144-42781,-15.60678,46.50983,304.52,0.7,50,2026-09-09T21:44:00Z,N20,Routine Flare
firms-2026-09-09-2121-42782,64.85042,77.25538,314.3,1.41,50,2026-09-09T21:21:00Z,N20,Routine Flare
firms-2026-09-09-2125-42783,40.85542,69.64584,305.73,0.76,50,2026-09-09T21:25:00Z,N20,Routine Flare
firms-2026-09-09-2144-42784,-16.01155,48.45209,308.4,0.9,50,2026-09-09T21:44:00Z,N20,Routine Flare
firms-2026-09-09-2121-42785,64.85092,77.25859,311.65,1.65,50,2026-09-09T21:21:00Z,N20,Routine Flare
firms-2026-09-09-2125-42786,40.86776,69.53058,320.39,2.25,50,2026-09-09T21:25:00Z,N20,Routine Flare
firms-2026-09-09-2144-42787,-15.87794,47.48204,305.98,0.99,50,2026-09-09T21:44:00Z,N20,Routine Flare
firms-2026-09-09-2121-42788,60.43013,96.51192,367,25.74,50,2026-09-09T21:21:00Z,N20,Industrial Fire
firms-2026-09-09-2125-42789,40.86373,69.53416,328.63,3.33,50,2026-09-09T21:25:00Z,N20,Routine Flare
firms-2026-09-09-2144-42790,-16.00636,48.14211,321.69,2.6,50,2026-09-09T21:44:00Z,N20,Routine Flare
firms-2026-09-09-2121-42791,60.43173,96.50713,296.74,25.74,50,2026-09-09T21:21:00Z,N20,Industrial Fire
firms-2026-09-09-2125-42792,40.86298,69.53869,325.06,3.33,50,2026-09-09T21:25:00Z,N20,Routine Flare
firms-2026-09-09-2144-42793,-15.98046,47.83307,309.75,1.58,50,2026-09-09T21:44:00Z,N20,Routine Flare
firms-2026-09-09-2121-42794,60.42682,96.52187,307.1,33.86,50,2026-09-09T21:21:00Z,N20,Industrial Fire
firms-2026-09-09-2144-42795,-15.97982,47.82998,303.86,1.43,50,2026-09-09T21:44:00Z,N20,Routine Flare
firms-2026-09-09-2125-42796,41.50983,64.5477,301.9,0.81,50,2026-09-09T21:25:00Z,N20,Routine Flare
firms-2026-09-09-2121-42797,60.42587,96.50638,367,25.74,50,2026-09-09T21:21:00Z,N20,Industrial Fire
firms-2026-09-09-2144-42798,-16.06285,47.90943,308.71,1.03,50,2026-09-09T21:44:00Z,N20,Routine Flare
firms-2026-09-09-2125-42799,40.63049,68.93181,324.62,1.94,50,2026-09-09T21:25:00Z,N20,Routine Flare
firms-2026-09-09-2121-42800,60.42425,96.51124,355.22,33.86,50,2026-09-09T21:21:00Z,N20,Industrial Fire
firms-2026-09-09-2144-42801,-16.07309,47.91595,300.66,0.96,50,2026-09-09T21:44:00Z,N20,Routine Flare
firms-2026-09-09-2121-42802,60.42264,96.51609,304.41,33.86,50,2026-09-09T21:21:00Z,N20,Industrial Fire
firms-2026-09-09-2125-42803,40.62977,68.93629,314.34,1.88,50,2026-09-09T21:25:00Z,N20,Routine Flare
firms-2026-09-09-2144-42804,-16.07862,47.8973,306.07,1.11,50,2026-09-09T21:44:00Z,N20,Routine Flare
firms-2026-09-09-2121-42805,64.90691,75.50532,331.68,5.19,50,2026-09-09T21:21:00Z,N20,Routine Flare
firms-2026-09-09-2125-42806,40.38492,67.4392,310.92,1.12,50,2026-09-09T21:25:00Z,N20,Routine Flare
firms-2026-09-09-2121-42807,60.43721,96.25317,333.38,43.96,50,2026-09-09T21:21:00Z,N20,Industrial Fire
firms-2026-09-09-2144-42808,-16.11709,47.52259,316.17,1.17,50,2026-09-09T21:44:00Z,N20,Routine Flare
firms-2026-09-09-2125-42809,40.36008,67.55949,309.83,1,50,2026-09-09T21:25:00Z,N20,Routine Flare
firms-2026-09-09-2121-42810,60.44064,96.24287,295.86,43.96,50,2026-09-09T21:21:00Z,N20,Industrial Fire
firms-2026-09-09-2144-42811,-16.21197,47.80971,323.36,2.57,50,2026-09-09T21:44:00Z,N20,Routine Flare
firms-2026-09-09-2125-42812,40.35137,67.59471,302.77,0.55,50,2026-09-09T21:25:00Z,N20,Routine Flare
firms-2026-09-09-2121-42813,60.43282,96.24818,321.33,4.59,50,2026-09-09T21:21:00Z,N20,Routine Flare
firms-2026-09-09-2144-42814,-16.22256,47.79397,337.89,5.53,50,2026-09-09T21:44:00Z,N20,Routine Flare
firms-2026-09-09-2125-42815,40.30684,67.6862,303.44,0.82,50,2026-09-09T21:25:00Z,N20,Routine Flare
firms-2026-09-09-2121-42816,64.68709,76.72462,295.46,0.35,50,2026-09-09T21:21:00Z,N20,Routine Flare
firms-2026-09-09-2144-42817,-16.01783,46.35519,304.42,1.02,50,2026-09-09T21:44:00Z,N20,Routine Flare
firms-2026-09-09-2125-42818,40.30497,67.65538,300.77,0.54,50,2026-09-09T21:25:00Z,N20,Routine Flare
firms-2026-09-09-2121-42819,64.18738,79.63991,300.66,0.75,50,2026-09-09T21:21:00Z,N20,Routine Flare
firms-2026-09-09-2144-42820,-16.02264,46.35416,308.86,1.02,50,2026-09-09T21:44:00Z,N20,Routine Flare
firms-2026-09-09-2125-42821,41.52309,52.6143,299.18,0.91,50,2026-09-09T21:25:00Z,N20,Routine Flare
firms-2026-09-09-2121-42822,64.42104,77.70522,298.72,0.91,50,2026-09-09T21:21:00Z,N20,Routine Flare
firms-2026-09-09-2144-42823,-16.02089,46.35317,314.34,2.89,50,2026-09-09T21:44:00Z,N20,Routine Flare
firms-2026-09-09-2125-42824,40.01167,68.44428,323.86,1.75,50,2026-09-09T21:25:00Z,N20,Routine Flare
firms-2026-09-09-2121-42825,64.41778,77.70284,319.55,0.91,50,2026-09-09T21:21:00Z,N20,Routine Flare
firms-2026-09-09-2144-42826,-15.95226,45.67572,305.82,1.01,50,2026-09-09T21:44:00Z,N20,Routine Flare
firms-2026-09-09-2125-42827,39.85486,66.19839,306.62,0.97,50,2026-09-09T21:25:00Z,N20,Routine Flare
firms-2026-09-09-2121-42828,63.44643,80.98249,324.72,2.28,50,2026-09-09T21:21:00Z,N20,Routine Flare
firms-2026-09-09-2127-42829,39.1784,68.61208,301.04,0.96,50,2026-09-09T21:27:00Z,N20,Routine Flare
firms-2026-09-09-2144-42830,-16.43902,48.15128,311.77,1.63,50,2026-09-09T21:44:00Z,N20,Routine Flare
firms-2026-09-09-2121-42831,63.43361,80.52382,326.22,1.92,50,2026-09-09T21:21:00Z,N20,Routine Flare
firms-2026-09-09-2144-42832,-16.08438,46.24207,303.36,0.88,50,2026-09-09T21:44:00Z,N20,Routine Flare
firms-2026-09-09-2127-42833,39.50409,66.15265,329.38,3.37,50,2026-09-09T21:27:00Z,N20,Routine Flare
firms-2026-09-09-2121-42834,63.24257,80.99031,298.29,0.58,50,2026-09-09T21:21:00Z,N20,Routine Flare
firms-2026-09-09-2144-42835,-16.48165,48.26276,300.73,0.91,50,2026-09-09T21:44:00Z,N20,Routine Flare
firms-2026-09-09-2127-42836,39.18187,65.31423,312.25,0.72,50,2026-09-09T21:27:00Z,N20,Routine Flare
firms-2026-09-09-2121-42837,63.4707,76.77142,315.01,0.75,50,2026-09-09T21:21:00Z,N20,Routine Flare
firms-2026-09-09-2144-42838,-16.10385,46.07172,303.22,0.8,50,2026-09-09T21:44:00Z,N20,Routine Flare
firms-2026-09-09-2127-42839,39.40894,62.84583,306.5,0.81,50,2026-09-09T21:27:00Z,N20,Routine Flare
firms-2026-09-09-2121-42840,63.47038,76.7724,317.86,0.96,50,2026-09-09T21:21:00Z,N20,Routine Flare
firms-2026-09-09-2121-42841,63.4671,76.7702,295.42,0.96,50,2026-09-09T21:21:00Z,N20,Routine Flare
firms-2026-09-09-2144-42842,-16.04519,45.72726,306.57,2.01,50,2026-09-09T21:44:00Z,N20,Routine Flare
firms-2026-09-09-2127-42843,39.28613,63.76379,307.1,4.04,50,2026-09-09T21:27:00Z,N20,Routine Flare
firms-2026-09-09-2121-42844,63.77077,72.618,297.54,1.02,50,2026-09-09T21:21:00Z,N20,Routine Flare
firms-2026-09-09-2144-42845,-16.0458,45.7303,318.14,2.27,50,2026-09-09T21:44:00Z,N20,Routine Flare
firms-2026-09-09-2121-42846,63.12314,77.85068,308.48,0.84,50,2026-09-09T21:21:00Z,N20,Routine Flare
firms-2026-09-09-2144-42847,-16.29957,46.25646,302.79,0.76,50,2026-09-09T21:44:00Z,N20,Routine Flare
firms-2026-09-09-2127-42848,39.28315,63.75759,321.05,5.53,50,2026-09-09T21:27:00Z,N20,Routine Flare
firms-2026-09-09-2121-42849,62.38541,80.17783,318.97,1.44,50,2026-09-09T21:21:00Z,N20,Routine Flare
firms-2026-09-09-2144-42850,-16.63061,47.64951,338.02,4.1,50,2026-09-09T21:44:00Z,N20,Routine Flare
firms-2026-09-09-2127-42851,39.28249,63.76305,322.85,4.04,50,2026-09-09T21:27:00Z,N20,Routine Flare
firms-2026-09-09-2121-42852,62.87959,76.76923,296.76,0.47,50,2026-09-09T21:21:00Z,N20,Routine Flare
firms-2026-09-09-2144-42853,-16.62883,47.64025,312.29,1.52,50,2026-09-09T21:44:00Z,N20,Routine Flare
firms-2026-09-09-2121-42854,62.14164,79.44716,310.1,0.74,50,2026-09-09T21:21:00Z,N20,Routine Flare
firms-2026-09-09-2127-42855,39.2486,63.95041,327.48,3.46,50,2026-09-09T21:27:00Z,N20,Routine Flare
firms-2026-09-09-2144-42856,-16.46466,46.29457,304.27,1.29,50,2026-09-09T21:44:00Z,N20,Routine Flare
firms-2026-09-09-2121-42857,62.33229,78.16572,320.84,1.6,50,2026-09-09T21:21:00Z,N20,Routine Flare
firms-2026-09-09-2127-42858,39.24926,63.94504,304.49,3.46,50,2026-09-09T21:27:00Z,N20,Routine Flare
firms-2026-09-09-2144-42859,-16.54486,46.52492,303.32,1.87,50,2026-09-09T21:44:00Z,N20,Routine Flare
firms-2026-09-09-2121-42860,62.38768,77.32426,295.89,0.47,50,2026-09-09T21:21:00Z,N20,Routine Flare
firms-2026-09-09-2144-42861,-16.58594,46.2813,301.52,0.8,50,2026-09-09T21:44:00Z,N20,Routine Flare
firms-2026-09-09-2121-42862,62.36848,77.45618,319,1.78,50,2026-09-09T21:21:00Z,N20,Routine Flare
firms-2026-09-09-2144-42863,-16.58702,46.28675,305.71,1.71,50,2026-09-09T21:44:00Z,N20,Routine Flare
firms-2026-09-09-2121-42864,58.15354,95.1375,313.74,0.99,50,2026-09-09T21:21:00Z,N20,Routine Flare
firms-2026-09-09-2127-42865,39.30593,62.97226,303.89,0.85,50,2026-09-09T21:27:00Z,N20,Routine Flare
firms-2026-09-09-2144-42866,-16.69637,46.51738,301.49,0.87,50,2026-09-09T21:44:00Z,N20,Routine Flare
firms-2026-09-09-2121-42867,61.81566,77.22854,329.43,3.13,50,2026-09-09T21:21:00Z,N20,Routine Flare
firms-2026-09-09-2127-42868,39.3055,62.97693,303.05,1.15,50,2026-09-09T21:27:00Z,N20,Routine Flare
firms-2026-09-09-2144-42869,-16.70919,46.35434,320.97,2.1,50,2026-09-09T21:44:00Z,N20,Routine Flare
firms-2026-09-09-2121-42870,61.81461,77.23571,298.26,1.63,50,2026-09-09T21:21:00Z,N20,Routine Flare
firms-2026-09-09-2127-42871,39.28229,63.04456,298.98,0.33,50,2026-09-09T21:27:00Z,N20,Routine Flare
firms-2026-09-09-2121-42872,61.81244,77.22643,329.13,7.11,50,2026-09-09T21:21:00Z,N20,Routine Flare
firms-2026-09-09-2144-42873,-16.74157,46.46816,310.43,2.51,50,2026-09-09T21:44:00Z,N20,Routine Flare
firms-2026-09-09-2127-42874,39.25152,63.21063,304.56,1.79,50,2026-09-09T21:27:00Z,N20,Routine Flare
firms-2026-09-09-2144-42875,-16.74621,46.46681,320.99,2.51,50,2026-09-09T21:44:00Z,N20,Routine Flare
firms-2026-09-09-2121-42876,61.81139,77.2336,296.73,3.04,50,2026-09-09T21:21:00Z,N20,Routine Flare
firms-2026-09-09-2144-42877,-16.55459,45.32123,301.27,0.42,50,2026-09-09T21:44:00Z,N20,Routine Flare
firms-2026-09-09-2121-42878,59.11384,89.75479,305.4,1.31,50,2026-09-09T21:21:00Z,N20,Routine Flare
firms-2026-09-09-2127-42879,39.25249,63.16956,302.03,0.44,50,2026-09-09T21:27:00Z,N20,Routine Flare
firms-2026-09-09-2144-42880,-16.79289,46.1013,318.15,3.61,50,2026-09-09T21:44:00Z,N20,Routine Flare
firms-2026-09-09-2121-42881,62.39867,68.51834,306.16,1.59,50,2026-09-09T21:21:00Z,N20,Routine Flare
firms-2026-09-09-2127-42882,39.20288,63.23642,301.74,0.64,50,2026-09-09T21:27:00Z,N20,Routine Flare
firms-2026-09-09-2144-42883,-16.67291,45.39543,304.66,0.62,50,2026-09-09T21:44:00Z,N20,Routine Flare
firms-2026-09-09-2121-42884,61.48833,76.11331,321.43,1.67,50,2026-09-09T21:21:00Z,N20,Routine Flare
firms-2026-09-09-2127-42885,39.20004,63.19481,305.92,0.86,50,2026-09-09T21:27:00Z,N20,Routine Flare
firms-2026-09-09-2144-42886,-16.6748,45.2722,327.01,1.44,50,2026-09-09T21:44:00Z,N20,Routine Flare
firms-2026-09-09-2121-42887,61.42604,76.17068,322.05,1.92,50,2026-09-09T21:21:00Z,N20,Routine Flare
firms-2026-09-09-2127-42888,39.195,63.20559,303.02,0.69,50,2026-09-09T21:27:00Z,N20,Routine Flare
firms-2026-09-09-2144-42889,-17.03562,47.12801,306.47,1.09,50,2026-09-09T21:44:00Z,N20,Routine Flare
firms-2026-09-09-2121-42890,61.42706,76.16347,315.09,1.62,50,2026-09-09T21:21:00Z,N20,Routine Flare
firms-2026-09-09-2129-42891,30.73589,55.3835,312.13,0.81,50,2026-09-09T21:29:00Z,N20,Routine Flare
firms-2026-09-09-2144-42892,-17.03652,47.12555,302.16,1.5,50,2026-09-09T21:44:00Z,N20,Routine Flare
firms-2026-09-09-2121-42893,60.87649,79.04003,298.64,0.56,50,2026-09-09T21:21:00Z,N20,Routine Flare
firms-2026-09-09-2127-42894,39.1747,63.28352,300.01,1,50,2026-09-09T21:27:00Z,N20,Routine Flare
firms-2026-09-09-2144-42895,-16.67181,45.27251,326.27,1.7,50,2026-09-09T21:44:00Z,N20,Routine Flare
firms-2026-09-09-2121-42896,61.30048,75.26837,295.98,0.32,50,2026-09-09T21:21:00Z,N20,Routine Flare
firms-2026-09-09-2129-42897,30.73546,55.38459,314.58,0.78,50,2026-09-09T21:29:00Z,N20,Routine Flare
firms-2026-09-09-2127-42898,39.17405,63.28922,299.74,0.45,50,2026-09-09T21:27:00Z,N20,Routine Flare
firms-2026-09-09-2144-42899,-16.88094,44.99733,305.18,0.71,50,2026-09-09T21:44:00Z,N20,Routine Flare
firms-2026-09-09-2121-42900,60.8014,78.53486,308.08,1.04,50,2026-09-09T21:21:00Z,N20,Routine Flare
firms-2026-09-09-2127-42901,39.13571,63.61969,300.6,0.44,50,2026-09-09T21:27:00Z,N20,Routine Flare
firms-2026-09-09-2129-42902,30.15634,60.73397,307.25,0.98,50,2026-09-09T21:29:00Z,N20,Routine Flare
firms-2026-09-09-2121-42903,61.98251,68.57306,320.31,2.06,50,2026-09-09T21:21:00Z,N20,Routine Flare
firms-2026-09-09-2144-42904,-17.82327,47.24036,298.39,0.5,50,2026-09-09T21:44:00Z,N20,Routine Flare
firms-2026-09-09-2127-42905,39.17815,63.21992,299.87,0.49,50,2026-09-09T21:27:00Z,N20,Routine Flare
firms-2026-09-09-2144-42906,-17.82762,47.23919,301.78,0.85,50,2026-09-09T21:44:00Z,N20,Routine Flare
firms-2026-09-09-2121-42907,61.0432,76.74747,331.38,23.39,50,2026-09-09T21:21:00Z,N20,Industrial Fire
firms-2026-09-09-2129-42908,30.90228,49.6657,307.37,3.55,50,2026-09-09T21:29:00Z,N20,Routine Flare
firms-2026-09-09-2127-42909,39.17229,63.2714,309.38,1.07,50,2026-09-09T21:27:00Z,N20,Routine Flare
firms-2026-09-09-2144-42910,-17.77874,46.95732,312.4,1.74,50,2026-09-09T21:44:00Z,N20,Routine Flare
firms-2026-09-09-2121-42911,61.04217,76.75447,306.97,16.24,50,2026-09-09T21:21:00Z,N20,Industrial Fire
firms-2026-09-09-2129-42912,30.90199,49.67413,315.08,4.42,50,2026-09-09T21:29:00Z,N20,Routine Flare
firms-2026-09-09-2127-42913,39.17053,63.25356,313.15,1.42,50,2026-09-09T21:27:00Z,N20,Routine Flare
firms-2026-09-09-2144-42914,-17.82735,47.24094,308.86,1.56,50,2026-09-09T21:44:00Z,N20,Routine Flare
firms-2026-09-09-2121-42915,61.94941,68.46935,347.43,5.04,50,2026-09-09T21:21:00Z,N20,Routine Flare
firms-2026-09-09-2129-42916,30.89709,49.60641,315.86,4.55,50,2026-09-09T21:29:00Z,N20,Routine Flare
firms-2026-09-09-2127-42917,39.16616,63.25854,304.42,1.42,50,2026-09-09T21:27:00Z,N20,Routine Flare
firms-2026-09-09-2144-42918,-17.7809,46.95881,312.71,1.21,50,2026-09-09T21:44:00Z,N20,Routine Flare
firms-2026-09-09-2121-42919,61.95001,68.4619,295.62,5.04,50,2026-09-09T21:21:00Z,N20,Routine Flare
firms-2026-09-09-2129-42920,30.76638,49.9791,306.62,1.68,50,2026-09-09T21:29:00Z,N20,Routine Flare
firms-2026-09-09-2127-42921,39.15533,63.32043,300.45,0.5,50,2026-09-09T21:27:00Z,N20,Routine Flare
firms-2026-09-09-2144-42922,-17.5684,45.6758,319.87,2.75,50,2026-09-09T21:44:00Z,N20,Routine Flare
firms-2026-09-09-2121-42923,61.09753,76.08921,332.82,4.07,50,2026-09-09T21:21:00Z,N20,Routine Flare
firms-2026-09-09-2129-42924,30.36945,56.1256,304.06,1.71,50,2026-09-09T21:29:00Z,N20,Routine Flare
firms-2026-09-09-2127-42925,39.16936,63.25247,308.85,1.36,50,2026-09-09T21:27:00Z,N20,Routine Flare
firms-2026-09-09-2144-42926,-17.79592,46.65129,304.23,0.75,50,2026-09-09T21:44:00Z,N20,Routine Flare
firms-2026-09-09-2121-42927,61.0999,75.99773,298.81,0.39,50,2026-09-09T21:21:00Z,N20,Routine Flare
firms-2026-09-09-2129-42928,30.39315,55.77352,301.57,0.5,50,2026-09-09T21:29:00Z,N20,Routine Flare
firms-2026-09-09-2127-42929,39.16867,63.25817,302.45,1.07,50,2026-09-09T21:27:00Z,N20,Routine Flare
firms-2026-09-09-2144-42930,-17.94124,47.07891,323.8,1.98,50,2026-09-09T21:44:00Z,N20,Routine Flare
firms-2026-09-09-2121-42931,57.07874,93.58815,298.64,0.67,50,2026-09-09T21:21:00Z,N20,Routine Flare
firms-2026-09-09-2129-42932,30.72225,49.81413,334.81,6.65,50,2026-09-09T21:29:00Z,N20,Routine Flare
firms-2026-09-09-2127-42933,39.16429,63.26315,307.34,1.07,50,2026-09-09T21:27:00Z,N20,Routine Flare
firms-2026-09-09-2144-42934,-17.93851,47.0649,308.96,1.93,50,2026-09-09T21:44:00Z,N20,Routine Flare
firms-2026-09-09-2121-42935,61.10519,75.78338,307.08,0.9,50,2026-09-09T21:21:00Z,N20,Routine Flare
firms-2026-09-09-2129-42936,30.71232,50.10925,309.82,1.89,50,2026-09-09T21:29:00Z,N20,Routine Flare
firms-2026-09-09-2127-42937,38.32566,68.98779,310.58,0.97,50,2026-09-09T21:27:00Z,N20,Routine Flare
firms-2026-09-09-2121-42938,60.99779,76.36736,323.66,5.21,50,2026-09-09T21:21:00Z,N20,Routine Flare
firms-2026-09-09-2144-42939,-17.94219,47.08376,311.46,2.87,50,2026-09-09T21:44:00Z,N20,Routine Flare
firms-2026-09-09-2129-42940,30.38095,55.86164,311.82,1.01,50,2026-09-09T21:29:00Z,N20,Routine Flare
firms-2026-09-09-2127-42941,39.12859,63.30854,304.68,0.77,50,2026-09-09T21:27:00Z,N20,Routine Flare
firms-2026-09-09-2144-42942,-17.94557,47.07746,307.04,1.98,50,2026-09-09T21:44:00Z,N20,Routine Flare
firms-2026-09-09-2121-42943,60.9988,76.36031,298.98,2.93,50,2026-09-09T21:21:00Z,N20,Routine Flare
firms-2026-09-09-2129-42944,30.36859,56.12632,303.96,1.35,50,2026-09-09T21:29:00Z,N20,Routine Flare
firms-2026-09-09-2127-42945,39.11786,63.33539,312.01,1.29,50,2026-09-09T21:27:00Z,N20,Routine Flare
firms-2026-09-09-2144-42946,-17.84418,46.41496,297.57,0.79,50,2026-09-09T21:44:00Z,N20,Routine Flare
firms-2026-09-09-2121-42947,61.92263,67.67448,296.08,0.6,50,2026-09-09T21:21:00Z,N20,Routine Flare
firms-2026-09-09-2129-42948,30.38955,55.77443,303.29,0.25,50,2026-09-09T21:29:00Z,N20,Routine Flare
firms-2026-09-09-2127-42949,39.06696,63.38311,300.38,0.4,50,2026-09-09T21:27:00Z,N20,Routine Flare
firms-2026-09-09-2144-42950,-17.88554,46.37954,295.73,0.59,50,2026-09-09T21:44:00Z,N20,Routine Flare
firms-2026-09-09-2121-42951,60.98382,76.36646,306.27,0.45,50,2026-09-09T21:21:00Z,N20,Routine Flare
firms-2026-09-09-2129-42952,30.38185,55.86291,310.02,0.59,50,2026-09-09T21:29:00Z,N20,Routine Flare
firms-2026-09-09-2127-42953,39.01831,63.70167,299.92,0.42,50,2026-09-09T21:27:00Z,N20,Routine Flare
firms-2026-09-09-2121-42954,60.87478,77.05975,295.4,0.4,50,2026-09-09T21:21:00Z,N20,Routine Flare
firms-2026-09-09-2144-42955,-17.81582,45.87277,302.82,1.26,50,2026-09-09T21:44:00Z,N20,Routine Flare
firms-2026-09-09-2129-42956,28.42579,69.70051,316.87,2.96,50,2026-09-09T21:29:00Z,N20,Routine Flare
firms-2026-09-09-2127-42957,38.94224,64.13323,301,0.92,50,2026-09-09T21:27:00Z,N20,Routine Flare
firms-2026-09-09-2144-42958,-17.96275,46.51237,300.96,0.6,50,2026-09-09T21:44:00Z,N20,Routine Flare
firms-2026-09-09-2121-42959,60.8864,76.87233,296.77,0.82,50,2026-09-09T21:21:00Z,N20,Routine Flare
firms-2026-09-09-2127-42960,38.6861,65.98739,314.87,1.33,50,2026-09-09T21:27:00Z,N20,Routine Flare
firms-2026-09-09-2129-42961,30.72556,49.81878,331.81,7.6,50,2026-09-09T21:29:00Z,N20,Routine Flare
firms-2026-09-09-2144-42962,-18.13614,46.11433,313.07,1.72,50,2026-09-09T21:44:00Z,N20,Routine Flare
firms-2026-09-09-2121-42963,60.95783,76.31457,325.58,1.88,50,2026-09-09T21:21:00Z,N20,Routine Flare
firms-2026-09-09-2129-42964,30.71394,50.11299,308.3,3.96,50,2026-09-09T21:29:00Z,N20,Routine Flare
firms-2026-09-09-2127-42965,38.6873,65.95456,305.86,1.48,50,2026-09-09T21:27:00Z,N20,Routine Flare
firms-2026-09-09-2144-42966,-18.29442,46.92822,308.74,1.64,50,2026-09-09T21:44:00Z,N20,Routine Flare
firms-2026-09-09-2121-42967,60.58261,78.73338,333.42,3.32,50,2026-09-09T21:21:00Z,N20,Routine Flare
firms-2026-09-09-2127-42968,38.68059,65.95302,301.41,0.8,50,2026-09-09T21:27:00Z,N20,Routine Flare
firms-2026-09-09-2129-42969,30.71439,49.53549,329.24,5.05,50,2026-09-09T21:29:00Z,N20,Routine Flare
firms-2026-09-09-2144-42970,-18.13797,46.11767,308.91,1.57,50,2026-09-09T21:44:00Z,N20,Routine Flare
firms-2026-09-09-2121-42971,60.58485,78.7199,314.83,2.17,50,2026-09-09T21:21:00Z,N20,Routine Flare
firms-2026-09-09-2127-42972,38.95597,63.75501,302.32,0.78,50,2026-09-09T21:27:00Z,N20,Routine Flare
firms-2026-09-09-2129-42973,30.2334,56.90933,311.31,3.98,50,2026-09-09T21:29:00Z,N20,Routine Flare
firms-2026-09-09-2144-42974,-18.30123,46.47512,296.39,0.66,50,2026-09-09T21:44:00Z,N20,Routine Flare
firms-2026-09-09-2121-42975,60.52385,78.76814,308.12,0.83,50,2026-09-09T21:21:00Z,N20,Routine Flare
firms-2026-09-09-2127-42976,38.96878,63.61836,300.34,0.42,50,2026-09-09T21:27:00Z,N20,Routine Flare
firms-2026-09-09-2129-42977,30.21989,55.97989,301.86,1.51,50,2026-09-09T21:29:00Z,N20,Routine Flare
firms-2026-09-09-2144-42978,-18.28069,46.13853,308.17,2.12,50,2026-09-09T21:44:00Z,N20,Routine Flare
firms-2026-09-09-2121-42979,60.75319,77.17343,296.91,0.42,50,2026-09-09T21:21:00Z,N20,Routine Flare
firms-2026-09-09-2127-42980,38.97556,63.4674,308.29,1.35,50,2026-09-09T21:27:00Z,N20,Routine Flare
firms-2026-09-09-2129-42981,30.57581,49.91265,340.32,8.3,50,2026-09-09T21:29:00Z,N20,Routine Flare
firms-2026-09-09-2144-42982,-18.28179,46.14394,309.31,2.12,50,2026-09-09T21:44:00Z,N20,Routine Flare
firms-2026-09-09-2121-42983,61.2809,72.97177,318.13,1.43,50,2026-09-09T21:21:00Z,N20,Routine Flare
firms-2026-09-09-2127-42984,38.91622,63.80771,304.05,0.92,50,2026-09-09T21:27:00Z,N20,Routine Flare
firms-2026-09-09-2129-42985,30.56499,50.012,334.88,7.08,50,2026-09-09T21:29:00Z,N20,Routine Flare
firms-2026-09-09-2144-42986,-18.42399,46.47246,296.23,0.72,50,2026-09-09T21:44:00Z,N20,Routine Flare
firms-2026-09-09-2121-42987,61.7291,68.23438,301.99,0.69,50,2026-09-09T21:21:00Z,N20,Routine Flare
firms-2026-09-09-2127-42988,38.91093,63.79013,305.05,0.75,50,2026-09-09T21:27:00Z,N20,Routine Flare
firms-2026-09-09-2129-42989,30.48442,50.47792,304.96,0.72,50,2026-09-09T21:29:00Z,N20,Routine Flare
firms-2026-09-09-2144-42990,-18.26596,45.48248,299.91,1.61,50,2026-09-09T21:44:00Z,N20,Routine Flare
firms-2026-09-09-2121-42991,60.50257,78.12588,309.56,0.79,50,2026-09-09T21:21:00Z,N20,Routine Flare
firms-2026-09-09-2127-42992,38.55846,65.95111,303.87,0.64,50,2026-09-09T21:27:00Z,N20,Routine Flare
firms-2026-09-09-2129-42993,30.48394,50.47719,307.47,1.51,50,2026-09-09T21:29:00Z,N20,Routine Flare
firms-2026-09-09-2144-42994,-18.38854,46.03633,297.14,0.7,50,2026-09-09T21:44:00Z,N20,Routine Flare
firms-2026-09-09-2121-42995,61.75123,66.94999,298.18,0.99,50,2026-09-09T21:21:00Z,N20,Routine Flare
firms-2026-09-09-2129-42996,27.28864,73.83974,307.58,0.95,50,2026-09-09T21:29:00Z,N20,Routine Flare
firms-2026-09-09-2127-42997,38.66883,64.77667,302.81,0.54,50,2026-09-09T21:27:00Z,N20,Routine Flare
firms-2026-09-09-2144-42998,-18.96152,46.69852,306.81,1.13,50,2026-09-09T21:44:00Z,N20,Routine Flare
firms-2026-09-09-2121-42999,61.75068,66.95815,305.52,1.2,50,2026-09-09T21:21:00Z,N20,Routine Flare
firms-2026-09-09-2127-43000,39.53002,53.40216,310.99,1.46,50,2026-09-09T21:27:00Z,N20,Routine Flare
firms-2026-09-09-2129-43001,30.41098,50.73761,306.42,2.11,50,2026-09-09T21:29:00Z,N20,Routine Flare
firms-2026-09-09-2144-43002,-18.96604,46.69796,307.17,1.36,50,2026-09-09T21:44:00Z,N20,Routine Flare
firms-2026-09-09-2121-43003,61.752,66.95277,319.4,1.65,50,2026-09-09T21:21:00Z,N20,Routine Flare
firms-2026-09-09-2127-43004,38.45694,65.80219,301.78,0.55,50,2026-09-09T21:27:00Z,N20,Routine Flare
firms-2026-09-09-2129-43005,30.41065,50.74525,306.82,3.24,50,2026-09-09T21:29:00Z,N20,Routine Flare
firms-2026-09-09-2144-43006,-18.92059,46.3966,335.74,5.57,50,2026-09-09T21:44:00Z,N20,Routine Flare
firms-2026-09-09-2121-43007,61.16112,72.99923,307.45,0.92,50,2026-09-09T21:21:00Z,N20,Routine Flare
firms-2026-09-09-2127-43008,38.65374,63.97964,301.26,0.72,50,2026-09-09T21:27:00Z,N20,Routine Flare
firms-2026-09-09-2129-43009,30.39614,50.60242,320.64,4.51,50,2026-09-09T21:29:00Z,N20,Routine Flare
firms-2026-09-09-2144-43010,-18.92863,46.24416,311.55,1.47,50,2026-09-09T21:44:00Z,N20,Routine Flare
firms-2026-09-09-2121-43011,61.73454,66.44505,295.35,0.23,50,2026-09-09T21:21:00Z,N20,Routine Flare
firms-2026-09-09-2127-43012,38.05098,67.26276,328.59,6.4,50,2026-09-09T21:27:00Z,N20,Routine Flare
firms-2026-09-09-2129-43013,30.39584,50.60984,324.85,5.54,50,2026-09-09T21:29:00Z,N20,Routine Flare
firms-2026-09-09-2144-43014,-18.92961,46.24915,301.3,1.47,50,2026-09-09T21:44:00Z,N20,Routine Flare
firms-2026-09-09-2121-43015,61.60888,67.81281,318.35,1.5,50,2026-09-09T21:21:00Z,N20,Routine Flare
firms-2026-09-09-2127-43016,38.40181,64.41276,300.31,0.44,50,2026-09-09T21:27:00Z,N20,Routine Flare
firms-2026-09-09-2129-43017,30.39553,50.61731,327.83,5.54,50,2026-09-09T21:29:00Z,N20,Routine Flare
firms-2026-09-09-2144-43018,-18.92828,46.24682,318.44,2.59,50,2026-09-09T21:44:00Z,N20,Routine Flare
firms-2026-09-09-2121-43019,61.01778,73.37391,299.5,0.77,50,2026-09-09T21:21:00Z,N20,Routine Flare
firms-2026-09-09-2127-43020,38.11861,64.70955,300.49,0.36,50,2026-09-09T21:27:00Z,N20,Routine Flare
firms-2026-09-09-2129-43021,30.41581,50.73963,312.1,2.16,50,2026-09-09T21:29:00Z,N20,Routine Flare
firms-2026-09-09-2144-43022,-18.95804,46.06058,304.75,1.28,50,2026-09-09T21:44:00Z,N20,Routine Flare
firms-2026-09-09-2121-43023,61.01838,72.62104,321.87,1.88,50,2026-09-09T21:21:00Z,N20,Routine Flare
firms-2026-09-09-2127-43024,38.12032,64.71303,299.28,0.68,50,2026-09-09T21:27:00Z,N20,Routine Flare
firms-2026-09-09-2129-43025,30.4154,50.74811,305.45,2.16,50,2026-09-09T21:29:00Z,N20,Routine Flare
firms-2026-09-09-2144-43026,-18.96267,46.05955,305.53,1.28,50,2026-09-09T21:44:00Z,N20,Routine Flare
firms-2026-09-09-2121-43027,61.01931,72.61289,297.59,1.14,50,2026-09-09T21:21:00Z,N20,Routine Flare
firms-2026-09-09-2127-43028,37.96497,65.00734,306.46,0.76,50,2026-09-09T21:27:00Z,N20,Routine Flare
firms-2026-09-09-2129-43029,30.40181,50.60455,315.59,3.57,50,2026-09-09T21:29:00Z,N20,Routine Flare
firms-2026-09-09-2144-43030,-18.90392,45.46793,298.45,1.16,50,2026-09-09T21:44:00Z,N20,Routine Flare
firms-2026-09-09-2121-43031,61.02054,72.61566,327.37,3.18,50,2026-09-09T21:21:00Z,N20,Routine Flare
firms-2026-09-09-2127-43032,38.683,54.30886,297.59,1,50,2026-09-09T21:27:00Z,N20,Routine Flare
firms-2026-09-09-2129-43033,30.40113,50.61913,308.21,3.4,50,2026-09-09T21:29:00Z,N20,Routine Flare
firms-2026-09-09-2144-43034,-18.88379,45.45325,299.83,0.84,50,2026-09-09T21:44:00Z,N20,Routine Flare
firms-2026-09-09-2123-43035,61.42699,67.26332,301.97,0.82,50,2026-09-09T21:23:00Z,N20,Routine Flare
firms-2026-09-09-2129-43036,30.39465,50.61142,331.71,3.57,50,2026-09-09T21:29:00Z,N20,Routine Flare
firms-2026-09-09-2127-43037,38.6828,54.3144,310.93,1,50,2026-09-09T21:27:00Z,N20,Routine Flare
firms-2026-09-09-2144-43038,-18.90181,45.46719,299.06,3.37,50,2026-09-09T21:44:00Z,N20,Routine Flare
firms-2026-09-09-2123-43039,60.95271,72.4016,329.13,3.29,50,2026-09-09T21:23:00Z,N20,Routine Flare
firms-2026-09-09-2129-43040,30.39499,50.60395,306.89,3.57,50,2026-09-09T21:29:00Z,N20,Routine Flare
firms-2026-09-09-2127-43041,38.67999,54.30939,303.75,1.88,50,2026-09-09T21:27:00Z,N20,Routine Flare
firms-2026-09-09-2144-43042,-19.25469,46.36021,308.4,1.33,50,2026-09-09T21:44:00Z,N20,Routine Flare
firms-2026-09-09-2123-43043,60.89251,72.80033,302.33,0.78,50,2026-09-09T21:23:00Z,N20,Routine Flare
firms-2026-09-09-2144-43044,-19.50614,45.97971,316.02,2.35,50,2026-09-09T21:44:00Z,N20,Routine Flare
firms-2026-09-09-2127-43045,38.67975,54.31493,304.35,1.82,50,2026-09-09T21:27:00Z,N20,Routine Flare
firms-2026-09-09-2129-43046,30.39429,50.61896,311.2,3.4,50,2026-09-09T21:29:00Z,N20,Routine Flare
firms-2026-09-09-2123-43047,60.86347,72.67834,300.94,0.77,50,2026-09-09T21:23:00Z,N20,Routine Flare
firms-2026-09-09-2144-43048,-19.7427,46.50617,320.03,3.42,50,2026-09-09T21:44:00Z,N20,Routine Flare
firms-2026-09-09-2127-43049,37.67439,65.26258,303.8,1.06,50,2026-09-09T21:27:00Z,N20,Routine Flare
firms-2026-09-09-2129-43050,30.08278,55.39838,304.1,1.02,50,2026-09-09T21:29:00Z,N20,Routine Flare
firms-2026-09-09-2123-43051,60.86253,72.68644,306.11,1.04,50,2026-09-09T21:23:00Z,N20,Routine Flare
firms-2026-09-09-2144-43052,-19.74176,46.50135,300.89,2.69,50,2026-09-09T21:44:00Z,N20,Routine Flare
firms-2026-09-09-2129-43053,30.0782,55.39054,303.44,1.07,50,2026-09-09T21:29:00Z,N20,Routine Flare
firms-2026-09-09-2127-43054,37.66441,65.28415,306.43,0.68,50,2026-09-09T21:27:00Z,N20,Routine Flare
firms-2026-09-09-2123-43055,61.10678,70.24571,303.53,0.82,50,2026-09-09T21:23:00Z,N20,Routine Flare
firms-2026-09-09-2144-43056,-19.74716,46.50527,303.82,1.86,50,2026-09-09T21:44:00Z,N20,Routine Flare
firms-2026-09-09-2129-43057,29.94958,56.73338,300.38,0.99,50,2026-09-09T21:29:00Z,N20,Routine Flare
firms-2026-09-09-2127-43058,38.25463,58.38961,298.43,0.66,50,2026-09-09T21:27:00Z,N20,Routine Flare
firms-2026-09-09-2123-43059,61.10485,70.22532,297.73,0.63,50,2026-09-09T21:23:00Z,N20,Routine Flare
firms-2026-09-09-2144-43060,-19.64648,45.9675,323.19,3.15,50,2026-09-09T21:44:00Z,N20,Routine Flare
firms-2026-09-09-2127-43061,37.79737,62.5523,320.88,3.27,50,2026-09-09T21:27:00Z,N20,Routine Flare
firms-2026-09-09-2129-43062,30.34123,50.73483,306.81,1.05,50,2026-09-09T21:29:00Z,N20,Routine Flare
firms-2026-09-09-2123-43063,61.10006,70.19398,328.04,1.67,50,2026-09-09T21:23:00Z,N20,Routine Flare
firms-2026-09-09-2144-43064,-19.74465,46.50351,329.71,4.57,50,2026-09-09T21:44:00Z,N20,Routine Flare
firms-2026-09-09-2129-43065,30.35393,50.28078,367,15.03,50,2026-09-09T21:29:00Z,N20,Industrial Fire
firms-2026-09-09-2127-43066,37.78736,62.53861,315.46,3.15,50,2026-09-09T21:27:00Z,N20,Routine Flare
firms-2026-09-09-2123-43067,61.09632,70.19244,309.02,1.67,50,2026-09-09T21:23:00Z,N20,Routine Flare
firms-2026-09-09-2144-43068,-19.7456,46.50821,298.04,2.58,50,2026-09-09T21:44:00Z,N20,Routine Flare
firms-2026-09-09-2127-43069,38.18098,57.98067,297.29,0.59,50,2026-09-09T21:27:00Z,N20,Routine Flare
firms-2026-09-09-2129-43070,30.35362,50.28807,322.68,11.7,50,2026-09-09T21:29:00Z,N20,Routine Flare
firms-2026-09-09-2123-43071,60.78032,72.70744,303.82,0.64,50,2026-09-09T21:23:00Z,N20,Routine Flare
firms-2026-09-09-2144-43072,-19.64462,45.96616,301.13,1.16,50,2026-09-09T21:44:00Z,N20,Routine Flare
firms-2026-09-09-2123-43073,60.96035,70.86566,327.59,4.42,50,2026-09-09T21:23:00Z,N20,Routine Flare
firms-2026-09-09-2129-43074,30.34701,50.27964,317.11,4.55,50,2026-09-09T21:29:00Z,N20,Routine Flare
firms-2026-09-09-2127-43075,37.77637,62.09951,301.03,0.83,50,2026-09-09T21:27:00Z,N20,Routine Flare
firms-2026-09-09-2123-43076,60.77797,72.44283,328.4,2,50,2026-09-09T21:23:00Z,N20,Routine Flare
firms-2026-09-09-2129-43077,30.34671,50.28705,311.6,4.64,50,2026-09-09T21:29:00Z,N20,Routine Flare
firms-2026-09-09-2127-43078,37.77617,62.03098,298.43,0.77,50,2026-09-09T21:27:00Z,N20,Routine Flare
firms-2026-09-09-2144-43079,-19.64566,45.97126,299.84,1.92,50,2026-09-09T21:44:00Z,N20,Routine Flare
firms-2026-09-09-2123-43080,61.00562,70.25608,314.22,1.92,50,2026-09-09T21:23:00Z,N20,Routine Flare
firms-2026-09-09-2127-43081,37.7453,62.13112,304.3,0.96,50,2026-09-09T21:27:00Z,N20,Routine Flare
firms-2026-09-09-2129-43082,29.99305,55.85315,324.3,2.23,50,2026-09-09T21:29:00Z,N20,Routine Flare
firms-2026-09-09-2144-43083,-19.64919,45.965,310.58,1.16,50,2026-09-09T21:44:00Z,N20,Routine Flare
firms-2026-09-09-2123-43084,60.70245,72.87096,321.14,2.25,50,2026-09-09T21:23:00Z,N20,Routine Flare
firms-2026-09-09-2129-43085,29.99279,55.85624,330.97,2.23,50,2026-09-09T21:29:00Z,N20,Routine Flare
firms-2026-09-09-2127-43086,37.74365,62.07508,299.16,0.56,50,2026-09-09T21:27:00Z,N20,Routine Flare
firms-2026-09-09-2144-43087,-19.78868,46.23277,304.73,1.26,50,2026-09-09T21:44:00Z,N20,Routine Flare
firms-2026-09-09-2123-43088,60.86387,71.28445,326.15,5.57,50,2026-09-09T21:23:00Z,N20,Routine Flare
firms-2026-09-09-2127-43089,37.75169,61.85643,297.99,0.71,50,2026-09-09T21:27:00Z,N20,Routine Flare
firms-2026-09-09-2129-43090,29.47766,60.80727,307.55,1.09,50,2026-09-09T21:29:00Z,N20,Routine Flare
firms-2026-09-09-2144-43091,-19.78965,46.23767,309.27,1.03,50,2026-09-09T21:44:00Z,N20,Routine Flare
firms-2026-09-09-2123-43092,60.86477,71.27576,295.08,5.57,50,2026-09-09T21:23:00Z,N20,Routine Flare
firms-2026-09-09-2127-43093,37.72619,62.09059,299.28,0.66,50,2026-09-09T21:27:00Z,N20,Routine Flare
firms-2026-09-09-2129-43094,29.98802,55.85244,308.77,1.85,50,2026-09-09T21:29:00Z,N20,Routine Flare
firms-2026-09-09-2144-43095,-19.79065,46.24271,297.66,1.03,50,2026-09-09T21:44:00Z,N20,Routine Flare
firms-2026-09-09-2123-43096,60.71798,72.51633,340.68,6.37,50,2026-09-09T21:23:00Z,N20,Routine Flare
firms-2026-09-09-2129-43097,29.98777,55.85551,317.13,1.85,50,2026-09-09T21:29:00Z,N20,Routine Flare
firms-2026-09-09-2127-43098,37.72552,62.09668,299.46,0.66,50,2026-09-09T21:27:00Z,N20,Routine Flare
firms-2026-09-09-2144-43099,-19.90503,46.59698,301.06,1.07,50,2026-09-09T21:44:00Z,N20,Routine Flare
firms-2026-09-09-2123-43100,60.83719,70.43822,313.83,1.46,50,2026-09-09T21:23:00Z,N20,Routine Flare
firms-2026-09-09-2129-43101,30.30073,50.7278,305.44,1.04,50,2026-09-09T21:29:00Z,N20,Routine Flare
firms-2026-09-09-2127-43102,37.67121,62.23442,309.49,1.12,50,2026-09-09T21:27:00Z,N20,Routine Flare
firms-2026-09-09-2144-43103,-19.90859,46.59183,303.13,1.28,50,2026-09-09T21:44:00Z,N20,Routine Flare
firms-2026-09-09-2123-43104,60.67012,72.00577,323.56,2.05,50,2026-09-09T21:23:00Z,N20,Routine Flare
firms-2026-09-09-2127-43105,37.6629,62.23902,308.03,1.14,50,2026-09-09T21:27:00Z,N20,Routine Flare
firms-2026-09-09-2129-43106,30.30548,50.72688,306.75,1.21,50,2026-09-09T21:29:00Z,N20,Routine Flare
firms-2026-09-09-2144-43107,-19.90951,46.59645,310.92,1.28,50,2026-09-09T21:44:00Z,N20,Routine Flare
firms-2026-09-09-2123-43108,60.83884,70.38171,316.11,1.77,50,2026-09-09T21:23:00Z,N20,Routine Flare
firms-2026-09-09-2127-43109,37.65842,62.2443,302.33,1.14,50,2026-09-09T21:27:00Z,N20,Routine Flare
firms-2026-09-09-2129-43110,30.29833,50.73391,303.77,0.66,50,2026-09-09T21:29:00Z,N20,Routine Flare
firms-2026-09-09-2144-43111,-19.94944,46.72865,304.08,1.13,50,2026-09-09T21:44:00Z,N20,Routine Flare
firms-2026-09-09-2123-43112,60.53551,72.95726,315.45,1.07,50,2026-09-09T21:23:00Z,N20,Routine Flare
firms-2026-09-09-2127-43113,37.67298,62.23449,305.11,1.53,50,2026-09-09T21:27:00Z,N20,Routine Flare
firms-2026-09-09-2129-43114,29.999,55.19396,298.65,0.79,50,2026-09-09T21:29:00Z,N20,Routine Flare
firms-2026-09-09-2144-43115,-19.93916,46.37205,296.72,0.99,50,2026-09-09T21:44:00Z,N20,Routine Flare
firms-2026-09-09-2123-43116,59.67384,78.75993,297.64,0.23,50,2026-09-09T21:23:00Z,N20,Routine Flare
firms-2026-09-09-2129-43117,30.15458,50.41192,324.08,5.38,50,2026-09-09T21:29:00Z,N20,Routine Flare
firms-2026-09-09-2127-43118,37.66081,62.2384,307.48,1.14,50,2026-09-09T21:27:00Z,N20,Routine Flare
firms-2026-09-09-2144-43119,-19.94004,46.37655,303.66,0.99,50,2026-09-09T21:44:00Z,N20,Routine Flare
firms-2026-09-09-2123-43120,60.54911,72.31152,304.07,0.57,50,2026-09-09T21:23:00Z,N20,Routine Flare
firms-2026-09-09-2127-43121,37.6563,62.24368,300.55,0.69,50,2026-09-09T21:27:00Z,N20,Routine Flare
firms-2026-09-09-2129-43122,30.15422,50.42022,324.19,5.38,50,2026-09-09T21:29:00Z,N20,Routine Flare
firms-2026-09-09-2144-43123,-19.94155,46.37416,313.1,2.08,50,2026-09-09T21:44:00Z,N20,Routine Flare
firms-2026-09-09-2123-43124,60.76655,70.17346,299.28,0.84,50,2026-09-09T21:23:00Z,N20,Routine Flare
firms-2026-09-09-2127-43125,37.63739,62.20374,302.06,0.87,50,2026-09-09T21:27:00Z,N20,Routine Flare
firms-2026-09-09-2129-43126,30.15494,50.40379,311.06,4.1,50,2026-09-09T21:29:00Z,N20,Routine Flare
firms-2026-09-09-2144-43127,-20.42191,46.70442,298.28,1.08,50,2026-09-09T21:44:00Z,N20,Routine Flare
firms-2026-09-09-2123-43128,60.57433,71.98943,309.4,1.31,50,2026-09-09T21:23:00Z,N20,Routine Flare
firms-2026-09-09-2127-43129,37.62837,62.21435,305.66,1.12,50,2026-09-09T21:27:00Z,N20,Routine Flare
firms-2026-09-09-2129-43130,30.0407,50.63089,319.6,5.15,50,2026-09-09T21:29:00Z,N20,Routine Flare
firms-2026-09-09-2144-43131,-20.3602,45.67107,302.83,2.19,50,2026-09-09T21:44:00Z,N20,Routine Flare
firms-2026-09-09-2123-43132,60.76798,70.07742,300.59,0.67,50,2026-09-09T21:23:00Z,N20,Routine Flare
firms-2026-09-09-2127-43133,37.65506,61.90296,300.34,0.57,50,2026-09-09T21:27:00Z,N20,Routine Flare
firms-2026-09-09-2129-43134,30.03397,50.6289,313.97,4.96,50,2026-09-09T21:29:00Z,N20,Routine Flare
firms-2026-09-09-2144-43135,-20.35773,45.66915,295.48,1.59,50,2026-09-09T21:44:00Z,N20,Routine Flare
firms-2026-09-09-2123-43136,60.35909,73.68506,295.13,0.64,50,2026-09-09T21:23:00Z,N20,Routine Flare
firms-2026-09-09-2127-43137,37.6254,62.17109,314.85,1.96,50,2026-09-09T21:27:00Z,N20,Routine Flare
firms-2026-09-09-2129-43138,29.70175,55.5295,312.7,0.88,50,2026-09-09T21:29:00Z,N20,Routine Flare
firms-2026-09-09-2144-43139,-20.34811,45.07508,302.36,1.6,50,2026-09-09T21:44:00Z,N20,Routine Flare
firms-2026-09-09-2123-43140,60.73235,69.89083,327.25,2.26,50,2026-09-09T21:23:00Z,N20,Routine Flare
firms-2026-09-09-2127-43141,37.62693,62.12225,299.04,0.36,50,2026-09-09T21:27:00Z,N20,Routine Flare
firms-2026-09-09-2129-43142,29.88386,52.74094,306.51,3.08,50,2026-09-09T21:29:00Z,N20,Routine Flare
firms-2026-09-09-2144-43143,-20.40775,44.97341,311.21,2.61,50,2026-09-09T21:44:00Z,N20,Routine Flare
firms-2026-09-09-2123-43144,60.05132,75.45387,295.4,0.33,50,2026-09-09T21:23:00Z,N20,Routine Flare
firms-2026-09-09-2129-43145,29.88831,52.74479,306.67,2.25,50,2026-09-09T21:29:00Z,N20,Routine Flare
firms-2026-09-09-2127-43146,37.62107,62.13966,317.35,2.63,50,2026-09-09T21:27:00Z,N20,Routine Flare
firms-2026-09-09-2144-43147,-20.42183,44.99282,302.31,2.05,50,2026-09-09T21:44:00Z,N20,Routine Flare
firms-2026-09-09-2123-43148,60.75198,69.34187,327.47,4.8,50,2026-09-09T21:23:00Z,N20,Routine Flare
firms-2026-09-09-2127-43149,37.94254,58.56279,300.96,0.74,50,2026-09-09T21:27:00Z,N20,Routine Flare
firms-2026-09-09-2129-43150,29.90109,51.22921,319.91,3.78,50,2026-09-09T21:29:00Z,N20,Routine Flare
firms-2026-09-09-2144-43151,-20.42665,44.99169,309.2,2.4,50,2026-09-09T21:44:00Z,N20,Routine Flare
firms-2026-09-09-2123-43152,60.7511,69.3516,324.99,4.76,50,2026-09-09T21:23:00Z,N20,Routine Flare
firms-2026-09-09-2123-43153,55.97733,92.92065,301.42,0.95,50,2026-09-09T21:23:00Z,N20,Routine Flare
firms-2026-09-09-2144-43154,-20.41047,44.97214,298.73,0.41,50,2026-09-09T21:44:00Z,N20,Routine Flare
firms-2026-09-09-2127-43155,37.61596,61.60783,303.54,1.04,50,2026-09-09T21:27:00Z,N20,Routine Flare
firms-2026-09-09-2129-43156,29.94162,49.68364,320.5,2.68,50,2026-09-09T21:29:00Z,N20,Routine Flare
firms-2026-09-09-2123-43157,60.23646,73.70164,295.77,0.43,50,2026-09-09T21:23:00Z,N20,Routine Flare
firms-2026-09-09-2144-43158,-20.41508,44.99389,296.18,0.99,50,2026-09-09T21:44:00Z,N20,Routine Flare
firms-2026-09-09-2129-43159,29.94192,49.67564,316.47,2.68,50,2026-09-09T21:29:00Z,N20,Routine Flare
firms-2026-09-09-2127-43160,37.61548,61.57519,306.75,1.67,50,2026-09-09T21:27:00Z,N20,Routine Flare
firms-2026-09-09-2123-43161,55.97805,92.92482,303.85,0.75,50,2026-09-09T21:23:00Z,N20,Routine Flare
firms-2026-09-09-2144-43162,-20.42472,44.99166,299.86,1.45,50,2026-09-09T21:44:00Z,N20,Routine Flare
firms-2026-09-09-2127-43163,37.61201,61.60716,315.9,3.04,50,2026-09-09T21:27:00Z,N20,Routine Flare
firms-2026-09-09-2129-43164,29.9453,49.6837,322.76,4.35,50,2026-09-09T21:29:00Z,N20,Routine Flare
firms-2026-09-09-2123-43165,60.16125,73.57106,320.32,1.38,50,2026-09-09T21:23:00Z,N20,Routine Flare
firms-2026-09-09-2144-43166,-20.42578,44.99669,303.08,1.45,50,2026-09-09T21:44:00Z,N20,Routine Flare
firms-2026-09-09-2129-43167,29.5128,55.79643,314.27,0.92,50,2026-09-09T21:29:00Z,N20,Routine Flare
firms-2026-09-09-2123-43168,60.06301,72.76534,300.93,0.45,50,2026-09-09T21:23:00Z,N20,Routine Flare
firms-2026-09-09-2144-43169,-20.45853,44.93578,303.34,1.33,50,2026-09-09T21:44:00Z,N20,Routine Flare
firms-2026-09-09-2129-43170,29.82599,51.29924,303.31,1.3,50,2026-09-09T21:29:00Z,N20,Routine Flare
firms-2026-09-09-2127-43171,37.59707,61.55897,310.02,1.09,50,2026-09-09T21:27:00Z,N20,Routine Flare
firms-2026-09-09-2123-43172,59.26823,77.03414,315.54,1.22,50,2026-09-09T21:23:00Z,N20,Routine Flare
firms-2026-09-09-2144-43173,-21.35039,46.18058,300.31,0.6,50,2026-09-09T21:44:00Z,N20,Routine Flare
firms-2026-09-09-2129-43174,29.62424,52.44237,302.85,1.24,50,2026-09-09T21:29:00Z,N20,Routine Flare
firms-2026-09-09-2127-43175,37.59258,61.52549,309.08,1.88,50,2026-09-09T21:27:00Z,N20,Routine Flare
firms-2026-09-09-2123-43176,56.23312,90.41533,312.93,3.12,50,2026-09-09T21:23:00Z,N20,Routine Flare
firms-2026-09-09-2144-43177,-21.97247,44.03057,304.16,1.57,50,2026-09-09T21:44:00Z,N20,Routine Flare
firms-2026-09-09-2129-43178,29.50881,51.25526,315.15,4.19,50,2026-09-09T21:29:00Z,N20,Routine Flare
firms-2026-09-09-2127-43179,37.48085,62.00935,301.63,0.89,50,2026-09-09T21:27:00Z,N20,Routine Flare
firms-2026-09-09-2123-43180,56.22882,90.41103,306.61,3.29,50,2026-09-09T21:23:00Z,N20,Routine Flare
firms-2026-09-09-2144-43181,-21.97195,44.0293,302.57,1.91,50,2026-09-09T21:44:00Z,N20,Routine Flare
firms-2026-09-09-2129-43182,26.26084,74.09544,313.45,1.05,50,2026-09-09T21:29:00Z,N20,Routine Flare
firms-2026-09-09-2127-43183,37.48327,61.97763,302.68,0.78,50,2026-09-09T21:27:00Z,N20,Routine Flare
firms-2026-09-09-2123-43184,60.04152,71.06812,302.47,0.75,50,2026-09-09T21:23:00Z,N20,Routine Flare
firms-2026-09-09-2146-43185,-22.50229,45.49727,295.13,0.74,50,2026-09-09T21:46:00Z,N20,Routine Flare
firms-2026-09-09-2129-43186,29.36753,52.6088,313.31,2.59,50,2026-09-09T21:29:00Z,N20,Routine Flare
firms-2026-09-09-2127-43187,37.47983,62.00804,301.16,0.99,50,2026-09-09T21:27:00Z,N20,Routine Flare
firms-2026-09-09-2123-43188,60.18271,69.29321,309.86,1.09,50,2026-09-09T21:23:00Z,N20,Routine Flare
firms-2026-09-09-2146-43189,-22.50405,45.49929,297.09,0.65,50,2026-09-09T21:46:00Z,N20,Routine Flare
firms-2026-09-09-2129-43190,29.37247,52.6065,301.83,2.46,50,2026-09-09T21:29:00Z,N20,Routine Flare
firms-2026-09-09-2127-43191,37.42586,62.3089,320.18,2.75,50,2026-09-09T21:27:00Z,N20,Routine Flare
firms-2026-09-09-2123-43192,59.32153,76.26406,303.56,0.6,50,2026-09-09T21:23:00Z,N20,Routine Flare
firms-2026-09-09-2146-43193,-22.36145,44.63472,310.55,1.53,50,2026-09-09T21:46:00Z,N20,Routine Flare
firms-2026-09-09-2129-43194,29.1519,55.36501,304.34,0.69,50,2026-09-09T21:29:00Z,N20,Routine Flare
firms-2026-09-09-2127-43195,37.5136,61.0168,301.49,0.28,50,2026-09-09T21:27:00Z,N20,Routine Flare
firms-2026-09-09-2123-43196,59.89284,71.7344,332.98,13.01,50,2026-09-09T21:23:00Z,N20,Routine Flare
firms-2026-09-09-2146-43197,-22.81724,44.36631,299.66,1.55,50,2026-09-09T21:46:00Z,N20,Routine Flare
firms-2026-09-09-2129-43198,29.25975,53.11929,339.13,4.6,50,2026-09-09T21:29:00Z,N20,Routine Flare
firms-2026-09-09-2123-43199,59.79687,72.43243,299.98,0.3,50,2026-09-09T21:23:00Z,N20,Routine Flare
firms-2026-09-09-2146-43200,-22.82176,44.36995,301.96,0.94,50,2026-09-09T21:46:00Z,N20,Routine Flare
firms-2026-09-09-2127-43201,37.50454,61.02452,309,1.15,50,2026-09-09T21:27:00Z,N20,Routine Flare
firms-2026-09-09-2129-43202,29.26008,53.11441,312.11,3.49,50,2026-09-09T21:29:00Z,N20,Routine Flare
firms-2026-09-09-2123-43203,59.76167,71.73614,304.44,1.28,50,2026-09-09T21:23:00Z,N20,Routine Flare
firms-2026-09-09-2146-43204,-23.21955,44.29635,306.79,1.46,50,2026-09-09T21:46:00Z,N20,Routine Flare
firms-2026-09-09-2127-43205,37.35073,61.36192,305.67,0.87,50,2026-09-09T21:27:00Z,N20,Routine Flare
firms-2026-09-09-2129-43206,29.12524,52.64261,300.14,0.47,50,2026-09-09T21:29:00Z,N20,Routine Flare
firms-2026-09-09-2123-43207,59.76077,71.74407,310.79,1.02,50,2026-09-09T21:23:00Z,N20,Routine Flare
firms-2026-09-09-2146-43208,-23.22429,44.29509,309.76,1.46,50,2026-09-09T21:46:00Z,N20,Routine Flare
firms-2026-09-09-2127-43209,37.32831,61.096,309.93,1.61,50,2026-09-09T21:27:00Z,N20,Routine Flare
firms-2026-09-09-2129-43210,28.2048,61.3045,306.33,1.09,50,2026-09-09T21:29:00Z,N20,Routine Flare
firms-2026-09-09-2123-43211,59.75726,71.7425,302.65,1.02,50,2026-09-09T21:23:00Z,N20,Routine Flare
firms-2026-09-09-2146-43212,-23.22324,44.29425,317.94,2.57,50,2026-09-09T21:46:00Z,N20,Routine Flare
firms-2026-09-09-2127-43213,36.70251,65.95914,305.44,1.23,50,2026-09-09T21:27:00Z,N20,Routine Flare
firms-2026-09-09-2129-43214,25.78568,73.69735,315.84,1.03,50,2026-09-09T21:29:00Z,N20,Routine Flare
firms-2026-09-09-2123-43215,58.89154,76.83743,304.25,0.53,50,2026-09-09T21:23:00Z,N20,Routine Flare
firms-2026-09-09-2146-43216,-24.69551,46.60601,314.5,1.54,50,2026-09-09T21:46:00Z,N20,Routine Flare
firms-2026-09-09-2127-43217,37.11994,62.35844,308.07,3.01,50,2026-09-09T21:27:00Z,N20,Routine Flare
firms-2026-09-09-2123-43218,59.47251,71.53692,316.67,1.92,50,2026-09-09T21:23:00Z,N20,Routine Flare
firms-2026-09-09-2129-43219,28.68406,52.08523,306.06,1.24,50,2026-09-09T21:29:00Z,N20,Routine Flare
firms-2026-09-09-2146-43220,-24.6962,46.60944,311.88,1.67,50,2026-09-09T21:46:00Z,N20,Routine Flare
firms-2026-09-09-2127-43221,37.11929,62.36423,315.49,3.01,50,2026-09-09T21:27:00Z,N20,Routine Flare
firms-2026-09-09-2123-43222,59.4143,71.62685,328.8,5.34,50,2026-09-09T21:23:00Z,N20,Routine Flare
firms-2026-09-09-2146-43223,-24.70012,46.60802,315.05,1.67,50,2026-09-09T21:46:00Z,N20,Routine Flare
firms-2026-09-09-2129-43224,28.68373,52.09057,309.17,1.24,50,2026-09-09T21:29:00Z,N20,Routine Flare
firms-2026-09-09-2127-43225,37.11551,62.36355,305.22,3.01,50,2026-09-09T21:27:00Z,N20,Routine Flare
firms-2026-09-09-2123-43226,59.41341,71.63469,319.13,5.15,50,2026-09-09T21:23:00Z,N20,Routine Flare
firms-2026-09-09-2129-43227,28.27205,53.44732,313.51,2.35,50,2026-09-09T21:29:00Z,N20,Routine Flare
firms-2026-09-09-2127-43228,37.11978,62.36441,325.7,3.45,50,2026-09-09T21:27:00Z,N20,Routine Flare
firms-2026-09-09-2123-43229,58.15735,78.90608,310.81,0.45,50,2026-09-09T21:23:00Z,N20,Routine Flare
firms-2026-09-09-2129-43230,24.93298,74.63309,306.17,0.87,50,2026-09-09T21:29:00Z,N20,Routine Flare
firms-2026-09-09-2127-43231,37.12046,62.35865,300.57,4.43,50,2026-09-09T21:27:00Z,N20,Routine Flare
firms-2026-09-09-2123-43232,59.07216,72.87516,310.7,0.63,50,2026-09-09T21:23:00Z,N20,Routine Flare
firms-2026-09-09-2129-43233,24.66161,74.63222,306.03,1.63,50,2026-09-09T21:29:00Z,N20,Routine Flare
firms-2026-09-09-2123-43234,58.15443,78.88261,303.67,0.44,50,2026-09-09T21:23:00Z,N20,Routine Flare
firms-2026-09-09-2127-43235,37.116,62.36374,307.16,3.45,50,2026-09-09T21:27:00Z,N20,Routine Flare
firms-2026-09-09-2129-43236,27.23015,60.48732,314.03,1.71,50,2026-09-09T21:29:00Z,N20,Routine Flare
firms-2026-09-09-2123-43237,59.04189,72.83015,296.68,0.37,50,2026-09-09T21:23:00Z,N20,Routine Flare
firms-2026-09-09-2127-43238,37.03321,62.41327,315.51,1.85,50,2026-09-09T21:27:00Z,N20,Routine Flare
firms-2026-09-09-2129-43239,28.01729,51.99363,306.94,2.28,50,2026-09-09T21:29:00Z,N20,Routine Flare
firms-2026-09-09-2123-43240,59.20049,71.36475,327.36,2.18,50,2026-09-09T21:23:00Z,N20,Routine Flare
firms-2026-09-09-2127-43241,37.03255,62.41898,302.74,1.48,50,2026-09-09T21:27:00Z,N20,Routine Flare
firms-2026-09-09-2129-43242,25.95873,68.37125,308.73,0.95,50,2026-09-09T21:29:00Z,N20,Routine Flare
firms-2026-09-09-2123-43243,59.19961,71.3726,301.33,2.18,50,2026-09-09T21:23:00Z,N20,Routine Flare
firms-2026-09-09-2127-43244,37.45362,57.68646,297.7,0.95,50,2026-09-09T21:27:00Z,N20,Routine Flare
firms-2026-09-09-2129-43245,25.95721,68.36967,308.17,0.98,50,2026-09-09T21:29:00Z,N20,Routine Flare
firms-2026-09-09-2123-43246,59.20248,71.36736,327.31,1.86,50,2026-09-09T21:23:00Z,N20,Routine Flare
firms-2026-09-09-2127-43247,35.97097,68.68433,302.06,0.58,50,2026-09-09T21:27:00Z,N20,Routine Flare
firms-2026-09-09-2129-43248,27.93134,52.19043,318.63,3.33,50,2026-09-09T21:29:00Z,N20,Routine Flare
firms-2026-09-09-2123-43249,59.19896,71.36583,319.66,1.86,50,2026-09-09T21:23:00Z,N20,Routine Flare
firms-2026-09-09-2127-43250,36.99517,56.23135,297.19,0.37,50,2026-09-09T21:27:00Z,N20,Routine Flare
firms-2026-09-09-2129-43251,27.9311,52.19298,315.85,3.78,50,2026-09-09T21:29:00Z,N20,Routine Flare
firms-2026-09-09-2123-43252,59.05349,71.86087,318.16,1.73,50,2026-09-09T21:23:00Z,N20,Routine Flare
firms-2026-09-09-2127-43253,36.49573,61.80628,303.36,0.63,50,2026-09-09T21:27:00Z,N20,Routine Flare
firms-2026-09-09-2129-43254,24.82284,73.09332,306.89,0.87,50,2026-09-09T21:29:00Z,N20,Routine Flare
firms-2026-09-09-2123-43255,58.50324,75.79996,304.41,0.59,50,2026-09-09T21:23:00Z,N20,Routine Flare
firms-2026-09-09-2127-43256,36.46365,60.84886,311.47,1.01,50,2026-09-09T21:27:00Z,N20,Routine Flare
firms-2026-09-09-2129-43257,27.42391,56.49785,310.28,0.79,50,2026-09-09T21:29:00Z,N20,Routine Flare
firms-2026-09-09-2123-43258,56.54648,85.39345,299.92,0.67,50,2026-09-09T21:23:00Z,N20,Routine Flare
firms-2026-09-09-2127-43259,35.90895,62.96456,302.4,0.8,50,2026-09-09T21:27:00Z,N20,Routine Flare
firms-2026-09-09-2129-43260,27.7665,52.16331,345.35,5.02,50,2026-09-09T21:29:00Z,N20,Routine Flare
firms-2026-09-09-2123-43261,58.70957,73.99272,302.11,0.71,50,2026-09-09T21:23:00Z,N20,Routine Flare
firms-2026-09-09-2127-43262,36.29914,54.78341,298.14,0.44,50,2026-09-09T21:27:00Z,N20,Routine Flare
firms-2026-09-09-2123-43263,56.12572,86.14362,300.21,0.87,50,2026-09-09T21:23:00Z,N20,Routine Flare
firms-2026-09-09-2129-43264,27.76688,52.15763,313.2,5.02,50,2026-09-09T21:29:00Z,N20,Routine Flare
firms-2026-09-09-2127-43265,35.82478,52.80265,302.74,1.55,50,2026-09-09T21:27:00Z,N20,Routine Flare
firms-2026-09-09-2123-43266,57.67341,78.92612,310.05,0.79,50,2026-09-09T21:23:00Z,N20,Routine Flare
firms-2026-09-09-2129-43267,27.76039,52.16225,367,5.02,50,2026-09-09T21:29:00Z,N20,Industrial Fire
firms-2026-09-09-2127-43268,35.57635,51.50263,305.88,3.24,50,2026-09-09T21:27:00Z,N20,Routine Flare
firms-2026-09-09-2123-43269,57.67019,78.92406,300.47,0.79,50,2026-09-09T21:23:00Z,N20,Routine Flare
firms-2026-09-09-2129-43270,27.72662,52.20646,320.74,1.39,50,2026-09-09T21:29:00Z,N20,Routine Flare
firms-2026-09-09-2127-43271,35.5806,51.5056,306.04,3.1,50,2026-09-09T21:27:00Z,N20,Routine Flare
firms-2026-09-09-2123-43272,57.3728,80.18182,309.09,1.18,50,2026-09-09T21:23:00Z,N20,Routine Flare
firms-2026-09-09-2129-43273,27.72297,52.16774,367,16.24,50,2026-09-09T21:29:00Z,N20,Industrial Fire
firms-2026-09-09-2127-43274,35.52285,51.40528,301.15,1.1,50,2026-09-09T21:27:00Z,N20,Routine Flare
firms-2026-09-09-2123-43275,57.36103,80.24184,302.84,1.36,50,2026-09-09T21:23:00Z,N20,Routine Flare
firms-2026-09-09-2129-43276,27.72263,52.17299,354.83,10.03,50,2026-09-09T21:29:00Z,N20,Routine Flare
firms-2026-09-09-2127-43277,32.88894,71.61413,308.93,2.99,50,2026-09-09T21:27:00Z,N20,Routine Flare
firms-2026-09-09-2123-43278,57.36952,80.17961,304.3,1.18,50,2026-09-09T21:23:00Z,N20,Routine Flare
firms-2026-09-09-2129-43279,27.72229,52.1783,319.72,10.03,50,2026-09-09T21:29:00Z,N20,Routine Flare
firms-2026-09-09-2127-43280,35.26585,50.4194,297.98,1.02,50,2026-09-09T21:27:00Z,N20,Routine Flare
firms-2026-09-09-2123-43281,57.36822,80.18627,309.1,1.43,50,2026-09-09T21:23:00Z,N20,Routine Flare
firms-2026-09-09-2129-43282,27.71582,52.18293,336.89,7.24,50,2026-09-09T21:29:00Z,N20,Routine Flare
firms-2026-09-09-2127-43283,32.57493,72.5623,307.53,2.69,50,2026-09-09T21:27:00Z,N20,Routine Flare
firms-2026-09-09-2123-43284,57.36692,80.19294,305.26,1.43,50,2026-09-09T21:23:00Z,N20,Routine Flare
firms-2026-09-09-2129-43285,27.71616,52.17766,319.49,6.68,50,2026-09-09T21:29:00Z,N20,Routine Flare
firms-2026-09-09-2127-43286,32.37976,72.13672,308.69,2.2,50,2026-09-09T21:27:00Z,N20,Routine Flare
firms-2026-09-09-2123-43287,57.3656,80.19959,296.27,0.82,50,2026-09-09T21:23:00Z,N20,Routine Flare
firms-2026-09-09-2129-43288,27.69408,52.23369,319.71,2.38,50,2026-09-09T21:29:00Z,N20,Routine Flare
firms-2026-09-09-2127-43289,31.25961,76.92348,300.76,0.72,50,2026-09-09T21:27:00Z,N20,Routine Flare
firms-2026-09-09-2123-43290,57.35906,80.23294,299.71,1,50,2026-09-09T21:23:00Z,N20,Routine Flare
firms-2026-09-09-2129-43291,24.69181,73.00176,308.93,1.14,50,2026-09-09T21:29:00Z,N20,Routine Flare
firms-2026-09-09-2123-43292,57.35775,80.23962,302.34,1.36,50,2026-09-09T21:23:00Z,N20,Routine Flare
firms-2026-09-09-2127-43293,31.25256,76.9285,299.83,0.34,50,2026-09-09T21:27:00Z,N20,Routine Flare
firms-2026-09-09-2129-43294,27.68831,52.22764,349.03,8.8,50,2026-09-09T21:29:00Z,N20,Routine Flare
firms-2026-09-09-2123-43295,57.35644,80.24628,312.34,1.36,50,2026-09-09T21:23:00Z,N20,Routine Flare
firms-2026-09-09-2127-43296,31.25094,76.9282,300.32,0.87,50,2026-09-09T21:27:00Z,N20,Routine Flare
firms-2026-09-09-2129-43297,27.68731,52.24338,367,6.37,50,2026-09-09T21:29:00Z,N20,Industrial Fire
firms-2026-09-09-2123-43298,57.35513,80.25296,310.27,1.68,50,2026-09-09T21:23:00Z,N20,Routine Flare
firms-2026-09-09-2127-43299,32.65487,70.47169,314.99,1.87,50,2026-09-09T21:27:00Z,N20,Routine Flare
firms-2026-09-09-2129-43300,27.68697,52.24862,328.93,6.37,50,2026-09-09T21:29:00Z,N20,Routine Flare
firms-2026-09-09-2123-43301,57.36494,80.18407,299.62,1.38,50,2026-09-09T21:23:00Z,N20,Routine Flare
firms-2026-09-09-2127-43302,33.62763,59.16934,296.08,2.1,50,2026-09-09T21:27:00Z,N20,Routine Flare
firms-2026-09-09-2123-43303,57.36364,80.19073,309.34,1.38,50,2026-09-09T21:23:00Z,N20,Routine Flare
firms-2026-09-09-2129-43304,27.72264,52.17062,367,20.79,50,2026-09-09T21:29:00Z,N20,Industrial Fire
firms-2026-09-09-2129-43305,33.04488,56.84562,325.15,8.03,50,2026-09-09T21:29:00Z,N20,Routine Flare
firms-2026-09-09-2123-43306,57.36233,80.19739,301.09,1.35,50,2026-09-09T21:23:00Z,N20,Routine Flare
firms-2026-09-09-2129-43307,27.72227,52.17589,336.82,9.84,50,2026-09-09T21:29:00Z,N20,Routine Flare
firms-2026-09-09-2129-43308,33.04285,56.84473,328.11,7.37,50,2026-09-09T21:29:00Z,N20,Routine Flare
firms-2026-09-09-2123-43309,57.35316,80.24407,299.82,1.08,50,2026-09-09T21:23:00Z,N20,Routine Flare
firms-2026-09-09-2129-43310,24.69116,73.00336,306.71,1.05,50,2026-09-09T21:29:00Z,N20,Routine Flare
firms-2026-09-09-2129-43311,32.78041,51.5009,303.97,3,50,2026-09-09T21:29:00Z,N20,Routine Flare
firms-2026-09-09-2123-43312,57.35185,80.25075,318.56,2.07,50,2026-09-09T21:23:00Z,N20,Routine Flare
firms-2026-09-09-2129-43313,27.71576,52.18056,335.09,9.84,50,2026-09-09T21:29:00Z,N20,Routine Flare
firms-2026-09-09-2129-43314,32.42295,51.31984,301.85,2.22,50,2026-09-09T21:29:00Z,N20,Routine Flare
firms-2026-09-09-2123-43315,57.36036,80.18852,317.71,1.38,50,2026-09-09T21:23:00Z,N20,Routine Flare
firms-2026-09-09-2129-43316,27.71539,52.18584,313.7,3.99,50,2026-09-09T21:29:00Z,N20,Routine Flare
firms-2026-09-09-2129-43317,32.40805,51.51278,306.28,1.64,50,2026-09-09T21:29:00Z,N20,Routine Flare
firms-2026-09-09-2123-43318,57.35905,80.19519,313.56,1.35,50,2026-09-09T21:23:00Z,N20,Routine Flare
firms-2026-09-09-2129-43319,27.6937,52.23128,323.84,4.44,50,2026-09-09T21:29:00Z,N20,Routine Flare
firms-2026-09-09-2129-43320,32.25712,51.52246,305.04,1.31,50,2026-09-09T21:29:00Z,N20,Routine Flare
firms-2026-09-09-2123-43321,57.34988,80.24186,304.52,1.08,50,2026-09-09T21:23:00Z,N20,Routine Flare
firms-2026-09-09-2129-43322,27.68796,52.2253,329.52,4.44,50,2026-09-09T21:29:00Z,N20,Routine Flare
firms-2026-09-09-2129-43323,32.24872,51.40296,298.38,4.1,50,2026-09-09T21:29:00Z,N20,Routine Flare
firms-2026-09-09-2123-43324,57.34856,80.24854,317.62,2.07,50,2026-09-09T21:23:00Z,N20,Routine Flare
firms-2026-09-09-2129-43325,32.24156,51.41586,320.71,10.55,50,2026-09-09T21:29:00Z,N20,Routine Flare
firms-2026-09-09-2129-43326,27.6876,52.2305,351.03,4.44,50,2026-09-09T21:29:00Z,N20,Routine Flare
firms-2026-09-09-2123-43327,57.34659,80.23965,314.58,1.61,50,2026-09-09T21:23:00Z,N20,Routine Flare
firms-2026-09-09-2129-43328,32.2413,51.42245,367,10.55,50,2026-09-09T21:29:00Z,N20,Industrial Fire
firms-2026-09-09-2129-43329,27.68686,52.24098,327.06,8.46,50,2026-09-09T21:29:00Z,N20,Routine Flare
firms-2026-09-09-2123-43330,57.34528,80.24633,298.2,0.72,50,2026-09-09T21:23:00Z,N20,Routine Flare
firms-2026-09-09-2129-43331,27.6865,52.24622,352.07,7.3,50,2026-09-09T21:29:00Z,N20,Routine Flare
firms-2026-09-09-2129-43332,32.24104,51.42903,314.88,12.09,50,2026-09-09T21:29:00Z,N20,Routine Flare
firms-2026-09-09-2123-43333,57.51579,79.012,320.17,1.26,50,2026-09-09T21:23:00Z,N20,Routine Flare
firms-2026-09-09-2129-43334,27.59398,52.52697,323.77,6.32,50,2026-09-09T21:29:00Z,N20,Routine Flare
firms-2026-09-09-2129-43335,32.25877,51.52344,305.2,1.68,50,2026-09-09T21:29:00Z,N20,Routine Flare
firms-2026-09-09-2123-43336,58.07031,75.61677,303.15,0.59,50,2026-09-09T21:23:00Z,N20,Routine Flare
firms-2026-09-09-2129-43337,27.56178,52.55703,324.91,7.36,50,2026-09-09T21:29:00Z,N20,Routine Flare
firms-2026-09-09-2129-43338,32.24384,51.41708,320.66,10.69,50,2026-09-09T21:29:00Z,N20,Routine Flare
firms-2026-09-09-2123-43339,57.42709,78.69844,328.32,9.48,50,2026-09-09T21:23:00Z,N20,Routine Flare
firms-2026-09-09-2129-43340,27.59193,52.52387,324.08,2.51,50,2026-09-09T21:29:00Z,N20,Routine Flare
firms-2026-09-09-2129-43341,32.24354,51.42367,367,12.43,50,2026-09-09T21:29:00Z,N20,Industrial Fire
firms-2026-09-09-2123-43342,57.46468,78.43201,299.62,0.33,50,2026-09-09T21:23:00Z,N20,Routine Flare
firms-2026-09-09-2129-43343,27.56533,52.55709,336.64,3.49,50,2026-09-09T21:29:00Z,N20,Routine Flare
firms-2026-09-09-2129-43344,32.24324,51.43024,309.12,12.43,50,2026-09-09T21:29:00Z,N20,Routine Flare
firms-2026-09-09-2123-43345,57.27282,79.39057,295.17,0.32,50,2026-09-09T21:23:00Z,N20,Routine Flare
firms-2026-09-09-2129-43346,27.5519,52.57592,318.81,1.45,50,2026-09-09T21:29:00Z,N20,Routine Flare
firms-2026-09-09-2129-43347,28.375,77.22592,306.16,1.28,50,2026-09-09T21:29:00Z,N20,Routine Flare
firms-2026-09-09-2123-43348,57.26958,79.38847,305.42,0.52,50,2026-09-09T21:23:00Z,N20,Routine Flare
firms-2026-09-09-2129-43349,27.54556,52.58021,317.55,1.45,50,2026-09-09T21:29:00Z,N20,Routine Flare
firms-2026-09-09-2129-43350,32.20068,51.17864,296.33,0.66,50,2026-09-09T21:29:00Z,N20,Routine Flare
firms-2026-09-09-2123-43351,55.86462,84.6438,312.51,1.6,50,2026-09-09T21:23:00Z,N20,Routine Flare
firms-2026-09-09-2129-43352,27.54513,52.5862,319.51,2.46,50,2026-09-09T21:29:00Z,N20,Routine Flare
firms-2026-09-09-2129-43353,31.85289,54.28227,311.37,0.95,50,2026-09-09T21:29:00Z,N20,Routine Flare
firms-2026-09-09-2123-43354,55.86316,84.64968,313.99,1.53,50,2026-09-09T21:23:00Z,N20,Routine Flare
firms-2026-09-09-2129-43355,27.53257,52.59348,316.13,1.46,50,2026-09-09T21:29:00Z,N20,Routine Flare
firms-2026-09-09-2129-43356,31.85259,54.28668,303.45,0.95,50,2026-09-09T21:29:00Z,N20,Routine Flare
firms-2026-09-09-2123-43357,55.37206,86.05062,307.12,1.04,50,2026-09-09T21:23:00Z,N20,Routine Flare
firms-2026-09-09-2129-43358,27.52107,52.5859,326.43,5.5,50,2026-09-09T21:29:00Z,N20,Routine Flare
firms-2026-09-09-2129-43359,31.62255,54.72149,306.27,0.66,50,2026-09-09T21:29:00Z,N20,Routine Flare
firms-2026-09-09-2123-43360,55.36986,86.04081,305.16,1.04,50,2026-09-09T21:23:00Z,N20,Routine Flare
firms-2026-09-09-2129-43361,27.52072,52.59084,350.04,7.22,50,2026-09-09T21:29:00Z,N20,Routine Flare
firms-2026-09-09-2129-43362,31.62198,54.72361,307.8,0.81,50,2026-09-09T21:29:00Z,N20,Routine Flare
firms-2026-09-09-2123-43363,55.36811,86.04737,300.79,1.04,50,2026-09-09T21:23:00Z,N20,Routine Flare
firms-2026-09-09-2129-43364,27.51879,52.61801,322.47,2.29,50,2026-09-09T21:29:00Z,N20,Routine Flare
firms-2026-09-09-2129-43365,27.66761,76.12939,303.85,1.52,50,2026-09-09T21:29:00Z,N20,Routine Flare
firms-2026-09-09-2123-43366,55.36991,86.04969,315.85,2.09,50,2026-09-09T21:23:00Z,N20,Routine Flare
firms-2026-09-09-2129-43367,27.51834,52.62442,312.18,2.29,50,2026-09-09T21:29:00Z,N20,Routine Flare
firms-2026-09-09-2123-43368,55.36769,86.03982,303.27,1.89,50,2026-09-09T21:23:00Z,N20,Routine Flare
firms-2026-09-09-2129-43369,27.51332,52.61043,320.92,7.93,50,2026-09-09T21:29:00Z,N20,Routine Flare
firms-2026-09-09-2123-43370,55.3566,85.99062,324.9,3.35,50,2026-09-09T21:23:00Z,N20,Routine Flare
firms-2026-09-09-2129-43371,27.51295,52.61569,367,7.93,50,2026-09-09T21:29:00Z,N20,Industrial Fire
firms-2026-09-09-2123-43372,53.74871,91.02397,296.55,0.8,50,2026-09-09T21:23:00Z,N20,Routine Flare
firms-2026-09-09-2129-43373,27.51255,52.62128,356.09,16.68,50,2026-09-09T21:29:00Z,N20,Industrial Fire
firms-2026-09-09-2123-43374,53.70991,91.10445,301.62,1.28,50,2026-09-09T21:23:00Z,N20,Routine Flare
firms-2026-09-09-2129-43375,27.51476,52.59003,314.24,1.53,50,2026-09-09T21:29:00Z,N20,Routine Flare
firms-2026-09-09-2123-43376,53.6963,91.12679,300.01,1.83,50,2026-09-09T21:23:00Z,N20,Routine Flare
firms-2026-09-09-2129-43377,27.48775,52.9651,319.9,3.82,50,2026-09-09T21:29:00Z,N20,Routine Flare
firms-2026-09-09-2123-43378,53.69273,91.1377,298.27,1.92,50,2026-09-09T21:23:00Z,N20,Routine Flare
firms-2026-09-09-2129-43379,27.50593,52.62999,339.81,4.45,50,2026-09-09T21:29:00Z,N20,Routine Flare
firms-2026-09-09-2123-43380,55.30453,85.59322,318.83,3.24,50,2026-09-09T21:23:00Z,N20,Routine Flare
firms-2026-09-09-2129-43381,27.50552,52.63586,346.13,4.45,50,2026-09-09T21:29:00Z,N20,Routine Flare
firms-2026-09-09-2123-43382,58.71201,59.5066,296.45,0.41,50,2026-09-09T21:23:00Z,N20,Routine Flare
firms-2026-09-09-2129-43383,27.4993,52.63893,332.61,6.3,50,2026-09-09T21:29:00Z,N20,Routine Flare
firms-2026-09-09-2123-43384,58.39664,58.3229,297.13,0.84,50,2026-09-09T21:23:00Z,N20,Routine Flare
firms-2026-09-09-2129-43385,27.49891,52.64441,367,6.3,50,2026-09-09T21:29:00Z,N20,Industrial Fire
firms-2026-09-09-2123-43386,58.39106,58.32264,296,0.76,50,2026-09-09T21:23:00Z,N20,Routine Flare
firms-2026-09-09-2129-43387,27.49853,52.64992,313.06,5.45,50,2026-09-09T21:29:00Z,N20,Routine Flare
firms-2026-09-09-2123-43388,58.35442,60.07451,306.27,1.08,50,2026-09-09T21:23:00Z,N20,Routine Flare
firms-2026-09-09-2129-43389,25.3894,68.5838,315.81,2.11,50,2026-09-09T21:29:00Z,N20,Routine Flare
firms-2026-09-09-2123-43390,54.41787,86.81786,298.27,0.63,50,2026-09-09T21:23:00Z,N20,Routine Flare
firms-2026-09-09-2129-43391,27.1721,56.05198,313.95,1.53,50,2026-09-09T21:29:00Z,N20,Routine Flare
firms-2026-09-09-2123-43392,58.22863,57.81765,295.74,0.45,50,2026-09-09T21:23:00Z,N20,Routine Flare
firms-2026-09-09-2129-43393,27.16295,56.09809,316.81,2.01,50,2026-09-09T21:29:00Z,N20,Routine Flare
firms-2026-09-09-2123-43394,54.17707,87.1828,295.76,1.33,50,2026-09-09T21:23:00Z,N20,Routine Flare
firms-2026-09-09-2129-43395,27.1624,56.10394,309.81,2.01,50,2026-09-09T21:29:00Z,N20,Routine Flare
firms-2026-09-09-2123-43396,54.17496,87.19028,312.87,1.33,50,2026-09-09T21:23:00Z,N20,Routine Flare
firms-2026-09-09-2129-43397,27.17274,56.05206,313.42,1.36,50,2026-09-09T21:29:00Z,N20,Routine Flare
firms-2026-09-09-2123-43398,54.16031,87.13106,297.32,1.41,50,2026-09-09T21:23:00Z,N20,Routine Flare
firms-2026-09-09-2129-43399,27.16792,56.05144,312.63,1.44,50,2026-09-09T21:29:00Z,N20,Routine Flare
firms-2026-09-09-2123-43400,54.15606,87.12759,305.95,1.41,50,2026-09-09T21:23:00Z,N20,Routine Flare
firms-2026-09-09-2129-43401,27.16327,56.09806,314.79,2.84,50,2026-09-09T21:29:00Z,N20,Routine Flare
firms-2026-09-09-2123-43402,55.12349,83.01214,305.01,0.98,50,2026-09-09T21:23:00Z,N20,Routine Flare
firms-2026-09-09-2129-43403,27.16268,56.1039,312.74,0.93,50,2026-09-09T21:29:00Z,N20,Routine Flare
firms-2026-09-09-2123-43404,54.30599,86.19958,295.41,0.52,50,2026-09-09T21:23:00Z,N20,Routine Flare
firms-2026-09-09-2131-43405,25.15882,67.70341,309.86,1.13,50,2026-09-09T21:31:00Z,N20,Routine Flare
firms-2026-09-09-2123-43406,54.30191,86.19623,298.83,1.54,50,2026-09-09T21:23:00Z,N20,Routine Flare
firms-2026-09-09-2131-43407,27.14951,49.21906,343.4,6.7,50,2026-09-09T21:31:00Z,N20,Routine Flare
firms-2026-09-09-2123-43408,54.29786,86.19276,309.41,1.54,50,2026-09-09T21:23:00Z,N20,Routine Flare
firms-2026-09-09-2131-43409,27.14987,49.21126,308.23,6.7,50,2026-09-09T21:31:00Z,N20,Routine Flare
firms-2026-09-09-2123-43410,54.30668,86.14207,298.26,1.19,50,2026-09-09T21:23:00Z,N20,Routine Flare
firms-2026-09-09-2131-43411,25.05377,67.49573,310.2,1.26,50,2026-09-09T21:31:00Z,N20,Routine Flare
firms-2026-09-09-2123-43412,54.30251,86.13906,308.1,1.19,50,2026-09-09T21:23:00Z,N20,Routine Flare
firms-2026-09-09-2131-43413,25.05103,67.49039,307.76,1.13,50,2026-09-09T21:31:00Z,N20,Routine Flare
firms-2026-09-09-2123-43414,54.30065,86.1459,312.2,1.19,50,2026-09-09T21:23:00Z,N20,Routine Flare
firms-2026-09-09-2131-43415,25.05019,67.49493,310.91,1.26,50,2026-09-09T21:31:00Z,N20,Routine Flare
firms-2026-09-09-2123-43416,54.30035,86.12873,300.7,1.43,50,2026-09-09T21:23:00Z,N20,Routine Flare
firms-2026-09-09-2131-43417,25.15779,66.78284,314.67,2.15,50,2026-09-09T21:31:00Z,N20,Routine Flare
firms-2026-09-09-2123-43418,54.29433,86.13248,298.11,4.42,50,2026-09-09T21:23:00Z,N20,Routine Flare
firms-2026-09-09-2131-43419,25.15982,66.78565,310.76,2.57,50,2026-09-09T21:31:00Z,N20,Routine Flare
firms-2026-09-09-2123-43420,54.29049,86.14658,298.69,1.75,50,2026-09-09T21:23:00Z,N20,Routine Flare
firms-2026-09-09-2131-43421,25.13802,66.90982,308.65,2.1,50,2026-09-09T21:31:00Z,N20,Routine Flare
firms-2026-09-09-2123-43422,54.28653,86.14281,301.03,1.67,50,2026-09-09T21:23:00Z,N20,Routine Flare
firms-2026-09-09-2131-43423,27.14689,49.21715,344,10.63,50,2026-09-09T21:31:00Z,N20,Routine Flare
firms-2026-09-09-2123-43424,54.28448,86.15028,311.1,1.67,50,2026-09-09T21:23:00Z,N20,Routine Flare
firms-2026-09-09-2123-43425,54.27262,86.17537,310.79,4.06,50,2026-09-09T21:23:00Z,N20,Routine Flare
firms-2026-09-09-2131-43426,27.07179,49.56673,309.32,3.31,50,2026-09-09T21:31:00Z,N20,Routine Flare
firms-2026-09-09-2123-43427,54.27088,86.1817,297.12,1.49,50,2026-09-09T21:23:00Z,N20,Routine Flare
firms-2026-09-09-2131-43428,26.79798,53.3412,312.87,0.51,50,2026-09-09T21:31:00Z,N20,Routine Flare
firms-2026-09-09-2123-43429,54.27261,86.15716,303.15,1.68,50,2026-09-09T21:23:00Z,N20,Routine Flare
firms-2026-09-09-2131-43430,27.02212,49.57047,322.99,4.27,50,2026-09-09T21:31:00Z,N20,Routine Flare
firms-2026-09-09-2123-43431,54.27055,86.16468,307.18,4.44,50,2026-09-09T21:23:00Z,N20,Routine Flare
firms-2026-09-09-2131-43432,27.0171,49.56973,317.32,6.82,50,2026-09-09T21:31:00Z,N20,Routine Flare
firms-2026-09-09-2123-43433,54.26675,86.17854,313.77,2.68,50,2026-09-09T21:23:00Z,N20,Routine Flare
firms-2026-09-09-2131-43434,26.9526,49.58752,307.49,3.29,50,2026-09-09T21:31:00Z,N20,Routine Flare
firms-2026-09-09-2123-43435,54.26496,86.18506,302.49,2.68,50,2026-09-09T21:23:00Z,N20,Routine Flare
firms-2026-09-09-2131-43436,26.78827,49.94717,310.49,1.33,50,2026-09-09T21:31:00Z,N20,Routine Flare
firms-2026-09-09-2123-43437,54.28789,86.14437,307.03,2.05,50,2026-09-09T21:23:00Z,N20,Routine Flare
firms-2026-09-09-2131-43438,26.78791,49.94619,309.99,1.47,50,2026-09-09T21:31:00Z,N20,Routine Flare
firms-2026-09-09-2123-43439,54.28592,86.15174,300.44,1.8,50,2026-09-09T21:23:00Z,N20,Routine Flare
firms-2026-09-09-2131-43440,26.78546,49.98821,308.51,1.44,50,2026-09-09T21:31:00Z,N20,Routine Flare
firms-2026-09-09-2123-43441,54.282,86.1478,303.69,1.8,50,2026-09-09T21:23:00Z,N20,Routine Flare
firms-2026-09-09-2131-43442,26.69662,50.07977,310.29,1.8,50,2026-09-09T21:31:00Z,N20,Routine Flare
firms-2026-09-09-2123-43443,54.27428,86.17658,310.95,2.44,50,2026-09-09T21:23:00Z,N20,Routine Flare
firms-2026-09-09-2131-43444,25.97361,56.06998,318.1,7.82,50,2026-09-09T21:31:00Z,N20,Routine Flare
firms-2026-09-09-2123-43445,54.27401,86.15903,317.62,5,50,2026-09-09T21:23:00Z,N20,Routine Flare
firms-2026-09-09-2131-43446,25.90565,54.53061,312.8,0.31,50,2026-09-09T21:31:00Z,N20,Routine Flare
firms-2026-09-09-2123-43447,54.26834,86.18015,313.47,1.95,50,2026-09-09T21:23:00Z,N20,Routine Flare
firms-2026-09-09-2131-43448,25.57073,55.98579,311.98,1.72,50,2026-09-09T21:31:00Z,N20,Routine Flare
firms-2026-09-09-2123-43449,54.26664,86.18643,303.56,2.77,50,2026-09-09T21:23:00Z,N20,Routine Flare
firms-2026-09-09-2131-43450,26.03991,50.56015,308.19,0.77,50,2026-09-09T21:31:00Z,N20,Routine Flare
firms-2026-09-09-2123-43451,54.26617,86.16967,317.08,1.95,50,2026-09-09T21:23:00Z,N20,Routine Flare
firms-2026-09-09-2131-43452,25.56031,55.9851,314.31,1.43,50,2026-09-09T21:31:00Z,N20,Routine Flare
firms-2026-09-09-2123-43453,54.26435,86.17642,300.86,1.95,50,2026-09-09T21:23:00Z,N20,Routine Flare
firms-2026-09-09-2131-43454,25.91945,51.55827,310.77,1.19,50,2026-09-09T21:31:00Z,N20,Routine Flare
firms-2026-09-09-2123-43455,57.94666,60.04979,342.22,24.14,50,2026-09-09T21:23:00Z,N20,Industrial Fire
firms-2026-09-09-2131-43456,25.91906,51.56367,310.81,1.19,50,2026-09-09T21:31:00Z,N20,Routine Flare
firms-2026-09-09-2123-43457,57.94683,60.04382,309.67,24.14,50,2026-09-09T21:23:00Z,N20,Industrial Fire
firms-2026-09-09-2131-43458,25.91319,51.55773,321.86,1.19,50,2026-09-09T21:31:00Z,N20,Routine Flare
firms-2026-09-09-2123-43459,57.94648,60.05569,319.46,18.5,50,2026-09-09T21:23:00Z,N20,Industrial Fire
firms-2026-09-09-2131-43460,25.90808,51.54082,318.38,1.65,50,2026-09-09T21:31:00Z,N20,Routine Flare
firms-2026-09-09-2123-43461,53.92263,87.28236,303.42,1.9,50,2026-09-09T21:23:00Z,N20,Routine Flare
firms-2026-09-09-2131-43462,25.90448,51.50209,322.3,3.61,50,2026-09-09T21:31:00Z,N20,Routine Flare
firms-2026-09-09-2123-43463,53.92046,87.29001,306.45,1.9,50,2026-09-09T21:23:00Z,N20,Routine Flare
firms-2026-09-09-2131-43464,22.26427,75.13316,304.21,0.98,50,2026-09-09T21:31:00Z,N20,Routine Flare
firms-2026-09-09-2123-43465,57.92612,60.03548,300.87,1.32,50,2026-09-09T21:23:00Z,N20,Routine Flare
firms-2026-09-09-2131-43466,25.8838,51.52753,313.8,1.56,50,2026-09-09T21:31:00Z,N20,Routine Flare
firms-2026-09-09-2123-43467,57.9214,60.01709,315.76,1.57,50,2026-09-09T21:23:00Z,N20,Routine Flare
firms-2026-09-09-2131-43468,25.31059,56.37148,318.65,1.87,50,2026-09-09T21:31:00Z,N20,Routine Flare
firms-2026-09-09-2123-43469,57.92123,60.02302,316.92,1.57,50,2026-09-09T21:23:00Z,N20,Routine Flare
firms-2026-09-09-2131-43470,25.53534,53.14549,354.49,13.77,50,2026-09-09T21:31:00Z,N20,Routine Flare
firms-2026-09-09-2123-43471,57.9209,60.0349,307.01,1.32,50,2026-09-09T21:23:00Z,N20,Routine Flare
firms-2026-09-09-2131-43472,25.535,53.14974,328.27,13.77,50,2026-09-09T21:31:00Z,N20,Routine Flare
firms-2026-09-09-2123-43473,57.91634,60.01052,295.15,0.61,50,2026-09-09T21:23:00Z,N20,Routine Flare
firms-2026-09-09-2131-43474,25.53567,53.14124,315.35,12.18,50,2026-09-09T21:31:00Z,N20,Routine Flare
firms-2026-09-09-2123-43475,53.89453,87.28796,296.18,1.07,50,2026-09-09T21:23:00Z,N20,Routine Flare
firms-2026-09-09-2131-43476,25.53248,53.14604,352.39,10.47,50,2026-09-09T21:31:00Z,N20,Routine Flare
firms-2026-09-09-2123-43477,53.89023,87.28443,299.74,2.07,50,2026-09-09T21:23:00Z,N20,Routine Flare
firms-2026-09-09-2131-43478,25.53284,53.1418,316.9,10.93,50,2026-09-09T21:31:00Z,N20,Routine Flare
firms-2026-09-09-2123-43479,53.89036,87.26541,299.97,1.31,50,2026-09-09T21:23:00Z,N20,Routine Flare
firms-2026-09-09-2131-43480,25.53211,53.15028,317.9,10.47,50,2026-09-09T21:31:00Z,N20,Routine Flare
firms-2026-09-09-2123-43481,53.88828,87.25414,312.38,1.8,50,2026-09-09T21:23:00Z,N20,Routine Flare
firms-2026-09-09-2131-43482,25.50945,53.14788,331.75,1.65,50,2026-09-09T21:31:00Z,N20,Routine Flare
firms-2026-09-09-2123-43483,53.88608,87.26184,298.67,1.8,50,2026-09-09T21:23:00Z,N20,Routine Flare
firms-2026-09-09-2131-43484,25.50981,53.14364,312.62,1.65,50,2026-09-09T21:31:00Z,N20,Routine Flare
firms-2026-09-09-2123-43485,53.884,87.2506,301.03,1.8,50,2026-09-09T21:23:00Z,N20,Routine Flare
firms-2026-09-09-2131-43486,25.64117,49.38235,310.77,1.96,50,2026-09-09T21:31:00Z,N20,Routine Flare
firms-2026-09-09-2123-43487,54.07068,86.53376,296.32,1.41,50,2026-09-09T21:23:00Z,N20,Routine Flare
firms-2026-09-09-2131-43488,25.64074,49.38982,309.56,1.96,50,2026-09-09T21:31:00Z,N20,Routine Flare
firms-2026-09-09-2123-43489,57.87255,56.15523,307.17,1.22,50,2026-09-09T21:23:00Z,N20,Routine Flare
firms-2026-09-09-2131-43490,22.92588,69.82298,306.27,0.97,50,2026-09-09T21:31:00Z,N20,Routine Flare
firms-2026-09-09-2123-43491,53.95655,86.6491,296.42,0.91,50,2026-09-09T21:23:00Z,N20,Routine Flare
firms-2026-09-09-2131-43492,22.93342,69.69579,315.65,1.34,50,2026-09-09T21:31:00Z,N20,Routine Flare
firms-2026-09-09-2123-43493,53.95443,86.63824,296.43,0.77,50,2026-09-09T21:23:00Z,N20,Routine Flare
firms-2026-09-09-2131-43494,22.93258,69.69999,306.61,1.34,50,2026-09-09T21:31:00Z,N20,Routine Flare
firms-2026-09-09-2123-43495,54.65956,83.35513,302.5,0.89,50,2026-09-09T21:23:00Z,N20,Routine Flare
firms-2026-09-09-2131-43496,25.38288,50.79534,311.89,3.36,50,2026-09-09T21:31:00Z,N20,Routine Flare
firms-2026-09-09-2123-43497,54.65766,83.3088,310.26,1.65,50,2026-09-09T21:23:00Z,N20,Routine Flare
firms-2026-09-09-2131-43498,25.38296,50.7955,314.56,3.25,50,2026-09-09T21:31:00Z,N20,Routine Flare
firms-2026-09-09-2123-43499,54.65582,83.30848,310.63,1.48,50,2026-09-09T21:23:00Z,N20,Routine Flare
firms-2026-09-09-2131-43500,25.17578,52.86871,367,24.22,50,2026-09-09T21:31:00Z,N20,Industrial Fire
firms-2026-09-09-2123-43501,57.42197,60.0811,319.7,1.83,50,2026-09-09T21:23:00Z,N20,Routine Flare
firms-2026-09-09-2131-43502,25.17542,52.87307,337,24.84,50,2026-09-09T21:31:00Z,N20,Industrial Fire
firms-2026-09-09-2123-43503,57.09204,65.74632,308.36,0.69,50,2026-09-09T21:23:00Z,N20,Routine Flare
firms-2026-09-09-2131-43504,25.17506,52.87743,323.23,24.84,50,2026-09-09T21:31:00Z,N20,Industrial Fire
firms-2026-09-09-2123-43505,53.68656,85.00874,298.51,1.67,50,2026-09-09T21:23:00Z,N20,Routine Flare
firms-2026-09-09-2131-43506,25.17613,52.86434,314.37,24.22,50,2026-09-09T21:31:00Z,N20,Industrial Fire
firms-2026-09-09-2123-43507,53.68024,84.99606,297.84,2.53,50,2026-09-09T21:23:00Z,N20,Routine Flare
firms-2026-09-09-2131-43508,25.16465,52.86312,367,23.5,50,2026-09-09T21:31:00Z,N20,Industrial Fire
firms-2026-09-09-2123-43509,56.87081,62.0499,325.48,3.43,50,2026-09-09T21:23:00Z,N20,Routine Flare
firms-2026-09-09-2131-43510,25.16429,52.86755,340.75,23.5,50,2026-09-09T21:31:00Z,N20,Industrial Fire
firms-2026-09-09-2123-43511,56.95439,59.77021,300.27,0.66,50,2026-09-09T21:23:00Z,N20,Routine Flare
firms-2026-09-09-2131-43512,25.16393,52.87196,342.78,9.39,50,2026-09-09T21:31:00Z,N20,Routine Flare
firms-2026-09-09-2123-43513,56.86602,62.04909,298.27,0.87,50,2026-09-09T21:23:00Z,N20,Routine Flare
firms-2026-09-09-2131-43514,25.16357,52.8763,319.91,9.39,50,2026-09-09T21:31:00Z,N20,Routine Flare
firms-2026-09-09-2123-43515,55.08858,73.28041,326.84,1.73,50,2026-09-09T21:23:00Z,N20,Routine Flare
firms-2026-09-09-2131-43516,24.90758,53.72628,367,9.58,50,2026-09-09T21:31:00Z,N20,Industrial Fire
firms-2026-09-09-2123-43517,55.06065,73.21053,300.7,0.82,50,2026-09-09T21:23:00Z,N20,Routine Flare
firms-2026-09-09-2131-43518,24.90724,53.73009,332.83,9.58,50,2026-09-09T21:31:00Z,N20,Routine Flare
firms-2026-09-09-2123-43519,54.94097,73.48625,303.26,1.33,50,2026-09-09T21:23:00Z,N20,Routine Flare
firms-2026-09-09-2131-43520,25.17983,49.3133,308.89,3.8,50,2026-09-09T21:31:00Z,N20,Routine Flare
firms-2026-09-09-2123-43521,53.51291,80.09951,296.6,0.55,50,2026-09-09T21:23:00Z,N20,Routine Flare
firms-2026-09-09-2131-43522,24.84764,53.65763,354.94,8.94,50,2026-09-09T21:31:00Z,N20,Routine Flare
firms-2026-09-09-2123-43523,53.51141,80.10648,299.7,0.55,50,2026-09-09T21:23:00Z,N20,Routine Flare
firms-2026-09-09-2131-43524,24.84731,53.66148,324.57,8.94,50,2026-09-09T21:31:00Z,N20,Routine Flare
firms-2026-09-09-2123-43525,55.97642,57.95626,295.5,0.51,50,2026-09-09T21:23:00Z,N20,Routine Flare
firms-2026-09-09-2131-43526,24.84797,53.65379,314.57,9.03,50,2026-09-09T21:31:00Z,N20,Routine Flare
firms-2026-09-09-2123-43527,54.78985,67.36552,311.93,1.27,50,2026-09-09T21:23:00Z,N20,Routine Flare
firms-2026-09-09-2131-43528,24.85166,53.65839,367,3.77,50,2026-09-09T21:31:00Z,N20,Industrial Fire
firms-2026-09-09-2123-43529,54.78606,67.3644,324.32,3.26,50,2026-09-09T21:23:00Z,N20,Routine Flare
firms-2026-09-09-2131-43530,24.8513,53.66223,314.45,3.77,50,2026-09-09T21:31:00Z,N20,Routine Flare
firms-2026-09-09-2125-43531,52.25798,77.04126,316.2,1.91,50,2026-09-09T21:25:00Z,N20,Routine Flare
firms-2026-09-09-2131-43532,24.84621,53.65778,367,4.13,50,2026-09-09T21:31:00Z,N20,Industrial Fire
firms-2026-09-09-2125-43533,52.25682,77.04725,308.01,1.91,50,2026-09-09T21:25:00Z,N20,Routine Flare
firms-2026-09-09-2131-43534,24.84585,53.66162,315.81,4.13,50,2026-09-09T21:31:00Z,N20,Routine Flare
firms-2026-09-09-2125-43535,52.25853,77.04708,320.44,2.14,50,2026-09-09T21:25:00Z,N20,Routine Flare
firms-2026-09-09-2131-43536,25.17476,49.31247,309.34,3.17,50,2026-09-09T21:31:00Z,N20,Routine Flare
firms-2026-09-09-2125-43537,52.25968,77.04108,299.64,1.29,50,2026-09-09T21:25:00Z,N20,Routine Flare
firms-2026-09-09-2131-43538,24.88189,53.07153,315.45,0.27,50,2026-09-09T21:31:00Z,N20,Routine Flare
firms-2026-09-09-2125-43539,52.25403,77.05138,307.44,2.14,50,2026-09-09T21:25:00Z,N20,Routine Flare
firms-2026-09-09-2131-43540,24.83841,53.50002,367,9.23,50,2026-09-09T21:31:00Z,N20,Industrial Fire
firms-2026-09-09-2125-43541,52.08498,76.85287,328.19,2.75,50,2026-09-09T21:25:00Z,N20,Routine Flare
firms-2026-09-09-2131-43542,24.83806,53.50394,335.5,9.23,50,2026-09-09T21:31:00Z,N20,Routine Flare
firms-2026-09-09-2125-43543,52.07368,76.87331,299.48,1.3,50,2026-09-09T21:25:00Z,N20,Routine Flare
firms-2026-09-09-2131-43544,24.8012,53.72982,367,9.54,50,2026-09-09T21:31:00Z,N20,Industrial Fire
firms-2026-09-09-2125-43545,52.07266,76.8597,307.33,0.95,50,2026-09-09T21:25:00Z,N20,Routine Flare
firms-2026-09-09-2131-43546,24.80085,53.73361,332.72,9.54,50,2026-09-09T21:31:00Z,N20,Routine Flare
firms-2026-09-09-2125-43547,52.06504,76.8689,301.8,2.07,50,2026-09-09T21:25:00Z,N20,Routine Flare
firms-2026-09-09-2131-43548,24.50848,56.60721,322.58,2,50,2026-09-09T21:31:00Z,N20,Routine Flare
firms-2026-09-09-2125-43549,52.05941,76.87914,297.2,0.65,50,2026-09-09T21:25:00Z,N20,Routine Flare
firms-2026-09-09-2131-43550,24.50453,56.60169,312.86,2,50,2026-09-09T21:31:00Z,N20,Routine Flare
firms-2026-09-09-2125-43551,50.35215,83.49726,300.78,0.86,50,2026-09-09T21:25:00Z,N20,Routine Flare
firms-2026-09-09-2131-43552,24.50399,56.60661,317.95,2,50,2026-09-09T21:31:00Z,N20,Routine Flare
firms-2026-09-09-2125-43553,51.7541,75.40481,300.05,1.01,50,2026-09-09T21:25:00Z,N20,Routine Flare
firms-2026-09-09-2131-43554,24.95675,51.54549,314.16,1.67,50,2026-09-09T21:31:00Z,N20,Routine Flare
firms-2026-09-09-2125-43555,51.74959,75.39048,301.8,0.76,50,2026-09-09T21:25:00Z,N20,Routine Flare
firms-2026-09-09-2131-43556,24.93081,51.55879,353.54,6.8,50,2026-09-09T21:31:00Z,N20,Routine Flare
firms-2026-09-09-2125-43557,49.99176,82.60281,297.3,0.95,50,2026-09-09T21:25:00Z,N20,Routine Flare
firms-2026-09-09-2131-43558,24.93043,51.56407,311.91,4.15,50,2026-09-09T21:31:00Z,N20,Routine Flare
firms-2026-09-09-2125-43559,51.46473,75.67182,298.23,0.28,50,2026-09-09T21:25:00Z,N20,Routine Flare
firms-2026-09-09-2131-43560,24.45522,56.55041,312.41,1.58,50,2026-09-09T21:31:00Z,N20,Routine Flare
firms-2026-09-09-2125-43561,49.64238,83.57432,298.9,1.54,50,2026-09-09T21:25:00Z,N20,Routine Flare
firms-2026-09-09-2131-43562,24.45811,56.55045,312.32,1.54,50,2026-09-09T21:31:00Z,N20,Routine Flare
firms-2026-09-09-2125-43563,50.39846,80.18201,319.23,3.91,50,2026-09-09T21:25:00Z,N20,Routine Flare
firms-2026-09-09-2131-43564,24.93176,51.56083,346.28,6.9,50,2026-09-09T21:31:00Z,N20,Routine Flare
firms-2026-09-09-2125-43565,51.26226,75.71616,303.15,0.67,50,2026-09-09T21:25:00Z,N20,Routine Flare
firms-2026-09-09-2131-43566,22.33153,69.74809,305.56,1.91,50,2026-09-09T21:31:00Z,N20,Routine Flare
firms-2026-09-09-2125-43567,51.2612,75.72186,310.23,1.52,50,2026-09-09T21:25:00Z,N20,Routine Flare
firms-2026-09-09-2131-43568,22.41794,69.03831,307.91,2.54,50,2026-09-09T21:31:00Z,N20,Routine Flare
firms-2026-09-09-2125-43569,51.25895,75.71461,307.22,1.24,50,2026-09-09T21:25:00Z,N20,Routine Flare
firms-2026-09-09-2131-43570,21.86034,71.68641,309.26,1.48,50,2026-09-09T21:31:00Z,N20,Routine Flare
firms-2026-09-09-2125-43571,51.26184,75.66021,300.03,1.07,50,2026-09-09T21:25:00Z,N20,Routine Flare
firms-2026-09-09-2131-43572,24.87983,49.22715,307.45,1.57,50,2026-09-09T21:31:00Z,N20,Routine Flare
firms-2026-09-09-2125-43573,51.25944,75.63436,313.48,1.15,50,2026-09-09T21:25:00Z,N20,Routine Flare
firms-2026-09-09-2131-43574,24.89064,49.20736,305.33,1.64,50,2026-09-09T21:31:00Z,N20,Routine Flare
firms-2026-09-09-2125-43575,51.2584,75.64005,308.95,1.15,50,2026-09-09T21:25:00Z,N20,Routine Flare
firms-2026-09-09-2131-43576,24.87513,49.22825,311.85,1.06,50,2026-09-09T21:31:00Z,N20,Routine Flare
firms-2026-09-09-2125-43577,51.25615,75.63281,299.58,1.15,50,2026-09-09T21:25:00Z,N20,Routine Flare
firms-2026-09-09-2131-43578,24.79726,49.3453,307.38,1.65,50,2026-09-09T21:31:00Z,N20,Routine Flare
firms-2026-09-09-2125-43579,50.03249,78.73684,322.5,2.14,50,2026-09-09T21:25:00Z,N20,Routine Flare
firms-2026-09-09-2131-43580,24.32326,54.46815,319.96,1.81,50,2026-09-09T21:31:00Z,N20,Routine Flare
firms-2026-09-09-2125-43581,50.02003,78.73811,300.93,1.6,50,2026-09-09T21:25:00Z,N20,Routine Flare
firms-2026-09-09-2131-43582,23.91318,57.13814,310.38,0.81,50,2026-09-09T21:31:00Z,N20,Routine Flare
firms-2026-09-09-2125-43583,50.0164,78.73615,305.36,2.65,50,2026-09-09T21:25:00Z,N20,Routine Flare
firms-2026-09-09-2131-43584,24.54002,49.22306,304.76,1.98,50,2026-09-09T21:31:00Z,N20,Routine Flare
firms-2026-09-09-2125-43585,50.00915,78.73222,302.77,1.39,50,2026-09-09T21:25:00Z,N20,Routine Flare
firms-2026-09-09-2131-43586,24.53517,49.21841,306.29,1.09,50,2026-09-09T21:31:00Z,N20,Routine Flare
firms-2026-09-09-2125-43587,48.27356,83.46986,337.38,10.01,50,2026-09-09T21:25:00Z,N20,Routine Flare
firms-2026-09-09-2131-43588,21.10844,72.64442,346.9,4.87,50,2026-09-09T21:31:00Z,N20,Routine Flare
firms-2026-09-09-2125-43589,48.26904,83.46707,331.91,6.47,50,2026-09-09T21:25:00Z,N20,Routine Flare
firms-2026-09-09-2131-43590,21.11067,72.63412,307.26,3.42,50,2026-09-09T21:31:00Z,N20,Routine Flare
firms-2026-09-09-2125-43591,51.90599,59.70269,295.7,0.98,50,2026-09-09T21:25:00Z,N20,Routine Flare
firms-2026-09-09-2131-43592,21.10993,72.63754,307.33,4.92,50,2026-09-09T21:31:00Z,N20,Routine Flare
firms-2026-09-09-2125-43593,51.9058,59.70744,309.19,0.98,50,2026-09-09T21:25:00Z,N20,Routine Flare
firms-2026-09-09-2131-43594,21.10769,72.64785,315.59,4.87,50,2026-09-09T21:31:00Z,N20,Routine Flare
firms-2026-09-09-2125-43595,51.9056,59.7122,300.97,0.89,50,2026-09-09T21:25:00Z,N20,Routine Flare
firms-2026-09-09-2131-43596,21.10473,72.63625,335.79,5.36,50,2026-09-09T21:31:00Z,N20,Routine Flare
firms-2026-09-09-2125-43597,51.9015,59.68794,308.53,1.39,50,2026-09-09T21:25:00Z,N20,Routine Flare
firms-2026-09-09-2131-43598,24.14122,52.68392,310.78,1.84,50,2026-09-09T21:31:00Z,N20,Routine Flare
firms-2026-09-09-2125-43599,51.90131,59.6927,306.83,1.03,50,2026-09-09T21:25:00Z,N20,Routine Flare
firms-2026-09-09-2131-43600,24.134,52.70067,318,3.58,50,2026-09-09T21:31:00Z,N20,Routine Flare
firms-2026-09-09-2125-43601,51.90111,59.69745,305.25,1.03,50,2026-09-09T21:25:00Z,N20,Routine Flare
firms-2026-09-09-2131-43602,24.12423,52.7476,352.45,17.02,50,2026-09-09T21:31:00Z,N20,Industrial Fire
firms-2026-09-09-2125-43603,51.89719,59.66828,311.63,1.4,50,2026-09-09T21:25:00Z,N20,Routine Flare
firms-2026-09-09-2131-43604,24.12387,52.75185,325.4,17.02,50,2026-09-09T21:31:00Z,N20,Industrial Fire
firms-2026-09-09-2125-43605,51.897,59.67309,312.65,1.24,50,2026-09-09T21:25:00Z,N20,Routine Flare
firms-2026-09-09-2131-43606,24.12459,52.74333,317.09,16.83,50,2026-09-09T21:31:00Z,N20,Industrial Fire
firms-2026-09-09-2125-43607,51.89681,59.67788,309.68,1.24,50,2026-09-09T21:25:00Z,N20,Routine Flare
firms-2026-09-09-2131-43608,23.55564,58.19856,312.84,0.81,50,2026-09-09T21:31:00Z,N20,Routine Flare
firms-2026-09-09-2125-43609,51.89662,59.68267,309.26,1.27,50,2026-09-09T21:25:00Z,N20,Routine Flare
firms-2026-09-09-2131-43610,23.85447,53.65139,308.29,0.75,50,2026-09-09T21:31:00Z,N20,Routine Flare
firms-2026-09-09-2131-43611,20.90852,71.45917,306.78,1.48,50,2026-09-09T21:31:00Z,N20,Routine Flare
firms-2026-09-09-2131-43612,23.55025,53.3223,313.25,1.15,50,2026-09-09T21:31:00Z,N20,Routine Flare
firms-2026-09-09-2131-43613,23.19534,55.4539,322.3,3.01,50,2026-09-09T21:31:00Z,N20,Routine Flare
firms-2026-09-09-2131-43614,23.19477,55.45945,309.95,3.01,50,2026-09-09T21:31:00Z,N20,Routine Flare
firms-2026-09-09-2131-43615,23.31704,54.17125,312.44,1.97,50,2026-09-09T21:31:00Z,N20,Routine Flare
firms-2026-09-09-2131-43616,23.31672,54.17464,311.07,2.09,50,2026-09-09T21:31:00Z,N20,Routine Flare
firms-2026-09-09-2131-43617,23.31153,54.17403,367,6.91,50,2026-09-09T21:31:00Z,N20,Industrial Fire
firms-2026-09-09-2131-43618,23.31121,54.17743,334.08,6.91,50,2026-09-09T21:31:00Z,N20,Routine Flare
firms-2026-09-09-2131-43619,23.19429,55.45756,327.44,2.75,50,2026-09-09T21:31:00Z,N20,Routine Flare
firms-2026-09-09-2131-43620,23.18953,55.45695,311.76,2.75,50,2026-09-09T21:31:00Z,N20,Routine Flare
firms-2026-09-09-2131-43621,23.31528,54.17373,367,8.43,50,2026-09-09T21:31:00Z,N20,Industrial Fire
firms-2026-09-09-2131-43622,23.31494,54.17712,352.49,8.43,50,2026-09-09T21:31:00Z,N20,Routine Flare
firms-2026-09-09-2131-43623,23.30976,54.17652,322.18,0.99,50,2026-09-09T21:31:00Z,N20,Routine Flare
firms-2026-09-09-2131-43624,23.3101,54.17314,309.76,0.99,50,2026-09-09T21:31:00Z,N20,Routine Flare
firms-2026-09-09-2131-43625,23.27853,54.22696,309.8,0.69,50,2026-09-09T21:31:00Z,N20,Routine Flare
firms-2026-09-09-2131-43626,22.65744,59.41523,312.21,1.35,50,2026-09-09T21:31:00Z,N20,Routine Flare
firms-2026-09-09-2131-43627,23.13495,53.57907,308.54,0.54,50,2026-09-09T21:31:00Z,N20,Routine Flare
firms-2026-09-09-2131-43628,22.88139,55.92257,330.74,4.31,50,2026-09-09T21:31:00Z,N20,Routine Flare
firms-2026-09-09-2131-43629,22.87265,55.61308,325.32,3.2,50,2026-09-09T21:31:00Z,N20,Routine Flare
firms-2026-09-09-2131-43630,22.78192,55.81365,310.69,1.85,50,2026-09-09T21:31:00Z,N20,Routine Flare
firms-2026-09-09-2131-43631,22.67408,56.24694,311.52,0.88,50,2026-09-09T21:31:00Z,N20,Routine Flare
firms-2026-09-09-2131-43632,22.67154,56.24903,309.29,1.15,50,2026-09-09T21:31:00Z,N20,Routine Flare
firms-2026-09-09-2131-43633,22.40659,56.98983,331.55,2,50,2026-09-09T21:31:00Z,N20,Routine Flare
firms-2026-09-09-2131-43634,22.33057,56.48737,339.08,7.55,50,2026-09-09T21:31:00Z,N20,Routine Flare
firms-2026-09-09-2131-43635,22.29475,56.52747,309.29,0.75,50,2026-09-09T21:31:00Z,N20,Routine Flare
firms-2026-09-09-2131-43636,22.54426,53.91614,367,19.13,50,2026-09-09T21:31:00Z,N20,Industrial Fire
firms-2026-09-09-2131-43637,22.54393,53.91941,327.08,16.18,50,2026-09-09T21:31:00Z,N20,Industrial Fire
firms-2026-09-09-2131-43638,22.54458,53.91284,317.39,19.13,50,2026-09-09T21:31:00Z,N20,Industrial Fire
firms-2026-09-09-2131-43639,22.5436,53.92271,311.56,16.18,50,2026-09-09T21:31:00Z,N20,Industrial Fire
firms-2026-09-09-2131-43640,22.53907,53.91518,317.74,2.38,50,2026-09-09T21:31:00Z,N20,Routine Flare
firms-2026-09-09-2131-43641,22.53874,53.91846,312.34,2.18,50,2026-09-09T21:31:00Z,N20,Routine Flare
firms-2026-09-09-2131-43642,22.53675,53.93862,312.1,2.02,50,2026-09-09T21:31:00Z,N20,Routine Flare
firms-2026-09-09-2131-43643,22.52571,54.04995,311.61,1.15,50,2026-09-09T21:31:00Z,N20,Routine Flare
firms-2026-09-09-2131-43644,21.9373,57.07299,341.53,5.7,50,2026-09-09T21:31:00Z,N20,Routine Flare
firms-2026-09-09-2131-43645,21.89098,56.847,338.68,4.64,50,2026-09-09T21:31:00Z,N20,Routine Flare
firms-2026-09-09-2131-43646,21.83442,56.6779,314.83,1.28,50,2026-09-09T21:31:00Z,N20,Routine Flare
firms-2026-09-09-2131-43647,21.83389,56.68231,312.61,1.33,50,2026-09-09T21:31:00Z,N20,Routine Flare
firms-2026-09-09-2131-43648,18.55977,74.38993,296.02,0.42,50,2026-09-09T21:31:00Z,N20,Routine Flare
firms-2026-09-09-2131-43649,21.66476,56.41216,326.47,3.36,50,2026-09-09T21:31:00Z,N20,Routine Flare
firms-2026-09-09-2131-43650,18.85809,72.92795,314.02,1.22,50,2026-09-09T21:31:00Z,N20,Routine Flare
firms-2026-09-09-2131-43651,21.46015,56.96593,313.73,0.89,50,2026-09-09T21:31:00Z,N20,Routine Flare
firms-2026-09-09-2131-43652,21.45593,56.96532,314.09,1.22,50,2026-09-09T21:31:00Z,N20,Routine Flare
firms-2026-09-09-2131-43653,21.33387,57.72358,322.79,1.68,50,2026-09-09T21:31:00Z,N20,Routine Flare
firms-2026-09-09-2131-43654,21.32183,57.72179,317.1,1.69,50,2026-09-09T21:31:00Z,N20,Routine Flare
firms-2026-09-09-2131-43655,21.31505,57.74366,326.88,2.32,50,2026-09-09T21:31:00Z,N20,Routine Flare
firms-2026-09-09-2131-43656,21.30419,57.79879,323.13,1.11,50,2026-09-09T21:31:00Z,N20,Routine Flare
firms-2026-09-09-2131-43657,21.31104,57.74307,312.78,1.6,50,2026-09-09T21:31:00Z,N20,Routine Flare
firms-2026-09-09-2131-43658,21.31058,57.7468,319.9,1.68,50,2026-09-09T21:31:00Z,N20,Routine Flare
firms-2026-09-09-2131-43659,21.30233,57.79922,308.3,0.41,50,2026-09-09T21:31:00Z,N20,Routine Flare
firms-2026-09-09-2131-43660,21.30636,57.70501,322.17,1.15,50,2026-09-09T21:31:00Z,N20,Routine Flare
firms-2026-09-09-2131-43661,21.29719,57.68077,316.8,1.06,50,2026-09-09T21:31:00Z,N20,Routine Flare
firms-2026-09-09-2131-43662,20.38916,55.65942,317.99,2.03,50,2026-09-09T21:31:00Z,N20,Routine Flare
firms-2026-09-09-2131-43663,20.38629,55.64415,310.95,2.44,50,2026-09-09T21:31:00Z,N20,Routine Flare
firms-2026-09-09-2131-43664,20.38733,55.6628,324.33,2.81,50,2026-09-09T21:31:00Z,N20,Routine Flare
firms-2026-09-09-2131-43665,20.38456,55.64754,321.65,2.16,50,2026-09-09T21:31:00Z,N20,Routine Flare
firms-2026-09-09-2131-43666,20.21483,55.71103,314.99,1.22,50,2026-09-09T21:31:00Z,N20,Routine Flare
firms-2026-09-09-2133-43667,19.27031,56.173,318.8,1.09,50,2026-09-09T21:33:00Z,N20,Routine Flare
firms-2026-09-09-2133-43668,18.3249,55.10578,338.74,6.06,50,2026-09-09T21:33:00Z,N20,Routine Flare
firms-2026-09-09-2133-43669,18.17798,55.24695,307.27,0.72,50,2026-09-09T21:33:00Z,N20,Routine Flare
firms-2026-09-09-2133-43670,18.01671,54.56941,338.19,10.41,50,2026-09-09T21:33:00Z,N20,Routine Flare
firms-2026-09-09-2133-43671,18.01608,54.57465,311.76,10.41,50,2026-09-09T21:33:00Z,N20,Routine Flare
firms-2026-09-09-2133-43672,12.98642,74.85329,326.26,4.91,50,2026-09-09T21:33:00Z,N20,Routine Flare
firms-2026-09-09-2133-43673,12.98743,74.85194,323.57,5.75,50,2026-09-09T21:33:00Z,N20,Routine Flare
firms-2026-09-09-2324-43674,-13.64763,25.68121,300.53,0.55,50,2026-09-09T23:24:00Z,N20,Routine Flare
firms-2026-09-09-2324-43675,-13.49506,24.71858,297.35,0.59,50,2026-09-09T23:24:00Z,N20,Routine Flare
firms-2026-09-09-2309-43676,31.08499,48.49326,328.02,4.09,50,2026-09-09T23:09:00Z,N20,Routine Flare
firms-2026-09-09-2324-43677,-14.0468,27.9012,310.02,1.08,50,2026-09-09T23:24:00Z,N20,Routine Flare
firms-2026-09-09-2324-43678,-14.1356,28.29365,305.99,0.63,50,2026-09-09T23:24:00Z,N20,Routine Flare
firms-2026-09-09-2305-43679,49.7812,37.71847,295.27,0.52,50,2026-09-09T23:05:00Z,N20,Routine Flare
firms-2026-09-09-2324-43680,-14.46218,30.35187,299.2,0.52,50,2026-09-09T23:24:00Z,N20,Routine Flare
firms-2026-09-09-2324-43681,-14.4638,30.34011,298.97,0.55,50,2026-09-09T23:24:00Z,N20,Routine Flare
firms-2026-09-09-2305-43682,49.64238,38.12376,297.07,0.81,50,2026-09-09T23:05:00Z,N20,Routine Flare
firms-2026-09-09-2324-43683,-14.46552,30.35131,304.2,0.52,50,2026-09-09T23:24:00Z,N20,Routine Flare
firms-2026-09-09-2324-43684,-14.46829,30.34704,302.59,0.71,50,2026-09-09T23:24:00Z,N20,Routine Flare
firms-2026-09-09-2305-43685,49.56136,37.469,295.1,0.88,50,2026-09-09T23:05:00Z,N20,Routine Flare
firms-2026-09-09-2324-43686,-13.94386,26.98931,298.67,0.45,50,2026-09-09T23:24:00Z,N20,Routine Flare
firms-2026-09-09-2305-43687,49.49921,38.25868,301.44,0.72,50,2026-09-09T23:05:00Z,N20,Routine Flare
firms-2026-09-09-2324-43688,-13.87942,26.34631,297.61,0.64,50,2026-09-09T23:24:00Z,N20,Routine Flare
firms-2026-09-09-2324-43689,-13.87685,26.34477,304.88,0.9,50,2026-09-09T23:24:00Z,N20,Routine Flare
firms-2026-09-09-2305-43690,49.55753,37.46197,297.58,0.88,50,2026-09-09T23:05:00Z,N20,Routine Flare
firms-2026-09-09-2324-43691,-13.0002,21.20891,300.16,0.52,50,2026-09-09T23:24:00Z,N20,Routine Flare
firms-2026-09-09-2305-43692,49.55707,37.4681,305.53,0.88,50,2026-09-09T23:05:00Z,N20,Routine Flare
firms-2026-09-09-2324-43693,-12.69423,19.58003,298.71,0.38,50,2026-09-09T23:24:00Z,N20,Routine Flare
firms-2026-09-09-2305-43694,49.49782,38.25785,304.1,0.8,50,2026-09-09T23:05:00Z,N20,Routine Flare
firms-2026-09-09-2305-43695,49.55952,37.46865,313.95,1.31,50,2026-09-09T23:05:00Z,N20,Routine Flare
firms-2026-09-09-2305-43696,49.55573,37.46164,295.8,1.13,50,2026-09-09T23:05:00Z,N20,Routine Flare
firms-2026-09-09-2324-43697,-12.69499,19.58388,298.52,0.38,50,2026-09-09T23:24:00Z,N20,Routine Flare
firms-2026-09-09-2305-43698,49.55524,37.46775,299.07,1.31,50,2026-09-09T23:05:00Z,N20,Routine Flare
firms-2026-09-09-2324-43699,-12.69575,19.58772,301.69,0.98,50,2026-09-09T23:24:00Z,N20,Routine Flare
firms-2026-09-09-2305-43700,49.48759,36.53824,298.01,0.84,50,2026-09-09T23:05:00Z,N20,Routine Flare
firms-2026-09-09-2305-43701,49.36239,38.04845,303.43,1.02,50,2026-09-09T23:05:00Z,N20,Routine Flare
firms-2026-09-09-2305-43702,48.50368,44.62933,299.79,0.47,50,2026-09-09T23:05:00Z,N20,Routine Flare
firms-2026-09-09-2324-43703,-14.72374,31.01528,296.97,0.27,50,2026-09-09T23:24:00Z,N20,Routine Flare
firms-2026-09-09-2305-43704,48.47277,44.65207,295.82,0.36,50,2026-09-09T23:05:00Z,N20,Routine Flare
firms-2026-09-09-2324-43705,-12.7135,19.04095,305.21,0.87,50,2026-09-09T23:24:00Z,N20,Routine Flare
firms-2026-09-09-2305-43706,48.91778,37.85516,305.23,1.06,50,2026-09-09T23:05:00Z,N20,Routine Flare
firms-2026-09-09-2305-43707,48.88121,37.83176,326.14,2.33,50,2026-09-09T23:05:00Z,N20,Routine Flare
firms-2026-09-09-2324-43708,-14.46109,28.43634,304.69,0.78,50,2026-09-09T23:24:00Z,N20,Routine Flare
firms-2026-09-09-2305-43709,48.88496,37.73684,310.35,1.63,50,2026-09-09T23:05:00Z,N20,Routine Flare
firms-2026-09-09-2324-43710,-14.46776,28.4352,297.72,0.56,50,2026-09-09T23:24:00Z,N20,Routine Flare
firms-2026-09-09-2305-43711,48.79538,37.78532,295.66,0.56,50,2026-09-09T23:05:00Z,N20,Routine Flare
firms-2026-09-09-2324-43712,-14.04924,25.93393,308.73,2.06,50,2026-09-09T23:24:00Z,N20,Routine Flare
firms-2026-09-09-2305-43713,46.18052,53.40061,296.99,0.5,50,2026-09-09T23:05:00Z,N20,Routine Flare
firms-2026-09-09-2324-43714,-12.89689,19.65668,302.99,0.78,50,2026-09-09T23:24:00Z,N20,Routine Flare
firms-2026-09-09-2305-43715,48.63049,37.56132,301.84,0.86,50,2026-09-09T23:05:00Z,N20,Routine Flare
firms-2026-09-09-2324-43716,-13.18805,20.92055,303.54,0.47,50,2026-09-09T23:24:00Z,N20,Routine Flare
firms-2026-09-09-2305-43717,46.13787,53.37397,295.57,0.44,50,2026-09-09T23:05:00Z,N20,Routine Flare
firms-2026-09-09-2324-43718,-14.65572,29.30906,296.18,0.37,50,2026-09-09T23:24:00Z,N20,Routine Flare
firms-2026-09-09-2305-43719,46.13388,53.37203,296.86,0.44,50,2026-09-09T23:05:00Z,N20,Routine Flare
firms-2026-09-09-2305-43720,48.60324,37.52607,297.9,0.61,50,2026-09-09T23:05:00Z,N20,Routine Flare
firms-2026-09-09-2324-43721,-13.19315,20.91961,312.88,1.25,50,2026-09-09T23:24:00Z,N20,Routine Flare
firms-2026-09-09-2305-43722,48.46552,38.75291,298.83,0.92,50,2026-09-09T23:05:00Z,N20,Routine Flare
firms-2026-09-09-2324-43723,-14.65899,29.30856,308.3,0.93,50,2026-09-09T23:24:00Z,N20,Routine Flare
firms-2026-09-09-2305-43724,48.46503,38.7581,299.62,0.92,50,2026-09-09T23:05:00Z,N20,Routine Flare
firms-2026-09-09-2324-43725,-14.88861,30.6511,305.19,0.65,50,2026-09-09T23:24:00Z,N20,Routine Flare
firms-2026-09-09-2305-43726,48.46152,38.7521,298.83,0.69,50,2026-09-09T23:05:00Z,N20,Routine Flare
firms-2026-09-09-2324-43727,-14.54745,28.13035,296.44,0.58,50,2026-09-09T23:24:00Z,N20,Routine Flare
firms-2026-09-09-2305-43728,48.53633,37.72073,316.33,1.9,50,2026-09-09T23:05:00Z,N20,Routine Flare
firms-2026-09-09-2324-43729,-12.6575,17.49701,297.35,0.93,50,2026-09-09T23:24:00Z,N20,Routine Flare
firms-2026-09-09-2305-43730,48.44625,38.23579,318.44,1.81,50,2026-09-09T23:05:00Z,N20,Routine Flare
firms-2026-09-09-2305-43731,48.53573,37.07688,302.57,0.99,50,2026-09-09T23:05:00Z,N20,Routine Flare
firms-2026-09-09-2324-43732,-15.28625,32.56199,311.76,1.96,50,2026-09-09T23:24:00Z,N20,Routine Flare
firms-2026-09-09-2305-43733,48.42801,38.25442,319.21,2.15,50,2026-09-09T23:05:00Z,N20,Routine Flare
firms-2026-09-09-2324-43734,-15.28601,32.55946,302.35,0.99,50,2026-09-09T23:24:00Z,N20,Routine Flare
firms-2026-09-09-2305-43735,48.53454,37.07659,304.33,1.23,50,2026-09-09T23:05:00Z,N20,Routine Flare
firms-2026-09-09-2324-43736,-15.28662,32.5638,308.31,0.99,50,2026-09-09T23:24:00Z,N20,Routine Flare
firms-2026-09-09-2305-43737,48.49917,37.50547,297.63,0.33,50,2026-09-09T23:05:00Z,N20,Routine Flare
firms-2026-09-09-2324-43738,-14.54229,27.46237,299.14,0.63,50,2026-09-09T23:24:00Z,N20,Routine Flare
firms-2026-09-09-2305-43739,48.42481,38.25844,320.13,1.27,50,2026-09-09T23:05:00Z,N20,Routine Flare
firms-2026-09-09-2305-43740,48.48178,37.07902,305.05,1.07,50,2026-09-09T23:05:00Z,N20,Routine Flare
firms-2026-09-09-2324-43741,-14.78853,28.88489,304.58,0.87,50,2026-09-09T23:24:00Z,N20,Routine Flare
firms-2026-09-09-2305-43742,48.74622,26.60162,298.27,0.89,50,2026-09-09T23:05:00Z,N20,Routine Flare
firms-2026-09-09-2324-43743,-14.78909,28.88844,302.24,1.01,50,2026-09-09T23:24:00Z,N20,Routine Flare
firms-2026-09-09-2305-43744,48.41899,37.02427,295.27,0.67,50,2026-09-09T23:05:00Z,N20,Routine Flare
firms-2026-09-09-2324-43745,-14.79127,28.88076,309.37,0.87,50,2026-09-09T23:24:00Z,N20,Routine Flare
firms-2026-09-09-2305-43746,45.89678,53.29951,338.12,6.31,50,2026-09-09T23:05:00Z,N20,Routine Flare
firms-2026-09-09-2324-43747,-14.79184,28.88429,304.11,0.87,50,2026-09-09T23:24:00Z,N20,Routine Flare
firms-2026-09-09-2305-43748,48.74691,26.59881,302.64,1.42,50,2026-09-09T23:05:00Z,N20,Routine Flare
firms-2026-09-09-2324-43749,-14.88599,29.39114,302.89,0.5,50,2026-09-09T23:24:00Z,N20,Routine Flare
firms-2026-09-09-2305-43750,48.52142,34.62621,305.01,1.09,50,2026-09-09T23:05:00Z,N20,Routine Flare
firms-2026-09-09-2324-43751,-15.23302,31.63646,297.56,0.53,50,2026-09-09T23:24:00Z,N20,Routine Flare
firms-2026-09-09-2305-43752,48.47235,34.62936,300.92,1.04,50,2026-09-09T23:05:00Z,N20,Routine Flare
firms-2026-09-09-2324-43753,-14.6097,27.36147,299.05,0.68,50,2026-09-09T23:24:00Z,N20,Routine Flare
firms-2026-09-09-2305-43754,48.47429,34.63175,298.6,1.09,50,2026-09-09T23:05:00Z,N20,Routine Flare
firms-2026-09-09-2324-43755,-14.58998,27.05483,310.64,1.46,50,2026-09-09T23:24:00Z,N20,Routine Flare
firms-2026-09-09-2305-43756,48.17861,38.51892,299.99,0.42,50,2026-09-09T23:05:00Z,N20,Routine Flare
firms-2026-09-09-2324-43757,-14.35378,25.58853,302.52,1,50,2026-09-09T23:24:00Z,N20,Routine Flare
firms-2026-09-09-2305-43758,46.77621,48.12936,330.43,1.78,50,2026-09-09T23:05:00Z,N20,Routine Flare
firms-2026-09-09-2324-43759,-14.60383,26.7959,300.89,0.7,50,2026-09-09T23:24:00Z,N20,Routine Flare
firms-2026-09-09-2305-43760,46.77522,48.1347,329.73,3.75,50,2026-09-09T23:05:00Z,N20,Routine Flare
firms-2026-09-09-2324-43761,-14.70651,27.41498,302.48,0.67,50,2026-09-09T23:24:00Z,N20,Routine Flare
firms-2026-09-09-2305-43762,46.77718,48.12411,308.29,1.78,50,2026-09-09T23:05:00Z,N20,Routine Flare
firms-2026-09-09-2324-43763,-14.6048,26.79684,305.08,0.8,50,2026-09-09T23:24:00Z,N20,Routine Flare
firms-2026-09-09-2305-43764,46.77052,48.12153,298.6,1.28,50,2026-09-09T23:05:00Z,N20,Routine Flare
firms-2026-09-09-2324-43765,-14.92938,28.72625,303.47,0.54,50,2026-09-09T23:24:00Z,N20,Routine Flare
firms-2026-09-09-2305-43766,46.76962,48.12494,298.09,1.29,50,2026-09-09T23:05:00Z,N20,Routine Flare
firms-2026-09-09-2324-43767,-14.62505,26.57685,298.04,0.71,50,2026-09-09T23:24:00Z,N20,Routine Flare
firms-2026-09-09-2305-43768,48.10058,37.9227,297.93,1.02,50,2026-09-09T23:05:00Z,N20,Routine Flare
firms-2026-09-09-2324-43769,-14.88985,28.16629,295.69,0.33,50,2026-09-09T23:24:00Z,N20,Routine Flare
firms-2026-09-09-2305-43770,48.06011,37.95384,304.93,1.29,50,2026-09-09T23:05:00Z,N20,Routine Flare
firms-2026-09-09-2324-43771,-14.62857,26.57622,305.29,0.71,50,2026-09-09T23:24:00Z,N20,Routine Flare
firms-2026-09-09-2305-43772,48.15643,35.97873,295.09,0.62,50,2026-09-09T23:05:00Z,N20,Routine Flare
firms-2026-09-09-2324-43773,-14.63279,26.57967,307.33,0.76,50,2026-09-09T23:24:00Z,N20,Routine Flare
firms-2026-09-09-2305-43774,48.11541,36.35926,298.39,0.83,50,2026-09-09T23:05:00Z,N20,Routine Flare
firms-2026-09-09-2324-43775,-14.63348,26.58375,296.92,0.76,50,2026-09-09T23:24:00Z,N20,Routine Flare
firms-2026-09-09-2305-43776,48.00474,37.3921,301.16,0.85,50,2026-09-09T23:05:00Z,N20,Routine Flare
firms-2026-09-09-2324-43777,-14.63418,26.58784,304.72,0.95,50,2026-09-09T23:24:00Z,N20,Routine Flare
firms-2026-09-09-2305-43778,47.95758,37.75676,299.55,0.8,50,2026-09-09T23:05:00Z,N20,Routine Flare
firms-2026-09-09-2324-43779,-14.637,26.58312,299.79,0.76,50,2026-09-09T23:24:00Z,N20,Routine Flare
firms-2026-09-09-2305-43780,47.8169,39.22017,299.85,1.1,50,2026-09-09T23:05:00Z,N20,Routine Flare
firms-2026-09-09-2324-43781,-15.24101,30.1647,304.07,0.47,50,2026-09-09T23:24:00Z,N20,Routine Flare
firms-2026-09-09-2305-43782,47.83295,38.47372,302.22,1.22,50,2026-09-09T23:05:00Z,N20,Routine Flare
firms-2026-09-09-2324-43783,-15.24435,30.16418,302.4,0.47,50,2026-09-09T23:24:00Z,N20,Routine Flare
firms-2026-09-09-2305-43784,47.86625,37.00497,296.48,0.58,50,2026-09-09T23:05:00Z,N20,Routine Flare
firms-2026-09-09-2324-43785,-14.71128,26.83159,337.01,4.11,50,2026-09-09T23:24:00Z,N20,Routine Flare
firms-2026-09-09-2305-43786,47.77753,37.76068,304.41,0.94,50,2026-09-09T23:05:00Z,N20,Routine Flare
firms-2026-09-09-2324-43787,-15.05193,28.81172,301.92,0.63,50,2026-09-09T23:24:00Z,N20,Routine Flare
firms-2026-09-09-2305-43788,47.79667,37.27637,307.98,1.35,50,2026-09-09T23:05:00Z,N20,Routine Flare
firms-2026-09-09-2324-43789,-15.26458,30.0791,309.7,1.14,50,2026-09-09T23:24:00Z,N20,Routine Flare
firms-2026-09-09-2305-43790,47.79894,35.23461,314.87,2.89,50,2026-09-09T23:05:00Z,N20,Routine Flare
firms-2026-09-09-2324-43791,-15.27292,30.06662,320.41,3.23,50,2026-09-09T23:24:00Z,N20,Routine Flare
firms-2026-09-09-2305-43792,47.79849,35.24197,306.35,2.21,50,2026-09-09T23:05:00Z,N20,Routine Flare
firms-2026-09-09-2324-43793,-15.27627,30.08846,302.03,0.88,50,2026-09-09T23:24:00Z,N20,Routine Flare
firms-2026-09-09-2305-43794,47.80176,35.23621,324.9,4.71,50,2026-09-09T23:05:00Z,N20,Routine Flare
firms-2026-09-09-2324-43795,-15.27625,30.06608,349.55,3.23,50,2026-09-09T23:24:00Z,N20,Routine Flare
firms-2026-09-09-2305-43796,47.87584,33.43801,299.04,0.84,50,2026-09-09T23:05:00Z,N20,Routine Flare
firms-2026-09-09-2324-43797,-15.2757,30.06247,303.73,3.23,50,2026-09-09T23:24:00Z,N20,Routine Flare
firms-2026-09-09-2305-43798,47.74319,34.54191,296.64,0.73,50,2026-09-09T23:05:00Z,N20,Routine Flare
firms-2026-09-09-2324-43799,-15.27737,30.07332,305.77,2.03,50,2026-09-09T23:24:00Z,N20,Routine Flare
firms-2026-09-09-2305-43800,47.51848,37.65211,303.84,1.21,50,2026-09-09T23:05:00Z,N20,Routine Flare
firms-2026-09-09-2324-43801,-15.27905,30.08426,314.98,0.88,50,2026-09-09T23:24:00Z,N20,Routine Flare
firms-2026-09-09-2305-43802,47.51735,37.65037,307.3,1.66,50,2026-09-09T23:05:00Z,N20,Routine Flare
firms-2026-09-09-2324-43803,-14.20648,23.72844,305.63,1.05,50,2026-09-09T23:24:00Z,N20,Routine Flare
firms-2026-09-09-2305-43804,47.73984,34.54217,295.44,0.69,50,2026-09-09T23:05:00Z,N20,Routine Flare
firms-2026-09-09-2324-43805,-14.45565,25.10595,301.85,0.78,50,2026-09-09T23:24:00Z,N20,Routine Flare
firms-2026-09-09-2305-43806,47.49249,37.74069,298.37,0.84,50,2026-09-09T23:05:00Z,N20,Routine Flare
firms-2026-09-09-2324-43807,-13.12437,18.05316,296.26,0.59,50,2026-09-09T23:24:00Z,N20,Routine Flare
firms-2026-09-09-2305-43808,47.48471,37.73353,302.66,0.93,50,2026-09-09T23:05:00Z,N20,Routine Flare
firms-2026-09-09-2305-43809,47.35151,37.29705,298.58,0.8,50,2026-09-09T23:05:00Z,N20,Routine Flare
firms-2026-09-09-2305-43810,47.22319,37.25405,298.89,0.72,50,2026-09-09T23:05:00Z,N20,Routine Flare
firms-2026-09-09-2305-43811,47.22271,37.25979,298.27,0.72,50,2026-09-09T23:05:00Z,N20,Routine Flare
firms-2026-09-09-2324-43812,-14.79744,26.93065,302.04,0.66,50,2026-09-09T23:24:00Z,N20,Routine Flare
firms-2026-09-09-2305-43813,43.11195,58.68937,295.4,1.27,50,2026-09-09T23:05:00Z,N20,Routine Flare
firms-2026-09-09-2324-43814,-14.7981,26.9346,304.43,0.66,50,2026-09-09T23:24:00Z,N20,Routine Flare
firms-2026-09-09-2305-43815,43.1098,58.69129,296.42,1.92,50,2026-09-09T23:05:00Z,N20,Routine Flare
firms-2026-09-09-2324-43816,-14.81973,26.91454,296.05,0.39,50,2026-09-09T23:24:00Z,N20,Routine Flare
firms-2026-09-09-2305-43817,47.24743,35.52191,296.37,0.72,50,2026-09-09T23:05:00Z,N20,Routine Flare
firms-2026-09-09-2324-43818,-14.53326,25.0193,299.64,0.61,50,2026-09-09T23:24:00Z,N20,Routine Flare
firms-2026-09-09-2305-43819,47.23006,35.22871,297.01,0.65,50,2026-09-09T23:05:00Z,N20,Routine Flare
firms-2026-09-09-2324-43820,-14.00399,22.04481,297.06,0.7,50,2026-09-09T23:24:00Z,N20,Routine Flare
firms-2026-09-09-2305-43821,47.22005,31.01333,295.98,0.29,50,2026-09-09T23:05:00Z,N20,Routine Flare
firms-2026-09-09-2324-43822,-13.4002,18.93221,300.17,1.07,50,2026-09-09T23:24:00Z,N20,Routine Flare
firms-2026-09-09-2305-43823,46.92961,35.38528,295.95,0.68,50,2026-09-09T23:05:00Z,N20,Routine Flare
firms-2026-09-09-2324-43824,-14.36093,23.76732,304.45,0.88,50,2026-09-09T23:24:00Z,N20,Routine Flare
firms-2026-09-09-2305-43825,46.92913,35.39218,295.25,0.68,50,2026-09-09T23:05:00Z,N20,Routine Flare
firms-2026-09-09-2324-43826,-13.15896,17.51049,304.22,1.4,50,2026-09-09T23:24:00Z,N20,Routine Flare
firms-2026-09-09-2305-43827,46.925,35.38455,301.9,1.24,50,2026-09-09T23:05:00Z,N20,Routine Flare
firms-2026-09-09-2324-43828,-12.8595,16.01122,307.34,2.95,50,2026-09-09T23:24:00Z,N20,Routine Flare
firms-2026-09-09-2305-43829,46.88081,35.20872,296.14,0.56,50,2026-09-09T23:05:00Z,N20,Routine Flare
firms-2026-09-09-2305-43830,46.78835,34.84823,295.45,0.77,50,2026-09-09T23:05:00Z,N20,Routine Flare
firms-2026-09-09-2324-43831,-15.05268,27.64214,298.59,0.43,50,2026-09-09T23:24:00Z,N20,Routine Flare
firms-2026-09-09-2305-43832,46.78734,34.84932,297.08,1.29,50,2026-09-09T23:05:00Z,N20,Routine Flare
firms-2026-09-09-2324-43833,-15.10658,27.97133,311.15,1.28,50,2026-09-09T23:24:00Z,N20,Routine Flare
firms-2026-09-09-2324-43834,-14.42527,23.91235,296.83,0.74,50,2026-09-09T23:24:00Z,N20,Routine Flare
firms-2026-09-09-2305-43835,44.91548,48.95925,334.88,3.48,50,2026-09-09T23:05:00Z,N20,Routine Flare
firms-2026-09-09-2324-43836,-15.88923,33.02246,303.88,1.26,50,2026-09-09T23:24:00Z,N20,Routine Flare
firms-2026-09-09-2305-43837,46.80298,33.52131,306.71,0.41,50,2026-09-09T23:05:00Z,N20,Routine Flare
firms-2026-09-09-2324-43838,-14.42869,23.90778,313.11,1.38,50,2026-09-09T23:24:00Z,N20,Routine Flare
firms-2026-09-09-2307-43839,44.91444,45.28753,307.5,0.96,50,2026-09-09T23:07:00Z,N20,Routine Flare
firms-2026-09-09-2307-43840,44.67268,44.72599,295.22,0.42,50,2026-09-09T23:07:00Z,N20,Routine Flare
firms-2026-09-09-2324-43841,-15.89762,33.02328,305.74,0.96,50,2026-09-09T23:24:00Z,N20,Routine Flare
firms-2026-09-09-2324-43842,-14.42756,23.90811,310.57,0.6,50,2026-09-09T23:24:00Z,N20,Routine Flare
firms-2026-09-09-2307-43843,45.95239,25.27676,296.94,1.53,50,2026-09-09T23:07:00Z,N20,Routine Flare
firms-2026-09-09-2324-43844,-14.42825,23.91187,297.23,0.27,50,2026-09-09T23:24:00Z,N20,Routine Flare
firms-2026-09-09-2307-43845,45.46241,36.63905,310.38,1.18,50,2026-09-09T23:07:00Z,N20,Routine Flare
firms-2026-09-09-2307-43846,44.68618,41.92935,296.61,0.47,50,2026-09-09T23:07:00Z,N20,Routine Flare
firms-2026-09-09-2324-43847,-13.15477,17.50822,301.32,1.71,50,2026-09-09T23:24:00Z,N20,Routine Flare
firms-2026-09-09-2307-43848,45.37465,30.92397,305.88,0.69,50,2026-09-09T23:07:00Z,N20,Routine Flare
firms-2026-09-09-2307-43849,45.37445,30.92937,301.64,0.69,50,2026-09-09T23:07:00Z,N20,Routine Flare
firms-2026-09-09-2324-43850,-12.85863,16.00954,314.81,3.13,50,2026-09-09T23:24:00Z,N20,Routine Flare
firms-2026-09-09-2307-43851,44.88407,38.11654,300.78,1.71,50,2026-09-09T23:07:00Z,N20,Routine Flare
firms-2026-09-09-2324-43852,-14.45344,23.88758,305.15,0.8,50,2026-09-09T23:24:00Z,N20,Routine Flare
firms-2026-09-09-2307-43853,45.25763,31.67017,367,7.09,50,2026-09-09T23:07:00Z,N20,Industrial Fire
firms-2026-09-09-2324-43854,-13.71529,19.87293,301.75,0.48,50,2026-09-09T23:24:00Z,N20,Routine Flare
firms-2026-09-09-2307-43855,44.84648,37.66695,298.49,0.35,50,2026-09-09T23:07:00Z,N20,Routine Flare
firms-2026-09-09-2324-43856,-15.50917,30.01332,305.08,3.11,50,2026-09-09T23:24:00Z,N20,Routine Flare
firms-2026-09-09-2307-43857,44.84061,37.67936,299.71,0.97,50,2026-09-09T23:07:00Z,N20,Routine Flare
firms-2026-09-09-2324-43858,-15.51196,30.03141,308.78,1.1,50,2026-09-09T23:24:00Z,N20,Routine Flare
firms-2026-09-09-2307-43859,45.2568,31.66913,347.62,4.61,50,2026-09-09T23:07:00Z,N20,Routine Flare
firms-2026-09-09-2324-43860,-15.5125,30.01277,333.25,3.11,50,2026-09-09T23:24:00Z,N20,Routine Flare
firms-2026-09-09-2307-43861,45.25659,31.67405,317.25,3.63,50,2026-09-09T23:07:00Z,N20,Routine Flare
firms-2026-09-09-2324-43862,-15.51362,30.01999,331.39,2.25,50,2026-09-09T23:24:00Z,N20,Routine Flare
firms-2026-09-09-2307-43863,44.73428,37.81008,305.83,1.59,50,2026-09-09T23:07:00Z,N20,Routine Flare
firms-2026-09-09-2324-43864,-15.51306,30.01638,311.76,2.25,50,2026-09-09T23:24:00Z,N20,Routine Flare
firms-2026-09-09-2307-43865,44.73729,37.80453,303.88,0.79,50,2026-09-09T23:07:00Z,N20,Routine Flare
firms-2026-09-09-2324-43866,-13.72408,19.86067,319.14,1.72,50,2026-09-09T23:24:00Z,N20,Routine Flare
firms-2026-09-09-2307-43867,44.12517,42.00984,326.43,3.86,50,2026-09-09T23:07:00Z,N20,Routine Flare
firms-2026-09-09-2324-43868,-13.72473,19.86399,307.74,1.72,50,2026-09-09T23:24:00Z,N20,Routine Flare
firms-2026-09-09-2307-43869,43.43486,45.45227,323.22,2.31,50,2026-09-09T23:07:00Z,N20,Routine Flare
firms-2026-09-09-2324-43870,-15.51583,30.0122,301.93,0.57,50,2026-09-09T23:24:00Z,N20,Routine Flare
firms-2026-09-09-2307-43871,44.77289,33.86134,296.89,0.59,50,2026-09-09T23:07:00Z,N20,Routine Flare
firms-2026-09-09-2324-43872,-15.51974,30.03749,304.54,0.74,50,2026-09-09T23:24:00Z,N20,Routine Flare
firms-2026-09-09-2307-43873,43.43077,45.45599,310.95,1.14,50,2026-09-09T23:07:00Z,N20,Routine Flare
firms-2026-09-09-2324-43874,-15.02217,26.69518,296.23,0.35,50,2026-09-09T23:24:00Z,N20,Routine Flare
firms-2026-09-09-2307-43875,43.29518,45.62643,312.01,1.21,50,2026-09-09T23:07:00Z,N20,Routine Flare
firms-2026-09-09-2324-43876,-14.99067,26.46566,319.52,1.9,50,2026-09-09T23:24:00Z,N20,Routine Flare
firms-2026-09-09-2307-43877,43.07667,45.75849,327.69,3.3,50,2026-09-09T23:07:00Z,N20,Routine Flare
firms-2026-09-09-2324-43878,-14.98993,26.41927,296.02,0.3,50,2026-09-09T23:24:00Z,N20,Routine Flare
firms-2026-09-09-2307-43879,41.5196,52.6225,299.23,0.51,50,2026-09-09T23:07:00Z,N20,Routine Flare
firms-2026-09-09-2324-43880,-15.57226,29.98517,303.78,0.79,50,2026-09-09T23:24:00Z,N20,Routine Flare
firms-2026-09-09-2307-43881,43.79341,25.64418,296.37,0.7,50,2026-09-09T23:07:00Z,N20,Routine Flare
firms-2026-09-09-2324-43882,-15.57282,29.98881,311.32,0.79,50,2026-09-09T23:24:00Z,N20,Routine Flare
firms-2026-09-09-2307-43883,42.15409,42.94866,309.26,1.19,50,2026-09-09T23:07:00Z,N20,Routine Flare
firms-2026-09-09-2324-43884,-15.57394,29.97384,301,0.53,50,2026-09-09T23:24:00Z,N20,Routine Flare
firms-2026-09-09-2307-43885,41.91786,44.41606,297.37,0.7,50,2026-09-09T23:07:00Z,N20,Routine Flare
firms-2026-09-09-2324-43886,-15.57449,29.97745,301.47,0.79,50,2026-09-09T23:24:00Z,N20,Routine Flare
firms-2026-09-09-2307-43887,42.12436,43.01007,302.01,0.61,50,2026-09-09T23:07:00Z,N20,Routine Flare
firms-2026-09-09-2324-43888,-15.57728,29.97332,329.86,2.9,50,2026-09-09T23:24:00Z,N20,Routine Flare
firms-2026-09-09-2307-43889,42.12365,43.01468,295.75,0.8,50,2026-09-09T23:07:00Z,N20,Routine Flare
firms-2026-09-09-2324-43890,-14.52487,23.77705,304.2,0.81,50,2026-09-09T23:24:00Z,N20,Routine Flare
firms-2026-09-09-2307-43891,40.07479,52.81427,305.43,1.31,50,2026-09-09T23:07:00Z,N20,Routine Flare
firms-2026-09-09-2324-43892,-15.57895,29.98418,303.05,0.49,50,2026-09-09T23:24:00Z,N20,Routine Flare
firms-2026-09-09-2307-43893,40.07024,52.81236,299.49,1.31,50,2026-09-09T23:07:00Z,N20,Routine Flare
firms-2026-09-09-2324-43894,-15.5795,29.9878,303.89,0.49,50,2026-09-09T23:24:00Z,N20,Routine Flare
firms-2026-09-09-2307-43895,40.03198,52.94383,302.37,2.11,50,2026-09-09T23:07:00Z,N20,Routine Flare
firms-2026-09-09-2324-43896,-15.58786,29.9977,311.26,1.09,50,2026-09-09T23:24:00Z,N20,Routine Flare
firms-2026-09-09-2307-43897,40.07339,52.81339,310.75,2.33,50,2026-09-09T23:07:00Z,N20,Routine Flare
firms-2026-09-09-2324-43898,-15.74064,30.98549,321.87,2.05,50,2026-09-09T23:24:00Z,N20,Routine Flare
firms-2026-09-09-2307-43899,40.0313,52.9435,303.03,1.91,50,2026-09-09T23:07:00Z,N20,Routine Flare
firms-2026-09-09-2324-43900,-15.58729,29.97177,310.89,1.01,50,2026-09-09T23:24:00Z,N20,Routine Flare
firms-2026-09-09-2307-43901,40.02054,52.94612,304.63,1.12,50,2026-09-09T23:07:00Z,N20,Routine Flare
firms-2026-09-09-2324-43902,-15.74463,30.98877,305.45,1.25,50,2026-09-09T23:24:00Z,N20,Routine Flare
firms-2026-09-09-2307-43903,41.5162,45.04604,300.8,0.51,50,2026-09-09T23:07:00Z,N20,Routine Flare
firms-2026-09-09-2324-43904,-15.58839,29.93449,301.18,0.57,50,2026-09-09T23:24:00Z,N20,Routine Flare
firms-2026-09-09-2307-43905,40.12624,51.22286,334.25,3.39,50,2026-09-09T23:07:00Z,N20,Routine Flare
firms-2026-09-09-2324-43906,-15.58894,29.93807,303.36,0.51,50,2026-09-09T23:24:00Z,N20,Routine Flare
firms-2026-09-09-2307-43907,40.40781,49.91934,299.05,0.69,50,2026-09-09T23:07:00Z,N20,Routine Flare
firms-2026-09-09-2324-43908,-15.58949,29.94166,300.57,0.51,50,2026-09-09T23:24:00Z,N20,Routine Flare
firms-2026-09-09-2307-43909,40.03022,51.35154,314.28,1.85,50,2026-09-09T23:07:00Z,N20,Routine Flare
firms-2026-09-09-2324-43910,-15.59005,29.94527,315.11,1.16,50,2026-09-09T23:24:00Z,N20,Routine Flare
firms-2026-09-09-2307-43911,41.16815,45.25191,301.22,1.2,50,2026-09-09T23:07:00Z,N20,Routine Flare
firms-2026-09-09-2324-43912,-15.74805,30.98822,316.97,1.25,50,2026-09-09T23:24:00Z,N20,Routine Flare
firms-2026-09-09-2307-43913,39.39707,53.18753,302.81,0.89,50,2026-09-09T23:07:00Z,N20,Routine Flare
firms-2026-09-09-2324-43914,-15.59173,29.93399,306.51,0.99,50,2026-09-09T23:24:00Z,N20,Routine Flare
firms-2026-09-09-2307-43915,39.39927,53.18764,298.76,0.72,50,2026-09-09T23:07:00Z,N20,Routine Flare
firms-2026-09-09-2324-43916,-15.59954,29.98465,315.31,1.75,50,2026-09-09T23:24:00Z,N20,Routine Flare
firms-2026-09-09-2307-43917,40.25302,49.44775,300.96,1.57,50,2026-09-09T23:07:00Z,N20,Routine Flare
firms-2026-09-09-2324-43918,-13.83962,19.98184,298.92,0.65,50,2026-09-09T23:24:00Z,N20,Routine Flare
firms-2026-09-09-2307-43919,38.68216,54.31433,326.63,2.18,50,2026-09-09T23:07:00Z,N20,Routine Flare
firms-2026-09-09-2307-43920,38.65105,54.28337,319.67,1.16,50,2026-09-09T23:07:00Z,N20,Routine Flare
firms-2026-09-09-2307-43921,38.64599,54.28117,305.43,0.67,50,2026-09-09T23:07:00Z,N20,Routine Flare
firms-2026-09-09-2324-43922,-13.84099,19.98873,297.96,0.61,50,2026-09-09T23:24:00Z,N20,Routine Flare
firms-2026-09-09-2307-43923,40.57559,43.00574,295.56,0.6,50,2026-09-09T23:07:00Z,N20,Routine Flare
firms-2026-09-09-2324-43924,-13.7628,19.56853,300.12,0.84,50,2026-09-09T23:24:00Z,N20,Routine Flare
firms-2026-09-09-2307-43925,41.63959,32.30446,298.66,0.4,50,2026-09-09T23:07:00Z,N20,Routine Flare
firms-2026-09-09-2307-43926,40.20499,44.41152,301.4,0.86,50,2026-09-09T23:07:00Z,N20,Routine Flare
firms-2026-09-09-2324-43927,-13.76352,19.57209,300.62,0.84,50,2026-09-09T23:24:00Z,N20,Routine Flare
firms-2026-09-09-2307-43928,41.24465,36.46257,335,4.63,50,2026-09-09T23:07:00Z,N20,Routine Flare
firms-2026-09-09-2307-43929,41.49171,31.86803,303.33,0.67,50,2026-09-09T23:07:00Z,N20,Routine Flare
firms-2026-09-09-2324-43930,-15.62798,30.05824,333.89,3.46,50,2026-09-09T23:24:00Z,N20,Routine Flare
firms-2026-09-09-2307-43931,40.01801,43.81286,295.83,0.48,50,2026-09-09T23:07:00Z,N20,Routine Flare
firms-2026-09-09-2324-43932,-13.76831,19.5675,296.52,0.84,50,2026-09-09T23:24:00Z,N20,Routine Flare
firms-2026-09-09-2307-43933,41.26705,31.4244,309.99,2.02,50,2026-09-09T23:07:00Z,N20,Routine Flare
firms-2026-09-09-2324-43934,-15.60954,29.93864,306.44,0.97,50,2026-09-09T23:24:00Z,N20,Routine Flare
firms-2026-09-09-2307-43935,41.26683,31.42884,308.56,1.2,50,2026-09-09T23:07:00Z,N20,Routine Flare
firms-2026-09-09-2324-43936,-15.62741,30.05454,318.35,1.73,50,2026-09-09T23:24:00Z,N20,Routine Flare
firms-2026-09-09-2307-43937,41.26919,31.42762,310.92,1.19,50,2026-09-09T23:07:00Z,N20,Routine Flare
firms-2026-09-09-2324-43938,-13.7731,19.56284,297.09,0.87,50,2026-09-09T23:24:00Z,N20,Routine Flare
firms-2026-09-09-2307-43939,41.2641,31.42259,306.37,1.46,50,2026-09-09T23:07:00Z,N20,Routine Flare
firms-2026-09-09-2324-43940,-14.30339,22.30106,309.34,1.51,50,2026-09-09T23:24:00Z,N20,Routine Flare
firms-2026-09-09-2307-43941,41.26385,31.42703,317.36,1.46,50,2026-09-09T23:07:00Z,N20,Routine Flare
firms-2026-09-09-2324-43942,-15.63076,30.05404,309.31,1.68,50,2026-09-09T23:24:00Z,N20,Routine Flare
firms-2026-09-09-2307-43943,41.25826,31.43102,302.26,1.4,50,2026-09-09T23:07:00Z,N20,Routine Flare
firms-2026-09-09-2324-43944,-15.63132,30.0577,318.13,1.79,50,2026-09-09T23:24:00Z,N20,Routine Flare
firms-2026-09-09-2307-43945,41.25389,31.41271,324.4,1.62,50,2026-09-09T23:07:00Z,N20,Routine Flare
firms-2026-09-09-2324-43946,-15.63129,30.03527,305.17,0.91,50,2026-09-09T23:24:00Z,N20,Routine Flare
firms-2026-09-09-2307-43947,41.17569,32.63663,302.28,1.31,50,2026-09-09T23:07:00Z,N20,Routine Flare
firms-2026-09-09-2324-43948,-15.63464,30.03481,307.81,1.1,50,2026-09-09T23:24:00Z,N20,Routine Flare
firms-2026-09-09-2307-43949,41.02354,28.55548,302.43,1.07,50,2026-09-09T23:07:00Z,N20,Routine Flare
firms-2026-09-09-2324-43950,-15.629,29.97609,323.22,2,50,2026-09-09T23:24:00Z,N20,Routine Flare
firms-2026-09-09-2307-43951,40.60349,34.40208,304.18,0.9,50,2026-09-09T23:07:00Z,N20,Routine Flare
firms-2026-09-09-2324-43952,-15.62568,29.95456,306.75,1,50,2026-09-09T23:24:00Z,N20,Routine Flare
firms-2026-09-09-2307-43953,40.61147,34.18717,308,1.68,50,2026-09-09T23:07:00Z,N20,Routine Flare
firms-2026-09-09-2324-43954,-15.62845,29.97253,302.38,0.77,50,2026-09-09T23:24:00Z,N20,Routine Flare
firms-2026-09-09-2307-43955,40.59254,34.42437,306.2,1.44,50,2026-09-09T23:07:00Z,N20,Routine Flare
firms-2026-09-09-2324-43956,-15.3022,27.90045,317.01,1.47,50,2026-09-09T23:24:00Z,N20,Routine Flare
firms-2026-09-09-2307-43957,40.59208,34.43015,311.5,1.62,50,2026-09-09T23:07:00Z,N20,Routine Flare
firms-2026-09-09-2324-43958,-15.63013,29.96124,304.89,1.54,50,2026-09-09T23:24:00Z,N20,Routine Flare
firms-2026-09-09-2307-43959,40.60738,34.18032,335.68,4.19,50,2026-09-09T23:07:00Z,N20,Routine Flare
firms-2026-09-09-2324-43960,-15.63069,29.96484,313.93,1.54,50,2026-09-09T23:24:00Z,N20,Routine Flare
firms-2026-09-09-2307-43961,40.60837,34.16768,299.47,1.26,50,2026-09-09T23:07:00Z,N20,Routine Flare
firms-2026-09-09-2307-43962,40.60787,34.17408,302.54,1.26,50,2026-09-09T23:07:00Z,N20,Routine Flare
firms-2026-09-09-2324-43963,-15.63124,29.96844,302.41,1.01,50,2026-09-09T23:24:00Z,N20,Routine Flare
firms-2026-09-09-2307-43964,40.60691,34.18641,312.06,4.19,50,2026-09-09T23:07:00Z,N20,Routine Flare
firms-2026-09-09-2307-43965,40.59686,34.07656,303.39,1.21,50,2026-09-09T23:07:00Z,N20,Routine Flare
firms-2026-09-09-2324-43966,-15.6318,29.97203,312.57,1.01,50,2026-09-09T23:24:00Z,N20,Routine Flare
firms-2026-09-09-2307-43967,40.7561,29.75462,305.74,2.24,50,2026-09-09T23:07:00Z,N20,Routine Flare
firms-2026-09-09-2324-43968,-15.63403,29.96433,333.03,1.54,50,2026-09-09T23:24:00Z,N20,Routine Flare
firms-2026-09-09-2307-43969,40.14756,35.01677,300.64,1.35,50,2026-09-09T23:07:00Z,N20,Routine Flare
firms-2026-09-09-2324-43970,-15.63459,29.96793,321.76,1.01,50,2026-09-09T23:24:00Z,N20,Routine Flare
firms-2026-09-09-2307-43971,40.14706,35.02238,318.94,1.84,50,2026-09-09T23:07:00Z,N20,Routine Flare
firms-2026-09-09-2324-43972,-15.63347,29.96071,317.36,1.54,50,2026-09-09T23:24:00Z,N20,Routine Flare
firms-2026-09-09-2307-43973,40.1427,35.02188,301.32,1.84,50,2026-09-09T23:07:00Z,N20,Routine Flare
firms-2026-09-09-2324-43974,-15.63515,29.97155,314.43,1.01,50,2026-09-09T23:24:00Z,N20,Routine Flare
firms-2026-09-09-2307-43975,40.08526,35.0244,299.17,0.65,50,2026-09-09T23:07:00Z,N20,Routine Flare
firms-2026-09-09-2324-43976,-14.6862,24.18026,298.51,0.36,50,2026-09-09T23:24:00Z,N20,Routine Flare
firms-2026-09-09-2307-43977,40.05058,35.00592,295.43,0.6,50,2026-09-09T23:07:00Z,N20,Routine Flare
firms-2026-09-09-2324-43978,-15.88459,31.5266,306.87,0.79,50,2026-09-09T23:24:00Z,N20,Routine Flare
firms-2026-09-09-2307-43979,40.24315,29.92113,300.44,1.3,50,2026-09-09T23:07:00Z,N20,Routine Flare
firms-2026-09-09-2324-43980,-15.75521,30.64209,313.21,1.01,50,2026-09-09T23:24:00Z,N20,Routine Flare
firms-2026-09-09-2307-43981,40.05239,32.65002,297.45,1.5,50,2026-09-09T23:07:00Z,N20,Routine Flare
firms-2026-09-09-2324-43982,-15.94467,31.78711,329.28,2.9,50,2026-09-09T23:24:00Z,N20,Routine Flare
firms-2026-09-09-2307-43983,40.05116,32.64977,297.76,0.88,50,2026-09-09T23:07:00Z,N20,Routine Flare
firms-2026-09-09-2324-43984,-15.94356,31.67908,301.88,0.53,50,2026-09-09T23:24:00Z,N20,Routine Flare
firms-2026-09-09-2307-43985,39.96153,33.14392,296.38,0.52,50,2026-09-09T23:07:00Z,N20,Routine Flare
firms-2026-09-09-2324-43986,-15.34266,27.44186,296.91,0.3,50,2026-09-09T23:24:00Z,N20,Routine Flare
firms-2026-09-09-2307-43987,39.94365,33.19022,300.76,1.51,50,2026-09-09T23:07:00Z,N20,Routine Flare
firms-2026-09-09-2324-43988,-15.24776,26.82846,299.36,0.59,50,2026-09-09T23:24:00Z,N20,Routine Flare
firms-2026-09-09-2307-43989,38.24902,46.04138,301.79,0.49,50,2026-09-09T23:07:00Z,N20,Routine Flare
firms-2026-09-09-2324-43990,-15.53385,28.5318,309.75,1.27,50,2026-09-09T23:24:00Z,N20,Routine Flare
firms-2026-09-09-2307-43991,39.228,39.97211,318.95,1.64,50,2026-09-09T23:07:00Z,N20,Routine Flare
firms-2026-09-09-2324-43992,-15.55419,28.49173,297.24,0.56,50,2026-09-09T23:24:00Z,N20,Routine Flare
firms-2026-09-09-2307-43993,38.12965,45.682,300.01,0.69,50,2026-09-09T23:07:00Z,N20,Routine Flare
firms-2026-09-09-2324-43994,-15.57845,28.55758,304.76,0.59,50,2026-09-09T23:24:00Z,N20,Routine Flare
firms-2026-09-09-2307-43995,38.11836,45.68384,297.52,0.59,50,2026-09-09T23:07:00Z,N20,Routine Flare
firms-2026-09-09-2324-43996,-15.88135,30.47715,301.97,0.74,50,2026-09-09T23:24:00Z,N20,Routine Flare
firms-2026-09-09-2307-43997,39.90261,28.86636,296.3,0.77,50,2026-09-09T23:07:00Z,N20,Routine Flare
firms-2026-09-09-2324-43998,-15.88191,30.48087,303.39,0.74,50,2026-09-09T23:24:00Z,N20,Routine Flare
firms-2026-09-09-2307-43999,39.84019,30.29838,297.02,0.88,50,2026-09-09T23:07:00Z,N20,Routine Flare
firms-2026-09-09-2324-44000,-16.10311,31.78491,302.28,1.1,50,2026-09-09T23:24:00Z,N20,Routine Flare
firms-2026-09-09-2307-44001,39.61415,33.59507,297.16,2,50,2026-09-09T23:07:00Z,N20,Routine Flare
firms-2026-09-09-2324-44002,-16.11183,31.7207,304.87,1.6,50,2026-09-09T23:24:00Z,N20,Routine Flare
firms-2026-09-09-2307-44003,39.86794,26.23812,300.11,1.1,50,2026-09-09T23:07:00Z,N20,Routine Flare
firms-2026-09-09-2324-44004,-16.11536,31.72016,326.98,1.6,50,2026-09-09T23:24:00Z,N20,Routine Flare
firms-2026-09-09-2307-44005,39.74593,30.19414,298.6,0.98,50,2026-09-09T23:07:00Z,N20,Routine Flare
firms-2026-09-09-2324-44006,-15.07291,25.23269,309.84,0.75,50,2026-09-09T23:24:00Z,N20,Routine Flare
firms-2026-09-09-2307-44007,39.86726,26.23856,300.19,1.11,50,2026-09-09T23:07:00Z,N20,Routine Flare
firms-2026-09-09-2324-44008,-15.99236,30.84464,312.92,1.49,50,2026-09-09T23:24:00Z,N20,Routine Flare
firms-2026-09-09-2307-44009,39.5941,32.41602,297.24,1.39,50,2026-09-09T23:07:00Z,N20,Routine Flare
firms-2026-09-09-2324-44010,-15.99294,30.84845,319.58,1.49,50,2026-09-09T23:24:00Z,N20,Routine Flare
firms-2026-09-09-2307-44011,39.49033,33.81606,308.3,1.85,50,2026-09-09T23:07:00Z,N20,Routine Flare
firms-2026-09-09-2324-44012,-15.34348,26.66517,300.66,0.53,50,2026-09-09T23:24:00Z,N20,Routine Flare
firms-2026-09-09-2307-44013,39.70853,30.14893,295.07,0.62,50,2026-09-09T23:07:00Z,N20,Routine Flare
firms-2026-09-09-2324-44014,-15.34415,26.66916,299.09,0.53,50,2026-09-09T23:24:00Z,N20,Routine Flare
firms-2026-09-09-2307-44015,39.39899,33.80503,309.09,1.26,50,2026-09-09T23:07:00Z,N20,Routine Flare
firms-2026-09-09-2324-44016,-16.01174,30.85718,308.65,0.56,50,2026-09-09T23:24:00Z,N20,Routine Flare
firms-2026-09-09-2307-44017,39.13797,36.4765,302.97,1.18,50,2026-09-09T23:07:00Z,N20,Routine Flare
firms-2026-09-09-2324-44018,-15.08011,25.09537,298.81,0.36,50,2026-09-09T23:24:00Z,N20,Routine Flare
firms-2026-09-09-2307-44019,39.35304,33.55446,337.52,4.8,50,2026-09-09T23:07:00Z,N20,Routine Flare
firms-2026-09-09-2324-44020,-15.34476,26.66568,304.86,0.83,50,2026-09-09T23:24:00Z,N20,Routine Flare
firms-2026-09-09-2307-44021,39.35255,33.56088,313.39,4.8,50,2026-09-09T23:07:00Z,N20,Routine Flare
firms-2026-09-09-2324-44022,-15.08327,25.09212,308.39,1.69,50,2026-09-09T23:24:00Z,N20,Routine Flare
firms-2026-09-09-2307-44023,39.3516,33.57352,303.22,1.16,50,2026-09-09T23:07:00Z,N20,Routine Flare
firms-2026-09-09-2324-44024,-16.19932,31.92803,301.09,0.8,50,2026-09-09T23:24:00Z,N20,Routine Flare
firms-2026-09-09-2307-44025,39.35046,33.55471,335.81,4.54,50,2026-09-09T23:07:00Z,N20,Routine Flare
firms-2026-09-09-2324-44026,-15.10634,25.11218,307.4,1.29,50,2026-09-09T23:24:00Z,N20,Routine Flare
firms-2026-09-09-2307-44027,39.34993,33.56115,296.56,2.22,50,2026-09-09T23:07:00Z,N20,Routine Flare
firms-2026-09-09-2324-44028,-16.20288,31.92746,307.65,0.8,50,2026-09-09T23:24:00Z,N20,Routine Flare
firms-2026-09-09-2307-44029,39.3489,33.57377,304.5,0.96,50,2026-09-09T23:07:00Z,N20,Routine Flare
firms-2026-09-09-2324-44030,-13.52358,16.90141,297.33,1.52,50,2026-09-09T23:24:00Z,N20,Routine Flare
firms-2026-09-09-2307-44031,38.88408,37.8965,296.43,0.75,50,2026-09-09T23:07:00Z,N20,Routine Flare
firms-2026-09-09-2324-44032,-14.17669,20.01271,295.93,0.86,50,2026-09-09T23:24:00Z,N20,Routine Flare
firms-2026-09-09-2307-44033,39.48677,30.03955,299.18,0.77,50,2026-09-09T23:07:00Z,N20,Routine Flare
firms-2026-09-09-2324-44034,-14.17735,20.01604,311.73,1.17,50,2026-09-09T23:24:00Z,N20,Routine Flare
firms-2026-09-09-2307-44035,38.66413,39.23581,298.81,0.83,50,2026-09-09T23:07:00Z,N20,Routine Flare
firms-2026-09-09-2324-44036,-14.15411,19.70196,301.77,0.58,50,2026-09-09T23:24:00Z,N20,Routine Flare
firms-2026-09-09-2307-44037,39.05978,34.7098,299.2,0.64,50,2026-09-09T23:07:00Z,N20,Routine Flare
firms-2026-09-09-2307-44038,37.09696,47.9017,299.08,0.85,50,2026-09-09T23:07:00Z,N20,Routine Flare
firms-2026-09-09-2324-44039,-15.66468,28.10086,308.97,0.7,50,2026-09-09T23:24:00Z,N20,Routine Flare
firms-2026-09-09-2307-44040,36.6497,49.51763,300.79,0.79,50,2026-09-09T23:07:00Z,N20,Routine Flare
firms-2026-09-09-2324-44041,-14.7575,22.71633,302.81,0.83,50,2026-09-09T23:24:00Z,N20,Routine Flare
firms-2026-09-09-2307-44042,39.13134,32.62605,330.68,4.21,50,2026-09-09T23:07:00Z,N20,Routine Flare
firms-2026-09-09-2324-44043,-14.15547,19.70214,301.98,0.82,50,2026-09-09T23:24:00Z,N20,Routine Flare
firms-2026-09-09-2307-44044,35.8287,52.8375,295.76,0.63,50,2026-09-09T23:07:00Z,N20,Routine Flare
firms-2026-09-09-2324-44045,-14.75725,22.71848,299.86,0.96,50,2026-09-09T23:24:00Z,N20,Routine Flare
firms-2026-09-09-2307-44046,35.82053,52.80465,300.89,0.76,50,2026-09-09T23:07:00Z,N20,Routine Flare
firms-2026-09-09-2324-44047,-14.3554,20.60931,300.35,0.94,50,2026-09-09T23:24:00Z,N20,Routine Flare
firms-2026-09-09-2307-44048,35.63787,53.47519,311.35,1.17,50,2026-09-09T23:07:00Z,N20,Routine Flare
firms-2026-09-09-2324-44049,-14.35953,20.62996,298.52,0.34,50,2026-09-09T23:24:00Z,N20,Routine Flare
firms-2026-09-09-2307-44050,35.63609,53.47643,309.82,1.24,50,2026-09-09T23:07:00Z,N20,Routine Flare
firms-2026-09-09-2324-44051,-14.36074,20.63604,301.48,0.61,50,2026-09-09T23:24:00Z,N20,Routine Flare
firms-2026-09-09-2307-44052,38.21584,40.53296,320.87,1.79,50,2026-09-09T23:07:00Z,N20,Routine Flare
firms-2026-09-09-2324-44053,-14.36051,20.60841,298.2,0.7,50,2026-09-09T23:24:00Z,N20,Routine Flare
firms-2026-09-09-2307-44054,39.0491,32.50228,301.78,0.95,50,2026-09-09T23:07:00Z,N20,Routine Flare
firms-2026-09-09-2307-44055,39.01928,32.9175,317.06,3,50,2026-09-09T23:07:00Z,N20,Routine Flare
firms-2026-09-09-2307-44056,38.79044,35.32681,326.64,2.13,50,2026-09-09T23:07:00Z,N20,Routine Flare
firms-2026-09-09-2324-44057,-15.65489,27.54625,298.28,0.33,50,2026-09-09T23:24:00Z,N20,Routine Flare
firms-2026-09-09-2307-44058,38.14429,40.52584,298.86,0.4,50,2026-09-09T23:07:00Z,N20,Routine Flare
firms-2026-09-09-2324-44059,-16.49927,33.05431,297.23,0.79,50,2026-09-09T23:24:00Z,N20,Routine Flare
firms-2026-09-09-2307-44060,37.96131,41.70063,304.69,0.8,50,2026-09-09T23:07:00Z,N20,Routine Flare
firms-2026-09-09-2324-44061,-15.46547,26.07554,302.13,0.44,50,2026-09-09T23:24:00Z,N20,Routine Flare
firms-2026-09-09-2307-44062,38.93043,32.17283,303.91,1.21,50,2026-09-09T23:07:00Z,N20,Routine Flare
firms-2026-09-09-2324-44063,-15.46434,26.07763,300.94,0.64,50,2026-09-09T23:24:00Z,N20,Routine Flare
firms-2026-09-09-2307-44064,36.56459,48.80556,310.61,1.74,50,2026-09-09T23:07:00Z,N20,Routine Flare
firms-2026-09-09-2324-44065,-16.38167,31.61543,301.39,0.42,50,2026-09-09T23:24:00Z,N20,Routine Flare
firms-2026-09-09-2309-44066,38.38063,37.93647,297.09,0.44,50,2026-09-09T23:09:00Z,N20,Routine Flare
firms-2026-09-09-2324-44067,-15.41278,25.50538,309.09,1.16,50,2026-09-09T23:24:00Z,N20,Routine Flare
firms-2026-09-09-2309-44068,38.07423,40.19518,303.89,0.64,50,2026-09-09T23:09:00Z,N20,Routine Flare
firms-2026-09-09-2324-44069,-15.41356,25.50986,298.12,0.81,50,2026-09-09T23:24:00Z,N20,Routine Flare
firms-2026-09-09-2309-44070,37.90705,40.4365,297.6,0.51,50,2026-09-09T23:09:00Z,N20,Routine Flare
firms-2026-09-09-2324-44071,-15.41724,25.50918,298.67,0.81,50,2026-09-09T23:24:00Z,N20,Routine Flare
firms-2026-09-09-2309-44072,35.69748,51.78481,304.37,0.81,50,2026-09-09T23:09:00Z,N20,Routine Flare
firms-2026-09-09-2324-44073,-15.41802,25.51365,312.67,0.81,50,2026-09-09T23:24:00Z,N20,Routine Flare
firms-2026-09-09-2309-44074,35.57536,51.5116,309.64,1.83,50,2026-09-09T23:09:00Z,N20,Routine Flare
firms-2026-09-09-2324-44075,-13.81535,16.94319,297.99,2.14,50,2026-09-09T23:24:00Z,N20,Routine Flare
firms-2026-09-09-2309-44076,35.57821,51.51141,305.85,2.81,50,2026-09-09T23:09:00Z,N20,Routine Flare
firms-2026-09-09-2324-44077,-13.81717,16.91974,315.85,2.97,50,2026-09-09T23:24:00Z,N20,Routine Flare
firms-2026-09-09-2309-44078,38.66137,30.61728,297.37,0.55,50,2026-09-09T23:09:00Z,N20,Routine Flare
firms-2026-09-09-2324-44079,-13.81835,16.92541,312.84,2.97,50,2026-09-09T23:24:00Z,N20,Routine Flare
firms-2026-09-09-2309-44080,38.75119,26.93779,300.91,1.3,50,2026-09-09T23:09:00Z,N20,Routine Flare
firms-2026-09-09-2324-44081,-15.70547,26.96298,295.57,0.18,50,2026-09-09T23:24:00Z,N20,Routine Flare
firms-2026-09-09-2309-44082,35.52116,51.40531,299.93,1.21,50,2026-09-09T23:09:00Z,N20,Routine Flare
firms-2026-09-09-2324-44083,-13.81531,16.94235,296.54,2.25,50,2026-09-09T23:24:00Z,N20,Routine Flare
firms-2026-09-09-2309-44084,35.51955,51.41186,301.52,1.08,50,2026-09-09T23:09:00Z,N20,Routine Flare
firms-2026-09-09-2309-44085,38.74444,26.94465,309.84,1.3,50,2026-09-09T23:09:00Z,N20,Routine Flare
firms-2026-09-09-2324-44086,-13.81821,16.92464,327.91,3.21,50,2026-09-09T23:24:00Z,N20,Routine Flare
firms-2026-09-09-2309-44087,38.74627,26.94632,308.77,2.16,50,2026-09-09T23:09:00Z,N20,Routine Flare
firms-2026-09-09-2324-44088,-13.81699,16.91897,300.01,4.11,50,2026-09-09T23:24:00Z,N20,Routine Flare
firms-2026-09-09-2309-44089,35.75709,50.20323,295.31,1.06,50,2026-09-09T23:09:00Z,N20,Routine Flare
firms-2026-09-09-2324-44090,-13.81942,16.93024,298.19,3.21,50,2026-09-09T23:24:00Z,N20,Routine Flare
firms-2026-09-09-2309-44091,35.70425,50.30599,302.07,0.74,50,2026-09-09T23:09:00Z,N20,Routine Flare
firms-2026-09-09-2309-44092,37.18745,42.72911,304.03,0.72,50,2026-09-09T23:09:00Z,N20,Routine Flare
firms-2026-09-09-2324-44093,-16.23775,29.8999,319.01,1.67,50,2026-09-09T23:24:00Z,N20,Routine Flare
firms-2026-09-09-2309-44094,37.13566,42.79416,306.98,0.39,50,2026-09-09T23:09:00Z,N20,Routine Flare
firms-2026-09-09-2324-44095,-16.24386,29.89509,312.84,0.76,50,2026-09-09T23:24:00Z,N20,Routine Flare
firms-2026-09-09-2309-44096,37.07909,42.55602,308.06,1.3,50,2026-09-09T23:09:00Z,N20,Routine Flare
firms-2026-09-09-2324-44097,-13.91257,17.1471,296.48,1,50,2026-09-09T23:24:00Z,N20,Routine Flare
firms-2026-09-09-2309-44098,37.33757,40.80416,316.67,1.99,50,2026-09-09T23:09:00Z,N20,Routine Flare
firms-2026-09-09-2324-44099,-15.11917,23.22499,300.21,0.92,50,2026-09-09T23:24:00Z,N20,Routine Flare
firms-2026-09-09-2309-44100,38.09022,34.42001,298.5,1.17,50,2026-09-09T23:09:00Z,N20,Routine Flare
firms-2026-09-09-2324-44101,-16.33939,30.38567,302.55,0.7,50,2026-09-09T23:24:00Z,N20,Routine Flare
firms-2026-09-09-2309-44102,37.69331,38.08745,309.9,1.46,50,2026-09-09T23:09:00Z,N20,Routine Flare
firms-2026-09-09-2324-44103,-16.33996,30.38942,302.02,0.61,50,2026-09-09T23:24:00Z,N20,Routine Flare
firms-2026-09-09-2309-44104,36.89273,43.42716,313.36,1.31,50,2026-09-09T23:09:00Z,N20,Routine Flare
firms-2026-09-09-2324-44105,-13.93119,16.95058,302.9,1.23,50,2026-09-09T23:24:00Z,N20,Routine Flare
firms-2026-09-09-2309-44106,36.89198,43.43156,318.15,1.31,50,2026-09-09T23:09:00Z,N20,Routine Flare
firms-2026-09-09-2324-44107,-13.9375,16.94868,300.5,0.93,50,2026-09-09T23:24:00Z,N20,Routine Flare
firms-2026-09-09-2309-44108,36.86818,43.4898,328.42,2.97,50,2026-09-09T23:09:00Z,N20,Routine Flare
firms-2026-09-09-2324-44109,-16.3795,30.51316,300.52,0.53,50,2026-09-09T23:24:00Z,N20,Routine Flare
firms-2026-09-09-2309-44110,38.42672,27.215,302.78,1.03,50,2026-09-09T23:09:00Z,N20,Routine Flare
firms-2026-09-09-2324-44111,-15.19256,23.36432,306.39,1.11,50,2026-09-09T23:24:00Z,N20,Routine Flare
firms-2026-09-09-2309-44112,36.99374,42.51418,303.03,0.52,50,2026-09-09T23:09:00Z,N20,Routine Flare
firms-2026-09-09-2324-44113,-15.19327,23.36829,308,1.51,50,2026-09-09T23:24:00Z,N20,Routine Flare
firms-2026-09-09-2309-44114,36.94682,42.7789,308.84,1,50,2026-09-09T23:09:00Z,N20,Routine Flare
firms-2026-09-09-2324-44115,-15.43937,24.64999,320.03,4.15,50,2026-09-09T23:24:00Z,N20,Routine Flare
firms-2026-09-09-2309-44116,37.04238,42.06416,328.41,1.47,50,2026-09-09T23:09:00Z,N20,Routine Flare
firms-2026-09-09-2324-44117,-15.44027,24.65495,343.98,3.66,50,2026-09-09T23:24:00Z,N20,Routine Flare
firms-2026-09-09-2309-44118,38.42673,27.214,305.18,1.54,50,2026-09-09T23:09:00Z,N20,Routine Flare
firms-2026-09-09-2324-44119,-15.44117,24.6599,300.39,3.66,50,2026-09-09T23:24:00Z,N20,Routine Flare
firms-2026-09-09-2309-44120,36.85227,42.89508,302.94,0.72,50,2026-09-09T23:09:00Z,N20,Routine Flare
firms-2026-09-09-2324-44121,-15.44412,24.65421,304.42,3.66,50,2026-09-09T23:24:00Z,N20,Routine Flare
firms-2026-09-09-2309-44122,36.77688,43.32198,327.01,2.75,50,2026-09-09T23:09:00Z,N20,Routine Flare
firms-2026-09-09-2324-44123,-13.93124,16.94766,307.65,2.44,50,2026-09-09T23:24:00Z,N20,Routine Flare
firms-2026-09-09-2309-44124,36.77614,43.32631,327.07,2.96,50,2026-09-09T23:09:00Z,N20,Routine Flare
firms-2026-09-09-2324-44125,-16.35881,29.98102,300.27,0.38,50,2026-09-09T23:24:00Z,N20,Routine Flare
firms-2026-09-09-2309-44126,36.74682,43.49736,306.03,0.97,50,2026-09-09T23:09:00Z,N20,Routine Flare
firms-2026-09-09-2324-44127,-16.26747,29.36814,305.87,0.44,50,2026-09-09T23:24:00Z,N20,Routine Flare
firms-2026-09-09-2309-44128,35.37428,50.20742,299.03,1.41,50,2026-09-09T23:09:00Z,N20,Routine Flare
firms-2026-09-09-2324-44129,-16.27079,29.36758,319.26,1.28,50,2026-09-09T23:24:00Z,N20,Routine Flare
firms-2026-09-09-2309-44130,36.85254,42.76976,327.4,6.5,50,2026-09-09T23:09:00Z,N20,Routine Flare
firms-2026-09-09-2324-44131,-16.08308,28.04088,299.89,0.43,50,2026-09-09T23:24:00Z,N20,Routine Flare
firms-2026-09-09-2309-44132,36.96434,42.08176,310.87,0.73,50,2026-09-09T23:09:00Z,N20,Routine Flare
firms-2026-09-09-2324-44133,-16.29563,29.35231,298.29,0.3,50,2026-09-09T23:24:00Z,N20,Routine Flare
firms-2026-09-09-2309-44134,36.85325,42.76547,307.94,3.42,50,2026-09-09T23:09:00Z,N20,Routine Flare
firms-2026-09-09-2324-44135,-16.29894,29.35175,297.67,0.3,50,2026-09-09T23:24:00Z,N20,Routine Flare
firms-2026-09-09-2309-44136,36.84926,42.76892,298.57,0.52,50,2026-09-09T23:09:00Z,N20,Routine Flare
firms-2026-09-09-2324-44137,-16.40385,29.83541,299.83,1.14,50,2026-09-09T23:24:00Z,N20,Routine Flare
firms-2026-09-09-2309-44138,36.66682,43.81728,329.86,2.39,50,2026-09-09T23:09:00Z,N20,Routine Flare
firms-2026-09-09-2324-44139,-16.40608,29.82758,300.96,0.57,50,2026-09-09T23:24:00Z,N20,Routine Flare
firms-2026-09-09-2309-44140,36.94963,42.13129,305.49,0.76,50,2026-09-09T23:09:00Z,N20,Routine Flare
firms-2026-09-09-2324-44141,-16.40664,29.83121,296.9,0.57,50,2026-09-09T23:24:00Z,N20,Routine Flare
firms-2026-09-09-2309-44142,36.94636,42.13048,333.08,3.36,50,2026-09-09T23:09:00Z,N20,Routine Flare
firms-2026-09-09-2324-44143,-16.40997,29.83064,301.27,0.85,50,2026-09-09T23:24:00Z,N20,Routine Flare
firms-2026-09-09-2309-44144,36.92957,42.19283,308.21,0.75,50,2026-09-09T23:09:00Z,N20,Routine Flare
firms-2026-09-09-2324-44145,-16.41497,29.81864,308.2,1.06,50,2026-09-09T23:24:00Z,N20,Routine Flare
firms-2026-09-09-2309-44146,36.9379,42.11953,300.14,0.36,50,2026-09-09T23:09:00Z,N20,Routine Flare
firms-2026-09-09-2324-44147,-15.65159,25.13766,315.34,1.15,50,2026-09-09T23:24:00Z,N20,Routine Flare
firms-2026-09-09-2309-44148,36.9263,42.19202,307.54,0.75,50,2026-09-09T23:09:00Z,N20,Routine Flare
firms-2026-09-09-2324-44149,-15.27765,23.07209,301.47,0.82,50,2026-09-09T23:24:00Z,N20,Routine Flare
firms-2026-09-09-2309-44150,36.92303,42.1912,314.25,1.45,50,2026-09-09T23:09:00Z,N20,Routine Flare
firms-2026-09-09-2324-44151,-16.34306,29.22287,346.81,1.9,50,2026-09-09T23:24:00Z,N20,Routine Flare
firms-2026-09-09-2309-44152,37.01191,41.58361,301.59,0.37,50,2026-09-09T23:09:00Z,N20,Routine Flare
firms-2026-09-09-2324-44153,-15.2819,23.07124,299.26,0.77,50,2026-09-09T23:24:00Z,N20,Routine Flare
firms-2026-09-09-2309-44154,37.07399,41.06572,303.12,0.67,50,2026-09-09T23:09:00Z,N20,Routine Flare
firms-2026-09-09-2324-44155,-15.28267,23.07536,302.51,1.2,50,2026-09-09T23:24:00Z,N20,Routine Flare
firms-2026-09-09-2309-44156,37.07069,41.06495,309.68,1.52,50,2026-09-09T23:09:00Z,N20,Routine Flare
firms-2026-09-09-2324-44157,-16.34637,29.22231,302.28,1.9,50,2026-09-09T23:24:00Z,N20,Routine Flare
firms-2026-09-09-2309-44158,37.06739,41.06417,323.02,1.52,50,2026-09-09T23:09:00Z,N20,Routine Flare
firms-2026-09-09-2324-44159,-16.34693,29.2259,300.82,1.9,50,2026-09-09T23:24:00Z,N20,Routine Flare
firms-2026-09-09-2309-44160,35.26104,50.42492,299.72,1.51,50,2026-09-09T23:09:00Z,N20,Routine Flare
firms-2026-09-09-2324-44161,-16.34969,29.22176,332.95,3.48,50,2026-09-09T23:24:00Z,N20,Routine Flare
firms-2026-09-09-2309-44162,36.9156,41.89436,305.39,0.47,50,2026-09-09T23:09:00Z,N20,Routine Flare
firms-2026-09-09-2324-44163,-16.35025,29.22535,326.69,3.48,50,2026-09-09T23:24:00Z,N20,Routine Flare
firms-2026-09-09-2309-44164,37.12259,40.24253,302.32,0.44,50,2026-09-09T23:09:00Z,N20,Routine Flare
firms-2026-09-09-2324-44165,-15.33355,23.30099,297.83,1.11,50,2026-09-09T23:24:00Z,N20,Routine Flare
firms-2026-09-09-2309-44166,37.11924,40.24178,297.45,0.44,50,2026-09-09T23:09:00Z,N20,Routine Flare
firms-2026-09-09-2324-44167,-14.24305,17.78044,305.34,0.96,50,2026-09-09T23:24:00Z,N20,Routine Flare
firms-2026-09-09-2309-44168,37.26996,38.97741,301.77,0.46,50,2026-09-09T23:09:00Z,N20,Routine Flare
firms-2026-09-09-2309-44169,37.27259,38.9756,301.74,0.48,50,2026-09-09T23:09:00Z,N20,Routine Flare
firms-2026-09-09-2324-44170,-16.35412,29.22838,299.87,0.4,50,2026-09-09T23:24:00Z,N20,Routine Flare
firms-2026-09-09-2309-44171,37.26911,38.97489,296.62,0.48,50,2026-09-09T23:09:00Z,N20,Routine Flare
firms-2026-09-09-2324-44172,-14.1451,17.22576,296.37,1.16,50,2026-09-09T23:24:00Z,N20,Routine Flare
firms-2026-09-09-2309-44173,36.98281,40.94736,298.54,0.46,50,2026-09-09T23:09:00Z,N20,Routine Flare
firms-2026-09-09-2324-44174,-14.14625,17.23116,299.09,1.16,50,2026-09-09T23:24:00Z,N20,Routine Flare
firms-2026-09-09-2309-44175,36.97886,40.95092,309.98,1,50,2026-09-09T23:09:00Z,N20,Routine Flare
firms-2026-09-09-2309-44176,36.5811,43.34756,303.36,0.79,50,2026-09-09T23:09:00Z,N20,Routine Flare
firms-2026-09-09-2324-44177,-16.39263,29.17036,322.16,1.34,50,2026-09-09T23:24:00Z,N20,Routine Flare
firms-2026-09-09-2309-44178,36.97084,40.7289,308.57,1.26,50,2026-09-09T23:09:00Z,N20,Routine Flare
firms-2026-09-09-2324-44179,-16.3994,29.21343,316.12,1.04,50,2026-09-09T23:24:00Z,N20,Routine Flare
firms-2026-09-09-2309-44180,36.59881,43.03994,313.75,1.37,50,2026-09-09T23:09:00Z,N20,Routine Flare
firms-2026-09-09-2324-44181,-16.39996,29.21702,313.58,1.04,50,2026-09-09T23:24:00Z,N20,Routine Flare
firms-2026-09-09-2309-44182,36.48162,43.70218,303.3,0.68,50,2026-09-09T23:09:00Z,N20,Routine Flare
firms-2026-09-09-2324-44183,-16.40327,29.21646,300.25,0.53,50,2026-09-09T23:24:00Z,N20,Routine Flare
firms-2026-09-09-2309-44184,35.96839,46.22665,312.44,1.44,50,2026-09-09T23:09:00Z,N20,Routine Flare
firms-2026-09-09-2324-44185,-16.41322,29.21479,325.69,2.34,50,2026-09-09T23:24:00Z,N20,Routine Flare
firms-2026-09-09-2309-44186,35.96995,46.22625,312.8,2.03,50,2026-09-09T23:09:00Z,N20,Routine Flare
firms-2026-09-09-2324-44187,-16.41415,29.19987,331.56,2.68,50,2026-09-09T23:24:00Z,N20,Routine Flare
firms-2026-09-09-2309-44188,36.78701,41.49556,298.8,0.37,50,2026-09-09T23:09:00Z,N20,Routine Flare
firms-2026-09-09-2324-44189,-16.41584,29.21062,308.66,1.12,50,2026-09-09T23:24:00Z,N20,Routine Flare
firms-2026-09-09-2309-44190,36.61008,42.5624,310.34,0.89,50,2026-09-09T23:09:00Z,N20,Routine Flare
firms-2026-09-09-2324-44191,-16.41746,29.19931,321.96,2.68,50,2026-09-09T23:24:00Z,N20,Routine Flare
firms-2026-09-09-2309-44192,36.60938,42.56667,309.69,0.89,50,2026-09-09T23:09:00Z,N20,Routine Flare
firms-2026-09-09-2324-44193,-16.41915,29.21008,320.48,1.12,50,2026-09-09T23:24:00Z,N20,Routine Flare
firms-2026-09-09-2309-44194,36.66716,42.16887,311.96,1.49,50,2026-09-09T23:09:00Z,N20,Routine Flare
firms-2026-09-09-2324-44195,-16.41859,29.20649,301.75,1.86,50,2026-09-09T23:24:00Z,N20,Routine Flare
firms-2026-09-09-2309-44196,36.66648,42.17312,318.48,1.49,50,2026-09-09T23:09:00Z,N20,Routine Flare
firms-2026-09-09-2324-44197,-16.42134,29.20235,320.09,1.43,50,2026-09-09T23:24:00Z,N20,Routine Flare
firms-2026-09-09-2309-44198,37.35109,37.15959,304.53,1.32,50,2026-09-09T23:09:00Z,N20,Routine Flare
firms-2026-09-09-2324-44199,-16.66493,30.80624,333.58,1.75,50,2026-09-09T23:24:00Z,N20,Routine Flare
firms-2026-09-09-2309-44200,36.89912,40.5709,299.49,0.58,50,2026-09-09T23:09:00Z,N20,Routine Flare
firms-2026-09-09-2324-44201,-16.6655,30.81008,321.88,1.45,50,2026-09-09T23:24:00Z,N20,Routine Flare
firms-2026-09-09-2309-44202,37.51085,35.54483,309.12,0.86,50,2026-09-09T23:09:00Z,N20,Routine Flare
firms-2026-09-09-2324-44203,-16.4219,29.20594,310.72,1.43,50,2026-09-09T23:24:00Z,N20,Routine Flare
firms-2026-09-09-2309-44204,37.51043,35.54896,315.65,0.86,50,2026-09-09T23:09:00Z,N20,Routine Flare
firms-2026-09-09-2324-44205,-16.66835,30.80568,297.03,1.75,50,2026-09-09T23:24:00Z,N20,Routine Flare
firms-2026-09-09-2309-44206,37.50595,35.55204,343.63,3.68,50,2026-09-09T23:09:00Z,N20,Routine Flare
firms-2026-09-09-2324-44207,-16.66892,30.80952,296.42,1.45,50,2026-09-09T23:24:00Z,N20,Routine Flare
firms-2026-09-09-2309-44208,37.50636,35.5481,315.16,2.85,50,2026-09-09T23:09:00Z,N20,Routine Flare
firms-2026-09-09-2324-44209,-16.66949,30.81336,310.85,1.45,50,2026-09-09T23:24:00Z,N20,Routine Flare
firms-2026-09-09-2309-44210,37.50554,35.55614,310.44,3.68,50,2026-09-09T23:09:00Z,N20,Routine Flare
firms-2026-09-09-2324-44211,-16.67234,30.80895,296,0.47,50,2026-09-09T23:24:00Z,N20,Routine Flare
firms-2026-09-09-2309-44212,37.50511,35.56038,305.79,1.76,50,2026-09-09T23:09:00Z,N20,Routine Flare
firms-2026-09-09-2324-44213,-15.9135,25.96437,310.74,1.04,50,2026-09-09T23:24:00Z,N20,Routine Flare
firms-2026-09-09-2309-44214,37.89906,30.49059,299.57,0.74,50,2026-09-09T23:09:00Z,N20,Routine Flare
firms-2026-09-09-2324-44215,-14.85774,20.24485,297.07,0.88,50,2026-09-09T23:24:00Z,N20,Routine Flare
firms-2026-09-09-2309-44216,37.29408,37.1549,313.9,1.62,50,2026-09-09T23:09:00Z,N20,Routine Flare
firms-2026-09-09-2324-44217,-16.55778,29.59721,321.92,1.19,50,2026-09-09T23:24:00Z,N20,Routine Flare
firms-2026-09-09-2309-44218,37.46396,35.514,320.3,1.73,50,2026-09-09T23:09:00Z,N20,Routine Flare
firms-2026-09-09-2324-44219,-16.51252,29.19805,308.37,0.96,50,2026-09-09T23:24:00Z,N20,Routine Flare
firms-2026-09-09-2309-44220,37.46347,35.51896,309.79,1.73,50,2026-09-09T23:09:00Z,N20,Routine Flare
firms-2026-09-09-2324-44221,-16.7987,31.0678,299.24,0.72,50,2026-09-09T23:24:00Z,N20,Routine Flare
firms-2026-09-09-2309-44222,36.59782,42.04709,301.77,0.55,50,2026-09-09T23:09:00Z,N20,Routine Flare
firms-2026-09-09-2324-44223,-16.53778,29.20947,302.53,0.46,50,2026-09-09T23:24:00Z,N20,Routine Flare
firms-2026-09-09-2309-44224,36.59184,42.06328,302.48,0.7,50,2026-09-09T23:09:00Z,N20,Routine Flare
firms-2026-09-09-2324-44225,-16.35472,27.97951,302.01,0.79,50,2026-09-09T23:24:00Z,N20,Routine Flare
firms-2026-09-09-2309-44226,36.44278,42.932,314.59,0.66,50,2026-09-09T23:09:00Z,N20,Routine Flare
firms-2026-09-09-2324-44227,-16.35805,27.97888,305.17,0.79,50,2026-09-09T23:24:00Z,N20,Routine Flare
firms-2026-09-09-2309-44228,36.73881,40.89497,299.02,0.5,50,2026-09-09T23:09:00Z,N20,Routine Flare
firms-2026-09-09-2324-44229,-16.36078,27.97461,326.25,2.3,50,2026-09-09T23:24:00Z,N20,Routine Flare
firms-2026-09-09-2309-44230,37.86333,29.37174,301.78,1.59,50,2026-09-09T23:09:00Z,N20,Routine Flare
firms-2026-09-09-2324-44231,-16.81193,30.87876,307.58,0.93,50,2026-09-09T23:24:00Z,N20,Routine Flare
firms-2026-09-09-2309-44232,36.71022,40.83477,302.96,0.73,50,2026-09-09T23:09:00Z,N20,Routine Flare
firms-2026-09-09-2324-44233,-16.57615,29.3025,297.74,0.38,50,2026-09-09T23:24:00Z,N20,Routine Flare
firms-2026-09-09-2309-44234,36.70682,40.81163,296.89,0.5,50,2026-09-09T23:09:00Z,N20,Routine Flare
firms-2026-09-09-2324-44235,-16.83956,31.04277,314,1.41,50,2026-09-09T23:24:00Z,N20,Routine Flare
firms-2026-09-09-2309-44236,36.70297,40.83757,296.11,0.41,50,2026-09-09T23:09:00Z,N20,Routine Flare
firms-2026-09-09-2324-44237,-16.36949,27.90172,299.01,0.46,50,2026-09-09T23:24:00Z,N20,Routine Flare
firms-2026-09-09-2309-44238,36.77938,40.08755,328.08,1.63,50,2026-09-09T23:09:00Z,N20,Routine Flare
firms-2026-09-09-2324-44239,-16.63931,29.59939,295.95,0.52,50,2026-09-09T23:24:00Z,N20,Routine Flare
firms-2026-09-09-2309-44240,36.77602,40.0868,306.26,1.63,50,2026-09-09T23:09:00Z,N20,Routine Flare
firms-2026-09-09-2324-44241,-16.32657,27.49243,297.89,0.3,50,2026-09-09T23:24:00Z,N20,Routine Flare
firms-2026-09-09-2309-44242,36.63778,41.02482,297.75,0.31,50,2026-09-09T23:09:00Z,N20,Routine Flare
firms-2026-09-09-2324-44243,-16.17742,26.46858,301.59,0.74,50,2026-09-09T23:24:00Z,N20,Routine Flare
firms-2026-09-09-2309-44244,36.24245,43.40667,316.92,1.19,50,2026-09-09T23:09:00Z,N20,Routine Flare
firms-2026-09-09-2324-44245,-17.25857,33.37621,304.9,1.75,50,2026-09-09T23:24:00Z,N20,Routine Flare
firms-2026-09-09-2309-44246,36.2417,43.41104,308.47,1.19,50,2026-09-09T23:09:00Z,N20,Routine Flare
firms-2026-09-09-2324-44247,-16.82671,30.13607,320.56,1.39,50,2026-09-09T23:24:00Z,N20,Routine Flare
firms-2026-09-09-2309-44248,37.36404,34.99672,314.39,1.2,50,2026-09-09T23:09:00Z,N20,Routine Flare
firms-2026-09-09-2324-44249,-16.83008,30.13552,300.5,1.17,50,2026-09-09T23:24:00Z,N20,Routine Flare
firms-2026-09-09-2309-44250,36.79232,39.70108,297.47,1.08,50,2026-09-09T23:09:00Z,N20,Routine Flare
firms-2026-09-09-2324-44251,-14.64952,18.05126,295.66,0.81,50,2026-09-09T23:24:00Z,N20,Routine Flare
firms-2026-09-09-2309-44252,36.78894,39.70035,320.06,1.08,50,2026-09-09T23:09:00Z,N20,Routine Flare
firms-2026-09-09-2324-44253,-14.65748,18.02989,303.51,1.45,50,2026-09-09T23:24:00Z,N20,Routine Flare
firms-2026-09-09-2309-44254,36.78555,39.69962,299.3,0.89,50,2026-09-09T23:09:00Z,N20,Routine Flare
firms-2026-09-09-2309-44255,36.78217,39.69889,317.05,0.89,50,2026-09-09T23:09:00Z,N20,Routine Flare
firms-2026-09-09-2324-44256,-16.89798,30.49341,306.73,0.72,50,2026-09-09T23:24:00Z,N20,Routine Flare
firms-2026-09-09-2309-44257,36.77878,39.69815,338.48,5.36,50,2026-09-09T23:09:00Z,N20,Routine Flare
firms-2026-09-09-2324-44258,-14.51387,17.18966,297.72,0.81,50,2026-09-09T23:24:00Z,N20,Routine Flare
firms-2026-09-09-2309-44259,36.77815,39.70271,327.18,2.18,50,2026-09-09T23:09:00Z,N20,Routine Flare
firms-2026-09-09-2324-44260,-14.49119,16.98715,302.44,1.89,50,2026-09-09T23:24:00Z,N20,Routine Flare
firms-2026-09-09-2309-44261,35.10255,48.8131,296.47,0.59,50,2026-09-09T23:09:00Z,N20,Routine Flare
firms-2026-09-09-2309-44262,35.77032,45.54657,300.15,1.27,50,2026-09-09T23:09:00Z,N20,Routine Flare
firms-2026-09-09-2309-44263,35.76314,45.54493,302.27,1.35,50,2026-09-09T23:09:00Z,N20,Routine Flare
firms-2026-09-09-2324-44264,-16.21635,26.03251,299.57,0.79,50,2026-09-09T23:24:00Z,N20,Routine Flare
firms-2026-09-09-2309-44265,36.69339,39.83067,299.21,0.47,50,2026-09-09T23:09:00Z,N20,Routine Flare
firms-2026-09-09-2324-44266,-16.21493,26.02995,297.9,0.75,50,2026-09-09T23:24:00Z,N20,Routine Flare
firms-2026-09-09-2309-44267,36.35073,42.07759,309.19,0.61,50,2026-09-09T23:09:00Z,N20,Routine Flare
firms-2026-09-09-2324-44268,-17.34405,33.29894,299.58,0.61,50,2026-09-09T23:24:00Z,N20,Routine Flare
firms-2026-09-09-2309-44269,36.0816,43.64159,303.06,0.48,50,2026-09-09T23:09:00Z,N20,Routine Flare
firms-2026-09-09-2324-44270,-17.17801,31.96826,312.55,0.86,50,2026-09-09T23:24:00Z,N20,Routine Flare
firms-2026-09-09-2309-44271,36.30127,42.29904,324,1.76,50,2026-09-09T23:09:00Z,N20,Routine Flare
firms-2026-09-09-2324-44272,-14.49378,16.99097,303.16,1.85,50,2026-09-09T23:24:00Z,N20,Routine Flare
firms-2026-09-09-2309-44273,36.57365,40.44818,332.38,2.7,50,2026-09-09T23:09:00Z,N20,Routine Flare
firms-2026-09-09-2324-44274,-14.48389,16.82161,299.13,0.64,50,2026-09-09T23:24:00Z,N20,Routine Flare
firms-2026-09-09-2309-44275,36.57428,40.44382,312.23,1.17,50,2026-09-09T23:09:00Z,N20,Routine Flare
firms-2026-09-09-2324-44276,-14.48515,16.82747,298.98,1.46,50,2026-09-09T23:24:00Z,N20,Routine Flare
firms-2026-09-09-2309-44277,36.01883,43.68033,321.95,1.9,50,2026-09-09T23:09:00Z,N20,Routine Flare
firms-2026-09-09-2309-44278,36.00058,43.76366,322.54,1.04,50,2026-09-09T23:09:00Z,N20,Routine Flare
firms-2026-09-09-2324-44279,-14.72229,17.94195,304.47,1.44,50,2026-09-09T23:24:00Z,N20,Routine Flare
firms-2026-09-09-2309-44280,35.99802,43.7583,305.31,1.04,50,2026-09-09T23:09:00Z,N20,Routine Flare
firms-2026-09-09-2324-44281,-17.09793,31.23163,305.08,0.74,50,2026-09-09T23:24:00Z,N20,Routine Flare
firms-2026-09-09-2309-44282,35.99723,43.76275,303.45,1.04,50,2026-09-09T23:09:00Z,N20,Routine Flare
firms-2026-09-09-2324-44283,-17.53221,34.26602,299.38,0.39,50,2026-09-09T23:24:00Z,N20,Routine Flare
firms-2026-09-09-2309-44284,36.00623,43.67237,304.6,0.69,50,2026-09-09T23:09:00Z,N20,Routine Flare
firms-2026-09-09-2324-44285,-16.31837,26.16445,298.74,0.44,50,2026-09-09T23:24:00Z,N20,Routine Flare
firms-2026-09-09-2309-44286,35.98114,43.76992,336.01,4.81,50,2026-09-09T23:09:00Z,N20,Routine Flare
firms-2026-09-09-2324-44287,-17.11097,31.05404,296.9,0.84,50,2026-09-09T23:24:00Z,N20,Routine Flare
firms-2026-09-09-2309-44288,36.75378,38.47909,303.06,0.6,50,2026-09-09T23:09:00Z,N20,Routine Flare
firms-2026-09-09-2324-44289,-16.33249,26.1406,296.76,0.3,50,2026-09-09T23:24:00Z,N20,Routine Flare
firms-2026-09-09-2309-44290,35.9531,43.72982,316.88,1.21,50,2026-09-09T23:09:00Z,N20,Routine Flare
firms-2026-09-09-2324-44291,-16.87328,29.2491,297.94,0.3,50,2026-09-09T23:24:00Z,N20,Routine Flare
firms-2026-09-09-2309-44292,35.3173,46.98593,299.34,0.75,50,2026-09-09T23:09:00Z,N20,Routine Flare
firms-2026-09-09-2324-44293,-16.8766,29.24854,307.86,0.69,50,2026-09-09T23:24:00Z,N20,Routine Flare
firms-2026-09-09-2309-44294,35.67009,45.00653,323.28,2.74,50,2026-09-09T23:09:00Z,N20,Routine Flare
firms-2026-09-09-2324-44295,-15.79827,22.99096,297.42,0.59,50,2026-09-09T23:24:00Z,N20,Routine Flare
firms-2026-09-09-2309-44296,35.62405,45.20952,309.14,1.42,50,2026-09-09T23:09:00Z,N20,Routine Flare
firms-2026-09-09-2324-44297,-16.88474,29.19168,313.77,1.18,50,2026-09-09T23:24:00Z,N20,Routine Flare
firms-2026-09-09-2309-44298,35.63409,45.09909,322.85,2.88,50,2026-09-09T23:09:00Z,N20,Routine Flare
firms-2026-09-09-2324-44299,-17.0826,30.46421,327.04,4.05,50,2026-09-09T23:24:00Z,N20,Routine Flare
firms-2026-09-09-2309-44300,35.6348,45.09764,323.46,3.11,50,2026-09-09T23:09:00Z,N20,Routine Flare
firms-2026-09-09-2324-44301,-17.27912,31.81385,300.77,0.98,50,2026-09-09T23:24:00Z,N20,Routine Flare
firms-2026-09-09-2309-44302,35.60607,45.07401,305.04,1.23,50,2026-09-09T23:09:00Z,N20,Routine Flare
firms-2026-09-09-2324-44303,-17.19571,31.08607,298.06,0.69,50,2026-09-09T23:24:00Z,N20,Routine Flare
firms-2026-09-09-2309-44304,35.60147,45.09851,315.54,1.73,50,2026-09-09T23:09:00Z,N20,Routine Flare
firms-2026-09-09-2324-44305,-14.69834,17.10279,302.74,1.2,50,2026-09-09T23:24:00Z,N20,Routine Flare
firms-2026-09-09-2309-44306,35.77192,43.99311,328.48,2.91,50,2026-09-09T23:09:00Z,N20,Routine Flare
firms-2026-09-09-2309-44307,35.77111,43.9976,310,2.91,50,2026-09-09T23:09:00Z,N20,Routine Flare
firms-2026-09-09-2324-44308,-17.61569,33.92374,300.99,0.67,50,2026-09-09T23:24:00Z,N20,Routine Flare
firms-2026-09-09-2309-44309,35.53591,45.2299,307.87,0.94,50,2026-09-09T23:09:00Z,N20,Routine Flare
firms-2026-09-09-2324-44310,-17.61975,33.92316,304.49,0.67,50,2026-09-09T23:24:00Z,N20,Routine Flare
firms-2026-09-09-2309-44311,35.72917,44.03378,330.17,4.64,50,2026-09-09T23:09:00Z,N20,Routine Flare
firms-2026-09-09-2324-44312,-16.05199,23.93003,297.12,0.26,50,2026-09-09T23:24:00Z,N20,Routine Flare
firms-2026-09-09-2309-44313,35.72497,44.03741,311.62,10.81,50,2026-09-09T23:09:00Z,N20,Routine Flare
firms-2026-09-09-2324-44314,-17.62381,33.9226,296.4,0.36,50,2026-09-09T23:24:00Z,N20,Routine Flare
firms-2026-09-09-2309-44315,35.72416,44.04192,317.39,10.81,50,2026-09-09T23:09:00Z,N20,Routine Flare
firms-2026-09-09-2324-44316,-16.95169,29.20631,301.52,1.92,50,2026-09-09T23:24:00Z,N20,Routine Flare
firms-2026-09-09-2309-44317,35.71886,44.03344,302.91,0.34,50,2026-09-09T23:09:00Z,N20,Routine Flare
firms-2026-09-09-2324-44318,-16.97819,29.37603,314.49,1.68,50,2026-09-09T23:24:00Z,N20,Routine Flare
firms-2026-09-09-2309-44319,35.71513,43.99463,304.16,1.32,50,2026-09-09T23:09:00Z,N20,Routine Flare
firms-2026-09-09-2324-44320,-16.95501,29.20576,332.4,1.92,50,2026-09-09T23:24:00Z,N20,Routine Flare
firms-2026-09-09-2309-44321,35.67771,44.06525,323.7,2.49,50,2026-09-09T23:09:00Z,N20,Routine Flare
firms-2026-09-09-2324-44322,-14.70192,17.10575,298.76,0.54,50,2026-09-09T23:24:00Z,N20,Routine Flare
firms-2026-09-09-2309-44323,34.32526,50.56071,303.57,1.17,50,2026-09-09T23:09:00Z,N20,Routine Flare
firms-2026-09-09-2324-44324,-14.77842,17.15671,318.4,3.01,50,2026-09-09T23:24:00Z,N20,Routine Flare
firms-2026-09-09-2309-44325,35.71964,43.77013,307.71,1.22,50,2026-09-09T23:09:00Z,N20,Routine Flare
firms-2026-09-09-2324-44326,-17.12197,29.69186,301.91,0.46,50,2026-09-09T23:24:00Z,N20,Routine Flare
firms-2026-09-09-2309-44327,35.68709,43.8741,329.47,6.91,50,2026-09-09T23:09:00Z,N20,Routine Flare
firms-2026-09-09-2324-44328,-17.13086,29.68291,339.09,4.73,50,2026-09-09T23:24:00Z,N20,Routine Flare
firms-2026-09-09-2309-44329,35.68629,43.87858,367,14.02,50,2026-09-09T23:09:00Z,N20,Industrial Fire
firms-2026-09-09-2324-44330,-17.15126,29.35542,298.43,0.38,50,2026-09-09T23:24:00Z,N20,Routine Flare
firms-2026-09-09-2309-44331,35.68372,43.8732,301.5,6.91,50,2026-09-09T23:09:00Z,N20,Routine Flare
firms-2026-09-09-2324-44332,-16.68844,26.31408,297.01,0.38,50,2026-09-09T23:24:00Z,N20,Routine Flare
firms-2026-09-09-2309-44333,35.68291,43.87769,314.39,14.02,50,2026-09-09T23:09:00Z,N20,Routine Flare
firms-2026-09-09-2324-44334,-17.76005,33.30658,297.09,0.53,50,2026-09-09T23:24:00Z,N20,Routine Flare
firms-2026-09-09-2309-44335,35.66348,43.96663,328.78,2.72,50,2026-09-09T23:09:00Z,N20,Routine Flare
firms-2026-09-09-2324-44336,-17.53386,31.67357,299.74,0.83,50,2026-09-09T23:24:00Z,N20,Routine Flare
firms-2026-09-09-2309-44337,35.78942,43.25097,305.88,1.29,50,2026-09-09T23:09:00Z,N20,Routine Flare
firms-2026-09-09-2324-44338,-17.35973,30.44846,310.48,1.23,50,2026-09-09T23:24:00Z,N20,Routine Flare
firms-2026-09-09-2309-44339,35.63087,44.00998,345.07,7.11,50,2026-09-09T23:09:00Z,N20,Routine Flare
firms-2026-09-09-2324-44340,-16.73456,26.50325,304.88,0.48,50,2026-09-09T23:24:00Z,N20,Routine Flare
firms-2026-09-09-2309-44341,35.62749,44.00906,339.02,14.73,50,2026-09-09T23:09:00Z,N20,Routine Flare
firms-2026-09-09-2324-44342,-16.733,26.50457,298.54,0.64,50,2026-09-09T23:24:00Z,N20,Routine Flare
firms-2026-09-09-2309-44343,35.58374,44.24981,318.64,1.51,50,2026-09-09T23:09:00Z,N20,Routine Flare
firms-2026-09-09-2324-44344,-17.75969,33.30492,298.13,0.67,50,2026-09-09T23:24:00Z,N20,Routine Flare
firms-2026-09-09-2309-44345,36.73806,36.20562,310.57,2.25,50,2026-09-09T23:09:00Z,N20,Routine Flare
firms-2026-09-09-2324-44346,-17.34216,30.28105,306.76,0.97,50,2026-09-09T23:24:00Z,N20,Routine Flare
firms-2026-09-09-2309-44347,35.56678,44.28376,337.15,2.8,50,2026-09-09T23:09:00Z,N20,Routine Flare
firms-2026-09-09-2324-44348,-17.40985,30.74035,298.37,0.41,50,2026-09-09T23:24:00Z,N20,Routine Flare
firms-2026-09-09-2309-44349,36.73349,36.21117,309.97,2.25,50,2026-09-09T23:09:00Z,N20,Routine Flare
firms-2026-09-09-2324-44350,-17.40547,30.51998,304.66,1.02,50,2026-09-09T23:24:00Z,N20,Routine Flare
firms-2026-09-09-2309-44351,35.56404,44.28502,334.71,5.23,50,2026-09-09T23:09:00Z,N20,Routine Flare
firms-2026-09-09-2324-44352,-17.40831,30.51561,308.21,1.27,50,2026-09-09T23:24:00Z,N20,Routine Flare
firms-2026-09-09-2309-44353,36.13246,40.81059,315.67,1.29,50,2026-09-09T23:09:00Z,N20,Routine Flare
firms-2026-09-09-2324-44354,-17.277,29.59994,305.05,0.54,50,2026-09-09T23:24:00Z,N20,Routine Flare
firms-2026-09-09-2309-44355,36.73448,36.2039,307.02,1.52,50,2026-09-09T23:09:00Z,N20,Routine Flare
firms-2026-09-09-2324-44356,-17.28034,29.59939,297.99,0.54,50,2026-09-09T23:24:00Z,N20,Routine Flare
firms-2026-09-09-2309-44357,36.73378,36.21013,308.91,2.62,50,2026-09-09T23:09:00Z,N20,Routine Flare
firms-2026-09-09-2324-44358,-17.54644,31.23973,295.19,0.46,50,2026-09-09T23:24:00Z,N20,Routine Flare
firms-2026-09-09-2309-44359,35.71865,43.34786,307.38,1.01,50,2026-09-09T23:09:00Z,N20,Routine Flare
firms-2026-09-09-2324-44360,-17.46523,30.56922,302.38,0.71,50,2026-09-09T23:24:00Z,N20,Routine Flare
firms-2026-09-09-2309-44361,36.72987,36.20944,320.24,2.62,50,2026-09-09T23:09:00Z,N20,Routine Flare
firms-2026-09-09-2324-44362,-17.63132,31.62537,328.48,2.87,50,2026-09-09T23:24:00Z,N20,Routine Flare
firms-2026-09-09-2309-44363,35.53356,44.33472,328.71,2.86,50,2026-09-09T23:09:00Z,N20,Routine Flare
firms-2026-09-09-2324-44364,-17.56115,30.93856,305.65,0.73,50,2026-09-09T23:24:00Z,N20,Routine Flare
firms-2026-09-09-2309-44365,35.53272,44.33933,334.23,2.86,50,2026-09-09T23:09:00Z,N20,Routine Flare
firms-2026-09-09-2324-44366,-17.5376,30.75249,320.6,2.18,50,2026-09-09T23:24:00Z,N20,Routine Flare
firms-2026-09-09-2309-44367,36.71881,36.20128,331.46,10.22,50,2026-09-09T23:09:00Z,N20,Routine Flare
firms-2026-09-09-2324-44368,-17.21336,28.13695,301.46,0.5,50,2026-09-09T23:24:00Z,N20,Routine Flare
firms-2026-09-09-2309-44369,35.5293,44.33842,328.67,3.05,50,2026-09-09T23:09:00Z,N20,Routine Flare
firms-2026-09-09-2324-44370,-17.58188,30.48381,302.01,0.73,50,2026-09-09T23:24:00Z,N20,Routine Flare
firms-2026-09-09-2309-44371,35.52847,44.34301,335.05,2.22,50,2026-09-09T23:09:00Z,N20,Routine Flare
firms-2026-09-09-2324-44372,-17.58246,30.48765,305.22,1.06,50,2026-09-09T23:24:00Z,N20,Routine Flare
firms-2026-09-09-2309-44373,36.8694,34.76229,311.1,2.05,50,2026-09-09T23:09:00Z,N20,Routine Flare
firms-2026-09-09-2324-44374,-17.64469,30.88032,301.23,0.87,50,2026-09-09T23:24:00Z,N20,Routine Flare
firms-2026-09-09-2309-44375,35.52505,44.3421,306.83,2.22,50,2026-09-09T23:09:00Z,N20,Routine Flare
firms-2026-09-09-2324-44376,-17.64335,30.88154,297.49,0.89,50,2026-09-09T23:24:00Z,N20,Routine Flare
firms-2026-09-09-2309-44377,36.69466,36.20336,315.12,2.87,50,2026-09-09T23:09:00Z,N20,Routine Flare
firms-2026-09-09-2324-44378,-17.58882,30.48344,300.82,0.7,50,2026-09-09T23:24:00Z,N20,Routine Flare
firms-2026-09-09-2309-44379,36.34491,39.03504,300.08,0.31,50,2026-09-09T23:09:00Z,N20,Routine Flare
firms-2026-09-09-2324-44380,-17.58939,30.48729,303.28,0.89,50,2026-09-09T23:24:00Z,N20,Routine Flare
firms-2026-09-09-2309-44381,35.46019,44.42155,331.34,3.23,50,2026-09-09T23:09:00Z,N20,Routine Flare
firms-2026-09-09-2324-44382,-17.75229,31.54453,302.89,0.72,50,2026-09-09T23:24:00Z,N20,Routine Flare
firms-2026-09-09-2309-44383,35.45676,44.42064,306.4,0.93,50,2026-09-09T23:09:00Z,N20,Routine Flare
firms-2026-09-09-2324-44384,-17.76235,31.61604,314.21,1.29,50,2026-09-09T23:24:00Z,N20,Routine Flare
firms-2026-09-09-2309-44385,35.48769,44.15408,338.43,28.46,50,2026-09-09T23:09:00Z,N20,Industrial Fire
firms-2026-09-09-2324-44386,-17.28988,28.44712,309.46,0.55,50,2026-09-09T23:24:00Z,N20,Routine Flare
firms-2026-09-09-2309-44387,35.41963,44.21972,301.53,0.37,50,2026-09-09T23:09:00Z,N20,Routine Flare
firms-2026-09-09-2324-44388,-17.23213,28.06686,307.1,0.86,50,2026-09-09T23:24:00Z,N20,Routine Flare
firms-2026-09-09-2309-44389,35.41696,44.19498,308.36,1.33,50,2026-09-09T23:09:00Z,N20,Routine Flare
firms-2026-09-09-2324-44390,-17.29319,28.44656,312.94,1.09,50,2026-09-09T23:24:00Z,N20,Routine Flare
firms-2026-09-09-2309-44391,35.40856,44.22155,323.18,1.16,50,2026-09-09T23:09:00Z,N20,Routine Flare
firms-2026-09-09-2324-44392,-17.56687,30.05647,298.83,0.51,50,2026-09-09T23:24:00Z,N20,Routine Flare
firms-2026-09-09-2309-44393,35.38809,44.21603,316.49,1.99,50,2026-09-09T23:09:00Z,N20,Routine Flare
firms-2026-09-09-2324-44394,-17.61657,30.22559,310.78,1.12,50,2026-09-09T23:24:00Z,N20,Routine Flare
firms-2026-09-09-2309-44395,35.38468,44.21511,328.38,2.83,50,2026-09-09T23:09:00Z,N20,Routine Flare
firms-2026-09-09-2324-44396,-17.73278,30.91181,304.31,1.15,50,2026-09-09T23:24:00Z,N20,Routine Flare
firms-2026-09-09-2309-44397,35.38384,44.21969,303.29,2.04,50,2026-09-09T23:09:00Z,N20,Routine Flare
firms-2026-09-09-2324-44398,-17.95907,32.35347,295.8,0.43,50,2026-09-09T23:24:00Z,N20,Routine Flare
firms-2026-09-09-2309-44399,35.32699,44.32233,319.52,2.01,50,2026-09-09T23:09:00Z,N20,Routine Flare
firms-2026-09-09-2324-44400,-17.95745,32.35566,296.78,0.46,50,2026-09-09T23:24:00Z,N20,Routine Flare
firms-2026-09-09-2309-44401,35.24575,44.43165,341.62,17.29,50,2026-09-09T23:09:00Z,N20,Industrial Fire
firms-2026-09-09-2324-44402,-17.64641,30.0706,310.05,1.39,50,2026-09-09T23:24:00Z,N20,Routine Flare
firms-2026-09-09-2309-44403,35.24661,44.427,305.49,17.29,50,2026-09-09T23:09:00Z,N20,Industrial Fire
firms-2026-09-09-2324-44404,-17.81872,31.19924,304.53,1.21,50,2026-09-09T23:24:00Z,N20,Routine Flare
firms-2026-09-09-2309-44405,35.12498,44.56939,329.03,2.6,50,2026-09-09T23:09:00Z,N20,Routine Flare
firms-2026-09-09-2324-44406,-17.76789,30.30218,304.01,0.42,50,2026-09-09T23:24:00Z,N20,Routine Flare
firms-2026-09-09-2309-44407,35.32076,43.36514,300.3,0.82,50,2026-09-09T23:09:00Z,N20,Routine Flare
firms-2026-09-09-2324-44408,-17.22291,26.76031,312.57,1.2,50,2026-09-09T23:24:00Z,N20,Routine Flare
firms-2026-09-09-2309-44409,34.48658,47.62358,298,0.71,50,2026-09-09T23:09:00Z,N20,Routine Flare
firms-2026-09-09-2324-44410,-17.8899,30.96706,302.84,0.84,50,2026-09-09T23:24:00Z,N20,Routine Flare
firms-2026-09-09-2309-44411,33.99966,49.47464,301.23,2.42,50,2026-09-09T23:09:00Z,N20,Routine Flare
firms-2026-09-09-2324-44412,-17.98866,31.63611,310.98,1.57,50,2026-09-09T23:24:00Z,N20,Routine Flare
firms-2026-09-09-2309-44413,34.23508,48.12648,316.59,1.18,50,2026-09-09T23:09:00Z,N20,Routine Flare
firms-2026-09-09-2324-44414,-17.98926,31.64037,304.55,1.3,50,2026-09-09T23:24:00Z,N20,Routine Flare
firms-2026-09-09-2309-44415,34.35063,47.36267,316.73,1.58,50,2026-09-09T23:09:00Z,N20,Routine Flare
firms-2026-09-09-2324-44416,-17.93411,31.15012,328.16,6.1,50,2026-09-09T23:24:00Z,N20,Routine Flare
firms-2026-09-09-2309-44417,35.02086,43.49911,334.13,5.16,50,2026-09-09T23:09:00Z,N20,Routine Flare
firms-2026-09-09-2324-44418,-18.02562,31.61276,315.02,1.91,50,2026-09-09T23:24:00Z,N20,Routine Flare
firms-2026-09-09-2309-44419,35.00148,43.48948,309.81,1.34,50,2026-09-09T23:09:00Z,N20,Routine Flare
firms-2026-09-09-2324-44420,-17.6092,28.25517,321.14,2.2,50,2026-09-09T23:24:00Z,N20,Routine Flare
firms-2026-09-09-2309-44421,36.26353,33.72919,321.64,3.19,50,2026-09-09T23:09:00Z,N20,Routine Flare
firms-2026-09-09-2324-44422,-17.61251,28.2546,335.88,2.2,50,2026-09-09T23:24:00Z,N20,Routine Flare
firms-2026-09-09-2309-44423,33.1058,52.05795,300.78,0.62,50,2026-09-09T23:09:00Z,N20,Routine Flare
firms-2026-09-09-2324-44424,-16.81974,23.63375,302.89,0.75,50,2026-09-09T23:24:00Z,N20,Routine Flare
firms-2026-09-09-2309-44425,34.86392,44.01985,329.44,7.09,50,2026-09-09T23:09:00Z,N20,Routine Flare
firms-2026-09-09-2324-44426,-16.82041,23.63738,305.3,0.75,50,2026-09-09T23:24:00Z,N20,Routine Flare
firms-2026-09-09-2309-44427,34.86309,44.02438,320.64,7.24,50,2026-09-09T23:09:00Z,N20,Routine Flare
firms-2026-09-09-2324-44428,-16.82108,23.641,310.93,1.07,50,2026-09-09T23:24:00Z,N20,Routine Flare
firms-2026-09-09-2309-44429,34.89898,43.80695,320.28,1.77,50,2026-09-09T23:09:00Z,N20,Routine Flare
firms-2026-09-09-2324-44430,-16.08565,19.70875,296.73,0.4,50,2026-09-09T23:24:00Z,N20,Routine Flare
firms-2026-09-09-2309-44431,34.89979,43.80246,306.45,0.75,50,2026-09-09T23:09:00Z,N20,Routine Flare
firms-2026-09-09-2309-44432,34.89639,43.80158,329.83,11.77,50,2026-09-09T23:09:00Z,N20,Routine Flare
firms-2026-09-09-2324-44433,-17.47458,27.09069,304.45,4.09,50,2026-09-09T23:24:00Z,N20,Routine Flare
firms-2026-09-09-2309-44434,34.89558,43.80607,330.69,26.39,50,2026-09-09T23:09:00Z,N20,Industrial Fire
firms-2026-09-09-2324-44435,-17.47519,27.09444,314.36,4.09,50,2026-09-09T23:24:00Z,N20,Routine Flare
firms-2026-09-09-2309-44436,34.89219,43.80518,306.58,26.39,50,2026-09-09T23:09:00Z,N20,Industrial Fire
firms-2026-09-09-2324-44437,-17.47581,27.09816,306.29,1.12,50,2026-09-09T23:24:00Z,N20,Routine Flare
firms-2026-09-09-2309-44438,34.52179,45.7164,305.92,0.84,50,2026-09-09T23:09:00Z,N20,Routine Flare
firms-2026-09-09-2324-44439,-17.47857,27.09379,342.65,4.09,50,2026-09-09T23:24:00Z,N20,Routine Flare
firms-2026-09-09-2309-44440,34.52369,45.71527,307.82,0.78,50,2026-09-09T23:09:00Z,N20,Routine Flare
firms-2026-09-09-2324-44441,-18.12388,30.98972,306.31,0.96,50,2026-09-09T23:24:00Z,N20,Routine Flare
firms-2026-09-09-2309-44442,34.90929,43.4308,303.67,1,50,2026-09-09T23:09:00Z,N20,Routine Flare
firms-2026-09-09-2324-44443,-18.1326,30.976,308.16,0.88,50,2026-09-09T23:24:00Z,N20,Routine Flare
firms-2026-09-09-2309-44444,35.34611,40.31695,310.93,0.64,50,2026-09-09T23:09:00Z,N20,Routine Flare
firms-2026-09-09-2324-44445,-17.16049,24.9372,296.34,0.39,50,2026-09-09T23:24:00Z,N20,Routine Flare
firms-2026-09-09-2309-44446,32.33457,54.08416,300.09,0.92,50,2026-09-09T23:09:00Z,N20,Routine Flare
firms-2026-09-09-2324-44447,-18.0524,30.38042,299.78,0.68,50,2026-09-09T23:24:00Z,N20,Routine Flare
firms-2026-09-09-2309-44448,34.12646,46.57426,312.53,1.18,50,2026-09-09T23:09:00Z,N20,Routine Flare
firms-2026-09-09-2324-44449,-18.01482,30.10512,297.56,0.36,50,2026-09-09T23:24:00Z,N20,Routine Flare
firms-2026-09-09-2309-44450,34.12849,46.57985,305.72,1.84,50,2026-09-09T23:09:00Z,N20,Routine Flare
firms-2026-09-09-2324-44451,-15.57976,16.80199,296.7,1.05,50,2026-09-09T23:24:00Z,N20,Routine Flare
firms-2026-09-09-2309-44452,32.39648,53.75622,304.16,2.24,50,2026-09-09T23:09:00Z,N20,Routine Flare
firms-2026-09-09-2324-44453,-18.15165,30.88669,303.84,0.67,50,2026-09-09T23:24:00Z,N20,Routine Flare
firms-2026-09-09-2309-44454,32.77919,51.50586,308.53,1.92,50,2026-09-09T23:09:00Z,N20,Routine Flare
firms-2026-09-09-2324-44455,-18.15513,30.88614,321.29,2.1,50,2026-09-09T23:24:00Z,N20,Routine Flare
firms-2026-09-09-2309-44456,34.91176,40.82573,308.66,0.64,50,2026-09-09T23:09:00Z,N20,Routine Flare
firms-2026-09-09-2324-44457,-18.13218,30.44717,298.8,0.55,50,2026-09-09T23:24:00Z,N20,Routine Flare
firms-2026-09-09-2309-44458,33.37415,48.4012,302.75,1.11,50,2026-09-09T23:09:00Z,N20,Routine Flare
firms-2026-09-09-2324-44459,-18.27971,31.24603,310.09,0.96,50,2026-09-09T23:24:00Z,N20,Routine Flare
firms-2026-09-09-2309-44460,32.57714,51.57946,304.94,1.1,50,2026-09-09T23:09:00Z,N20,Routine Flare
firms-2026-09-09-2324-44461,-16.83339,22.56444,314.95,1.24,50,2026-09-09T23:24:00Z,N20,Routine Flare
firms-2026-09-09-2309-44462,31.85198,54.28646,303.01,1.03,50,2026-09-09T23:09:00Z,N20,Routine Flare
firms-2026-09-09-2324-44463,-18.16499,30.1977,333.32,3.41,50,2026-09-09T23:24:00Z,N20,Routine Flare
firms-2026-09-09-2309-44464,32.51387,51.56787,302.88,1.08,50,2026-09-09T23:09:00Z,N20,Routine Flare
firms-2026-09-09-2324-44465,-17.28144,24.6564,303.48,0.61,50,2026-09-09T23:24:00Z,N20,Routine Flare
firms-2026-09-09-2309-44466,33.69839,46.22737,323.23,2.72,50,2026-09-09T23:09:00Z,N20,Routine Flare
firms-2026-09-09-2324-44467,-17.28242,24.65964,304.5,0.81,50,2026-09-09T23:24:00Z,N20,Routine Flare
firms-2026-09-09-2309-44468,31.62429,54.72528,305.9,1.56,50,2026-09-09T23:09:00Z,N20,Routine Flare
firms-2026-09-09-2324-44469,-18.30685,30.85642,306.1,0.95,50,2026-09-09T23:24:00Z,N20,Routine Flare
firms-2026-09-09-2309-44470,31.62252,54.72244,305.61,1.91,50,2026-09-09T23:09:00Z,N20,Routine Flare
firms-2026-09-09-2324-44471,-18.31091,30.85988,307.42,1.39,50,2026-09-09T23:24:00Z,N20,Routine Flare
firms-2026-09-09-2309-44472,32.4103,51.51486,304.87,1.09,50,2026-09-09T23:09:00Z,N20,Routine Flare
firms-2026-09-09-2324-44473,-18.31381,30.85533,303.43,1.23,50,2026-09-09T23:24:00Z,N20,Routine Flare
firms-2026-09-09-2309-44474,32.40935,51.51867,305.97,1.28,50,2026-09-09T23:09:00Z,N20,Routine Flare
firms-2026-09-09-2324-44475,-16.96213,22.78478,315.61,1.24,50,2026-09-09T23:24:00Z,N20,Routine Flare
firms-2026-09-09-2309-44476,33.2533,47.73888,325.07,2.13,50,2026-09-09T23:09:00Z,N20,Routine Flare
firms-2026-09-09-2324-44477,-18.34112,30.9955,295.05,0.4,50,2026-09-09T23:24:00Z,N20,Routine Flare
firms-2026-09-09-2309-44478,33.25435,47.73407,312.33,1.83,50,2026-09-09T23:09:00Z,N20,Routine Flare
firms-2026-09-09-2324-44479,-17.2024,24.02659,297.47,0.53,50,2026-09-09T23:24:00Z,N20,Routine Flare
firms-2026-09-09-2309-44480,32.41278,51.32706,311.46,0.89,50,2026-09-09T23:09:00Z,N20,Routine Flare
firms-2026-09-09-2324-44481,-18.28093,30.4605,297.88,0.48,50,2026-09-09T23:24:00Z,N20,Routine Flare
firms-2026-09-09-2309-44482,32.41091,51.33455,317.67,1.74,50,2026-09-09T23:09:00Z,N20,Routine Flare
firms-2026-09-09-2324-44483,-18.28436,30.45995,308.43,0.48,50,2026-09-09T23:24:00Z,N20,Routine Flare
firms-2026-09-09-2309-44484,32.40767,51.32536,299.27,0.89,50,2026-09-09T23:09:00Z,N20,Routine Flare
firms-2026-09-09-2324-44485,-16.38405,19.60059,296.11,0.26,50,2026-09-09T23:24:00Z,N20,Routine Flare
firms-2026-09-09-2309-44486,32.4058,51.33282,305.31,1.74,50,2026-09-09T23:09:00Z,N20,Routine Flare
firms-2026-09-09-2309-44487,34.91623,37.9439,310.91,1.24,50,2026-09-09T23:09:00Z,N20,Routine Flare
firms-2026-09-09-2326-44488,-17.83728,27.39657,339.22,2.35,50,2026-09-09T23:26:00Z,N20,Routine Flare
firms-2026-09-09-2309-44489,34.91631,37.94698,311.63,0.69,50,2026-09-09T23:09:00Z,N20,Routine Flare
firms-2026-09-09-2326-44490,-17.83667,27.39284,301.64,1.27,50,2026-09-09T23:26:00Z,N20,Routine Flare
firms-2026-09-09-2309-44491,32.4047,51.22407,303.35,0.81,50,2026-09-09T23:09:00Z,N20,Routine Flare
firms-2026-09-09-2326-44492,-17.83789,27.4003,318.87,2.35,50,2026-09-09T23:26:00Z,N20,Routine Flare
firms-2026-09-09-2309-44493,32.25782,51.52399,301.16,1.11,50,2026-09-09T23:09:00Z,N20,Routine Flare
firms-2026-09-09-2326-44494,-17.84063,27.39596,325.11,2.35,50,2026-09-09T23:26:00Z,N20,Routine Flare
firms-2026-09-09-2309-44495,32.25686,51.52778,306.65,1.11,50,2026-09-09T23:09:00Z,N20,Routine Flare
firms-2026-09-09-2326-44496,-17.84002,27.39222,309.93,1.27,50,2026-09-09T23:26:00Z,N20,Routine Flare
firms-2026-09-09-2309-44497,32.17098,51.84332,301.78,0.44,50,2026-09-09T23:09:00Z,N20,Routine Flare
firms-2026-09-09-2326-44498,-18.28619,30.1676,299.02,0.67,50,2026-09-09T23:26:00Z,N20,Routine Flare
firms-2026-09-09-2309-44499,32.24364,51.42717,355.35,5.24,50,2026-09-09T23:09:00Z,N20,Routine Flare
firms-2026-09-09-2326-44500,-17.83882,27.30057,302.52,0.81,50,2026-09-09T23:26:00Z,N20,Routine Flare
firms-2026-09-09-2309-44501,32.24269,51.431,332.01,5.24,50,2026-09-09T23:09:00Z,N20,Routine Flare
firms-2026-09-09-2326-44502,-18.24027,29.73887,302.03,0.35,50,2026-09-09T23:26:00Z,N20,Routine Flare
firms-2026-09-09-2309-44503,32.24834,51.40811,299.94,1.36,50,2026-09-09T23:09:00Z,N20,Routine Flare
firms-2026-09-09-2326-44504,-18.38061,30.66601,299.94,0.9,50,2026-09-09T23:26:00Z,N20,Routine Flare
firms-2026-09-09-2309-44505,32.2474,51.41192,307.19,2.26,50,2026-09-09T23:09:00Z,N20,Routine Flare
firms-2026-09-09-2326-44506,-18.38118,30.66996,319.41,2.03,50,2026-09-09T23:26:00Z,N20,Routine Flare
firms-2026-09-09-2309-44507,32.24552,51.41953,300.13,1.77,50,2026-09-09T23:09:00Z,N20,Routine Flare
firms-2026-09-09-2326-44508,-16.4875,19.86427,304.29,0.77,50,2026-09-09T23:26:00Z,N20,Routine Flare
firms-2026-09-09-2309-44509,32.24041,51.41765,312.17,1.77,50,2026-09-09T23:09:00Z,N20,Routine Flare
firms-2026-09-09-2326-44510,-16.48815,19.86744,298.02,0.71,50,2026-09-09T23:26:00Z,N20,Routine Flare
firms-2026-09-09-2309-44511,32.23946,51.42147,304.18,1.77,50,2026-09-09T23:09:00Z,N20,Routine Flare
firms-2026-09-09-2326-44512,-17.71931,26.26878,300.74,0.56,50,2026-09-09T23:26:00Z,N20,Routine Flare
firms-2026-09-09-2309-44513,32.23852,51.42528,302.74,5.24,50,2026-09-09T23:09:00Z,N20,Routine Flare
firms-2026-09-09-2326-44514,-18.42427,29.94375,299.76,0.46,50,2026-09-09T23:26:00Z,N20,Routine Flare
firms-2026-09-09-2309-44515,34.2704,41.13789,304.92,0.84,50,2026-09-09T23:09:00Z,N20,Routine Flare
firms-2026-09-09-2326-44516,-18.42415,29.85106,300.19,0.55,50,2026-09-09T23:26:00Z,N20,Routine Flare
firms-2026-09-09-2309-44517,34.25863,41.2122,309.74,1.13,50,2026-09-09T23:09:00Z,N20,Routine Flare
firms-2026-09-09-2326-44518,-17.42932,23.697,306.43,1.53,50,2026-09-09T23:26:00Z,N20,Routine Flare
firms-2026-09-09-2309-44519,32.20016,51.17857,299.43,0.5,50,2026-09-09T23:09:00Z,N20,Routine Flare
firms-2026-09-09-2326-44520,-17.43156,23.69435,305.79,2.18,50,2026-09-09T23:26:00Z,N20,Routine Flare
firms-2026-09-09-2309-44521,32.19944,51.17895,298.7,0.8,50,2026-09-09T23:09:00Z,N20,Routine Flare
firms-2026-09-09-2326-44522,-16.81388,20.19102,303.22,0.7,50,2026-09-09T23:26:00Z,N20,Routine Flare
firms-2026-09-09-2309-44523,32.15982,51.20553,296.02,0.64,50,2026-09-09T23:09:00Z,N20,Routine Flare
firms-2026-09-09-2326-44524,-16.81448,20.194,303.76,0.7,50,2026-09-09T23:26:00Z,N20,Routine Flare
firms-2026-09-09-2309-44525,34.60851,37.90034,300.63,0.7,50,2026-09-09T23:09:00Z,N20,Routine Flare
firms-2026-09-09-2326-44526,-16.81508,20.19698,307.37,0.89,50,2026-09-09T23:26:00Z,N20,Routine Flare
firms-2026-09-09-2309-44527,31.89548,51.6829,298.73,0.74,50,2026-09-09T23:09:00Z,N20,Routine Flare
firms-2026-09-09-2326-44528,-16.81568,20.19995,305.57,0.89,50,2026-09-09T23:26:00Z,N20,Routine Flare
firms-2026-09-09-2309-44529,33.03106,46.13656,312.49,1.33,50,2026-09-09T23:09:00Z,N20,Routine Flare
firms-2026-09-09-2326-44530,-16.75172,19.40648,299.28,1.57,50,2026-09-09T23:26:00Z,N20,Routine Flare
firms-2026-09-09-2309-44531,33.32546,44.56999,341.54,5.64,50,2026-09-09T23:09:00Z,N20,Routine Flare
firms-2026-09-09-2326-44532,-16.75241,19.40985,304.82,1.11,50,2026-09-09T23:26:00Z,N20,Routine Flare
firms-2026-09-09-2309-44533,33.01811,46.12089,309.88,0.83,50,2026-09-09T23:09:00Z,N20,Routine Flare
firms-2026-09-09-2326-44534,-16.78834,19.39805,309.4,0.71,50,2026-09-09T23:26:00Z,N20,Routine Flare
firms-2026-09-09-2309-44535,32.99248,46.18633,333.36,9.05,50,2026-09-09T23:09:00Z,N20,Routine Flare
firms-2026-09-09-2326-44536,-18.8407,30.68191,325.69,2.01,50,2026-09-09T23:26:00Z,N20,Routine Flare
firms-2026-09-09-2309-44537,33.01609,46.1246,311.71,1.24,50,2026-09-09T23:09:00Z,N20,Routine Flare
firms-2026-09-09-2326-44538,-17.11271,20.64565,299.82,0.92,50,2026-09-09T23:26:00Z,N20,Routine Flare
firms-2026-09-09-2309-44539,32.99582,46.18559,316.06,3.45,50,2026-09-09T23:09:00Z,N20,Routine Flare
firms-2026-09-09-2326-44540,-17.12822,20.64798,299.41,0.9,50,2026-09-09T23:26:00Z,N20,Routine Flare
firms-2026-09-09-2309-44541,32.99198,46.18453,331.8,8.46,50,2026-09-09T23:09:00Z,N20,Routine Flare
firms-2026-09-09-2326-44542,-17.83628,24.34151,296.55,0.79,50,2026-09-09T23:26:00Z,N20,Routine Flare
firms-2026-09-09-2309-44543,30.7353,55.38451,301.73,0.68,50,2026-09-09T23:09:00Z,N20,Routine Flare
firms-2026-09-09-2326-44544,-17.83919,24.33594,299.9,0.47,50,2026-09-09T23:26:00Z,N20,Routine Flare
firms-2026-09-09-2309-44545,33.21919,44.76575,337.4,6.93,50,2026-09-09T23:09:00Z,N20,Routine Flare
firms-2026-09-09-2326-44546,-17.85689,24.3474,310.2,2.19,50,2026-09-09T23:26:00Z,N20,Routine Flare
firms-2026-09-09-2309-44547,32.61863,47.52584,309.09,1.26,50,2026-09-09T23:09:00Z,N20,Routine Flare
firms-2026-09-09-2326-44548,-18.90163,30.50232,298.31,1.01,50,2026-09-09T23:26:00Z,N20,Routine Flare
firms-2026-09-09-2309-44549,33.59034,42.50651,316.57,1.8,50,2026-09-09T23:09:00Z,N20,Routine Flare
firms-2026-09-09-2326-44550,-16.92588,19.17081,301.65,0.79,50,2026-09-09T23:26:00Z,N20,Routine Flare
firms-2026-09-09-2309-44551,33.15864,44.78394,328.3,2.16,50,2026-09-09T23:09:00Z,N20,Routine Flare
firms-2026-09-09-2326-44552,-16.9266,19.17427,307.87,0.79,50,2026-09-09T23:26:00Z,N20,Routine Flare
firms-2026-09-09-2309-44553,33.1577,44.78891,307.76,2.16,50,2026-09-09T23:09:00Z,N20,Routine Flare
firms-2026-09-09-2326-44554,-16.93046,19.16615,313.88,2.46,50,2026-09-09T23:26:00Z,N20,Routine Flare
firms-2026-09-09-2309-44555,32.59658,47.54566,338.31,4.13,50,2026-09-09T23:09:00Z,N20,Routine Flare
firms-2026-09-09-2326-44556,-16.93118,19.16962,306.03,0.79,50,2026-09-09T23:26:00Z,N20,Routine Flare
firms-2026-09-09-2309-44557,32.59756,47.54109,306.44,4.13,50,2026-09-09T23:09:00Z,N20,Routine Flare
firms-2026-09-09-2326-44558,-16.9319,19.17308,303.96,0.79,50,2026-09-09T23:26:00Z,N20,Routine Flare
firms-2026-09-09-2309-44559,30.37278,56.12803,297.11,0.91,50,2026-09-09T23:09:00Z,N20,Routine Flare
firms-2026-09-09-2326-44560,-16.93834,19.20417,297.85,0.52,50,2026-09-09T23:26:00Z,N20,Routine Flare
firms-2026-09-09-2309-44561,33.04348,44.85259,321.7,2.16,50,2026-09-09T23:09:00Z,N20,Routine Flare
firms-2026-09-09-2326-44562,-16.93905,19.20757,296.94,0.52,50,2026-09-09T23:26:00Z,N20,Routine Flare
firms-2026-09-09-2309-44563,33.04274,44.85525,328.42,2.95,50,2026-09-09T23:09:00Z,N20,Routine Flare
firms-2026-09-09-2326-44564,-18.36084,26.6565,304.05,0.35,50,2026-09-09T23:26:00Z,N20,Routine Flare
firms-2026-09-09-2309-44565,32.55394,47.10144,314.65,2.64,50,2026-09-09T23:09:00Z,N20,Routine Flare
firms-2026-09-09-2326-44566,-18.36148,26.66033,309.65,0.97,50,2026-09-09T23:26:00Z,N20,Routine Flare
firms-2026-09-09-2309-44567,32.49231,47.20875,339.3,9.21,50,2026-09-09T23:09:00Z,N20,Routine Flare
firms-2026-09-09-2326-44568,-18.36213,26.66418,310.14,0.97,50,2026-09-09T23:26:00Z,N20,Routine Flare
firms-2026-09-09-2309-44569,32.49138,47.21309,335.24,9.21,50,2026-09-09T23:09:00Z,N20,Routine Flare
firms-2026-09-09-2326-44570,-18.34998,26.42319,340.87,2.58,50,2026-09-09T23:26:00Z,N20,Routine Flare
firms-2026-09-09-2309-44571,32.35958,47.69901,343.34,8.69,50,2026-09-09T23:09:00Z,N20,Routine Flare
firms-2026-09-09-2326-44572,-18.35341,26.42258,299.77,2.58,50,2026-09-09T23:26:00Z,N20,Routine Flare
firms-2026-09-09-2309-44573,32.35754,47.70831,327.15,8.2,50,2026-09-09T23:09:00Z,N20,Routine Flare
firms-2026-09-09-2326-44574,-18.36521,26.45311,311.6,1.61,50,2026-09-09T23:26:00Z,N20,Routine Flare
firms-2026-09-09-2309-44575,32.35332,47.70714,341.8,8.2,50,2026-09-09T23:09:00Z,N20,Routine Flare
firms-2026-09-09-2326-44576,-18.37205,26.45186,327.68,3.21,50,2026-09-09T23:26:00Z,N20,Routine Flare
firms-2026-09-09-2309-44577,32.35229,47.71182,314.29,8.2,50,2026-09-09T23:09:00Z,N20,Routine Flare
firms-2026-09-09-2326-44578,-18.9773,30.20561,301.32,0.41,50,2026-09-09T23:26:00Z,N20,Routine Flare
firms-2026-09-09-2309-44579,32.35695,47.69729,324.01,4.79,50,2026-09-09T23:09:00Z,N20,Routine Flare
firms-2026-09-09-2326-44580,-18.40979,26.52912,306.24,0.8,50,2026-09-09T23:26:00Z,N20,Routine Flare
firms-2026-09-09-2309-44581,32.35496,47.7066,334.78,6.55,50,2026-09-09T23:09:00Z,N20,Routine Flare
firms-2026-09-09-2326-44582,-18.41073,26.49299,305.17,0.71,50,2026-09-09T23:26:00Z,N20,Routine Flare
firms-2026-09-09-2309-44583,32.35396,47.71128,336,6.62,50,2026-09-09T23:09:00Z,N20,Routine Flare
firms-2026-09-09-2326-44584,-18.41724,26.53156,312.93,1.21,50,2026-09-09T23:26:00Z,N20,Routine Flare
firms-2026-09-09-2309-44585,32.35074,47.70542,338.18,6.55,50,2026-09-09T23:09:00Z,N20,Routine Flare
firms-2026-09-09-2326-44586,-18.41919,26.54312,303.06,1.19,50,2026-09-09T23:26:00Z,N20,Routine Flare
firms-2026-09-09-2309-44587,32.34974,47.7101,315.96,6.62,50,2026-09-09T23:09:00Z,N20,Routine Flare
firms-2026-09-09-2326-44588,-18.41985,26.54702,304.6,0.81,50,2026-09-09T23:26:00Z,N20,Routine Flare
firms-2026-09-09-2309-44589,32.37006,47.40756,337.98,3.72,50,2026-09-09T23:09:00Z,N20,Routine Flare
firms-2026-09-09-2326-44590,-18.4226,26.5425,300.99,0.47,50,2026-09-09T23:26:00Z,N20,Routine Flare
firms-2026-09-09-2309-44591,32.35016,47.45932,305.9,0.84,50,2026-09-09T23:09:00Z,N20,Routine Flare
firms-2026-09-09-2326-44592,-18.42618,26.52199,312.26,0.91,50,2026-09-09T23:26:00Z,N20,Routine Flare
firms-2026-09-09-2309-44593,32.25855,47.2485,339.37,10.08,50,2026-09-09T23:09:00Z,N20,Routine Flare
firms-2026-09-09-2326-44594,-18.42045,26.46708,307.84,0.76,50,2026-09-09T23:26:00Z,N20,Routine Flare
firms-2026-09-09-2309-44595,32.2576,47.25296,329.75,10.08,50,2026-09-09T23:09:00Z,N20,Routine Flare
firms-2026-09-09-2326-44596,-18.42957,26.5213,302.84,0.91,50,2026-09-09T23:26:00Z,N20,Routine Flare
firms-2026-09-09-2309-44597,32.17815,47.51793,339.53,16.39,50,2026-09-09T23:09:00Z,N20,Industrial Fire
firms-2026-09-09-2326-44598,-18.43022,26.52512,307.5,0.91,50,2026-09-09T23:26:00Z,N20,Routine Flare
firms-2026-09-09-2309-44599,32.17715,47.52251,320.09,10.45,50,2026-09-09T23:09:00Z,N20,Routine Flare
firms-2026-09-09-2326-44600,-18.43298,26.52065,316.48,1.66,50,2026-09-09T23:26:00Z,N20,Routine Flare
firms-2026-09-09-2309-44601,32.15036,47.58371,322.62,2.01,50,2026-09-09T23:09:00Z,N20,Routine Flare
firms-2026-09-09-2326-44602,-18.43851,26.51167,306.74,1.75,50,2026-09-09T23:26:00Z,N20,Routine Flare
firms-2026-09-09-2309-44603,32.15099,47.58648,321.11,1.94,50,2026-09-09T23:09:00Z,N20,Routine Flare
firms-2026-09-09-2326-44604,-19.08491,30.60376,329.65,3.35,50,2026-09-09T23:26:00Z,N20,Routine Flare
firms-2026-09-09-2309-44605,31.76659,49.15566,316.61,2.99,50,2026-09-09T23:09:00Z,N20,Routine Flare
firms-2026-09-09-2326-44606,-18.43738,26.48398,309.94,2.12,50,2026-09-09T23:26:00Z,N20,Routine Flare
firms-2026-09-09-2309-44607,31.76197,49.15424,330.04,2.99,50,2026-09-09T23:09:00Z,N20,Routine Flare
firms-2026-09-09-2326-44608,-18.44063,26.50336,299.11,0.63,50,2026-09-09T23:26:00Z,N20,Routine Flare
firms-2026-09-09-2309-44609,32.1099,47.54949,345.6,7.71,50,2026-09-09T23:09:00Z,N20,Routine Flare
firms-2026-09-09-2326-44610,-18.44192,26.51104,318.37,1.75,50,2026-09-09T23:26:00Z,N20,Routine Flare
firms-2026-09-09-2309-44611,32.10569,47.54833,345.89,10.22,50,2026-09-09T23:09:00Z,N20,Routine Flare
firms-2026-09-09-2326-44612,-18.44385,26.52257,312.31,1.7,50,2026-09-09T23:26:00Z,N20,Routine Flare
firms-2026-09-09-2309-44613,32.13122,47.40941,348.21,6.72,50,2026-09-09T23:09:00Z,N20,Routine Flare
firms-2026-09-09-2326-44614,-19.08433,30.59976,299.55,0.83,50,2026-09-09T23:26:00Z,N20,Routine Flare
firms-2026-09-09-2309-44615,29.993,55.85573,303.08,1.61,50,2026-09-09T23:09:00Z,N20,Routine Flare
firms-2026-09-09-2326-44616,-18.44339,26.49887,302.66,0.71,50,2026-09-09T23:26:00Z,N20,Routine Flare
firms-2026-09-09-2309-44617,32.48883,45.66748,329.81,3.21,50,2026-09-09T23:09:00Z,N20,Routine Flare
firms-2026-09-09-2326-44618,-18.44404,26.50272,300.95,0.5,50,2026-09-09T23:26:00Z,N20,Routine Flare
firms-2026-09-09-2326-44619,-19.08838,30.6032,297.31,0.87,50,2026-09-09T23:26:00Z,N20,Routine Flare
firms-2026-09-09-2309-44620,32.48993,45.66196,309.66,3.21,50,2026-09-09T23:09:00Z,N20,Routine Flare
firms-2026-09-09-2326-44621,-18.67622,27.58346,324.42,1.73,50,2026-09-09T23:26:00Z,N20,Routine Flare
firms-2026-09-09-2309-44622,32.12192,47.41153,312.57,2.25,50,2026-09-09T23:09:00Z,N20,Routine Flare
firms-2026-09-09-2326-44623,-18.67562,27.57978,296.29,0.85,50,2026-09-09T23:26:00Z,N20,Routine Flare
firms-2026-09-09-2309-44624,32.11875,47.40575,322.76,6.38,50,2026-09-09T23:09:00Z,N20,Routine Flare
firms-2026-09-09-2326-44625,-17.00475,18.40003,300.53,0.61,50,2026-09-09T23:26:00Z,N20,Routine Flare
firms-2026-09-09-2309-44626,32.11776,47.41031,333.37,27.45,50,2026-09-09T23:09:00Z,N20,Industrial Fire
firms-2026-09-09-2326-44627,-18.04324,23.50105,300.85,0.83,50,2026-09-09T23:26:00Z,N20,Routine Flare
firms-2026-09-09-2309-44628,32.11678,47.41487,316.77,27.45,50,2026-09-09T23:09:00Z,N20,Industrial Fire
firms-2026-09-09-2326-44629,-18.70184,27.16037,296.73,0.72,50,2026-09-09T23:26:00Z,N20,Routine Flare
firms-2026-09-09-2309-44630,32.1136,47.40911,309.36,27.45,50,2026-09-09T23:09:00Z,N20,Industrial Fire
firms-2026-09-09-2326-44631,-18.83499,27.53245,307.31,0.87,50,2026-09-09T23:26:00Z,N20,Routine Flare
firms-2026-09-09-2309-44632,32.09618,47.42822,331.65,3.17,50,2026-09-09T23:09:00Z,N20,Routine Flare
firms-2026-09-09-2326-44633,-18.86493,27.6328,305.15,0.49,50,2026-09-09T23:26:00Z,N20,Routine Flare
firms-2026-09-09-2309-44634,32.05779,47.44297,351.27,17.15,50,2026-09-09T23:09:00Z,N20,Industrial Fire
firms-2026-09-09-2326-44635,-18.58635,25.65238,306.32,0.96,50,2026-09-09T23:26:00Z,N20,Routine Flare
firms-2026-09-09-2326-44636,-18.58706,25.6565,306.55,0.95,50,2026-09-09T23:26:00Z,N20,Routine Flare
firms-2026-09-09-2309-44637,31.65044,49.26597,326.03,3.82,50,2026-09-09T23:09:00Z,N20,Routine Flare
firms-2026-09-09-2326-44638,-19.43933,30.61218,297.08,0.68,50,2026-09-09T23:26:00Z,N20,Routine Flare
firms-2026-09-09-2309-44639,30.08055,55.39589,299.26,2.92,50,2026-09-09T23:09:00Z,N20,Routine Flare
firms-2026-09-09-2326-44640,-19.38693,29.80968,297.84,1.01,50,2026-09-09T23:26:00Z,N20,Routine Flare
firms-2026-09-09-2309-44641,32.42891,44.27759,310.1,1.89,50,2026-09-09T23:09:00Z,N20,Routine Flare
firms-2026-09-09-2326-44642,-17.60772,19.54424,299.92,0.89,50,2026-09-09T23:26:00Z,N20,Routine Flare
firms-2026-09-09-2309-44643,31.32485,49.28342,329.69,3.46,50,2026-09-09T23:09:00Z,N20,Routine Flare
firms-2026-09-09-2326-44644,-19.74308,29.24904,321.19,2.13,50,2026-09-09T23:26:00Z,N20,Routine Flare
firms-2026-09-09-2309-44645,31.32015,49.28201,331.38,3.46,50,2026-09-09T23:09:00Z,N20,Routine Flare
firms-2026-09-09-2326-44646,-19.74364,29.25278,347.29,3.95,50,2026-09-09T23:26:00Z,N20,Routine Flare
firms-2026-09-09-2309-44647,31.32517,49.28255,321.35,2.96,50,2026-09-09T23:09:00Z,N20,Routine Flare
firms-2026-09-09-2326-44648,-19.74421,29.25652,305.58,3.95,50,2026-09-09T23:26:00Z,N20,Routine Flare
firms-2026-09-09-2309-44649,31.32047,49.28113,325.34,2.96,50,2026-09-09T23:09:00Z,N20,Routine Flare
firms-2026-09-09-2326-44650,-17.48195,16.3087,309.26,3.26,50,2026-09-09T23:26:00Z,N20,Routine Flare
firms-2026-09-09-2309-44651,31.66083,47.52147,323.47,4.5,50,2026-09-09T23:09:00Z,N20,Routine Flare
firms-2026-09-09-2326-44652,-18.86088,21.74784,303.1,0.69,50,2026-09-09T23:26:00Z,N20,Routine Flare
firms-2026-09-09-2309-44653,31.41029,48.64967,309.3,1.67,50,2026-09-09T23:09:00Z,N20,Routine Flare
firms-2026-09-09-2326-44654,-18.67272,20.69768,297.82,0.99,50,2026-09-09T23:26:00Z,N20,Routine Flare
firms-2026-09-09-2309-44655,31.65763,47.51551,344.52,14.96,50,2026-09-09T23:09:00Z,N20,Routine Flare
firms-2026-09-09-2326-44656,-18.70927,20.45932,298.15,1.82,50,2026-09-09T23:26:00Z,N20,Routine Flare
firms-2026-09-09-2309-44657,31.65865,47.51083,311,14.96,50,2026-09-09T23:09:00Z,N20,Routine Flare
firms-2026-09-09-2326-44658,-18.55197,19.46116,295.81,0.66,50,2026-09-09T23:26:00Z,N20,Routine Flare
firms-2026-09-09-2309-44659,31.40577,48.64828,317.64,1.67,50,2026-09-09T23:09:00Z,N20,Routine Flare
firms-2026-09-09-2326-44660,-18.54227,19.38795,337.56,1.9,50,2026-09-09T23:26:00Z,N20,Routine Flare
firms-2026-09-09-2309-44661,31.40452,48.65376,310.59,0.65,50,2026-09-09T23:09:00Z,N20,Routine Flare
firms-2026-09-09-2326-44662,-18.54291,19.3911,299.92,1.9,50,2026-09-09T23:26:00Z,N20,Routine Flare
firms-2026-09-09-2309-44663,31.65342,47.51427,321.06,3.55,50,2026-09-09T23:09:00Z,N20,Routine Flare
firms-2026-09-09-2326-44664,-18.57531,19.49801,304.28,0.45,50,2026-09-09T23:26:00Z,N20,Routine Flare
firms-2026-09-09-2309-44665,31.69173,47.25563,326.09,1.96,50,2026-09-09T23:09:00Z,N20,Routine Flare
firms-2026-09-09-2326-44666,-18.57845,19.48755,298.34,0.65,50,2026-09-09T23:26:00Z,N20,Routine Flare
firms-2026-09-09-2309-44667,32.33232,44.08967,309.11,3.05,50,2026-09-09T23:09:00Z,N20,Routine Flare
firms-2026-09-09-2326-44668,-18.57908,19.49064,299.27,0.51,50,2026-09-09T23:26:00Z,N20,Routine Flare
firms-2026-09-09-2309-44669,31.24739,49.16377,311.25,1.64,50,2026-09-09T23:09:00Z,N20,Routine Flare
firms-2026-09-09-2326-44670,-18.57971,19.49374,306.69,0.51,50,2026-09-09T23:26:00Z,N20,Routine Flare
firms-2026-09-09-2309-44671,31.21024,49.21356,338.19,5.41,50,2026-09-09T23:09:00Z,N20,Routine Flare
firms-2026-09-09-2326-44672,-18.57784,19.49254,299.17,1.25,50,2026-09-09T23:26:00Z,N20,Routine Flare
firms-2026-09-09-2309-44673,31.31106,48.77064,319.66,2.95,50,2026-09-09T23:09:00Z,N20,Routine Flare
firms-2026-09-09-2326-44674,-18.57849,19.49563,309.65,1.64,50,2026-09-09T23:26:00Z,N20,Routine Flare
firms-2026-09-09-2309-44675,31.3065,48.76923,323.02,2.95,50,2026-09-09T23:09:00Z,N20,Routine Flare
firms-2026-09-09-2326-44676,-18.58221,19.48829,301.44,0.87,50,2026-09-09T23:26:00Z,N20,Routine Flare
firms-2026-09-09-2309-44677,32.22916,44.25093,311.86,1.43,50,2026-09-09T23:09:00Z,N20,Routine Flare
firms-2026-09-09-2326-44678,-19.52575,22.96427,317.82,2.07,50,2026-09-09T23:26:00Z,N20,Routine Flare
firms-2026-09-09-2309-44679,31.23655,48.99026,316.28,2.5,50,2026-09-09T23:09:00Z,N20,Routine Flare
firms-2026-09-09-2326-44680,-19.73998,23.42051,307.16,1.17,50,2026-09-09T23:26:00Z,N20,Routine Flare
firms-2026-09-09-2309-44681,31.27639,48.73019,335.29,8.3,50,2026-09-09T23:09:00Z,N20,Routine Flare
firms-2026-09-09-2326-44682,-19.74093,23.42563,304.68,2.06,50,2026-09-09T23:26:00Z,N20,Routine Flare
firms-2026-09-09-2309-44683,31.22731,48.94435,313.66,2.22,50,2026-09-09T23:09:00Z,N20,Routine Flare
firms-2026-09-09-2326-44684,-19.74479,23.42483,324.79,2.06,50,2026-09-09T23:26:00Z,N20,Routine Flare
firms-2026-09-09-2309-44685,31.14029,49.31984,306.25,0.77,50,2026-09-09T23:09:00Z,N20,Routine Flare
firms-2026-09-09-2326-44686,-19.74385,23.41971,305.22,1.17,50,2026-09-09T23:26:00Z,N20,Routine Flare
firms-2026-09-09-2309-44687,31.13557,49.31834,344.66,7.15,50,2026-09-09T23:09:00Z,N20,Routine Flare
firms-2026-09-09-2326-44688,-19.74771,23.4189,305.47,1.38,50,2026-09-09T23:26:00Z,N20,Routine Flare
firms-2026-09-09-2309-44689,31.13417,49.32437,338.28,5.39,50,2026-09-09T23:09:00Z,N20,Routine Flare
firms-2026-09-09-2326-44690,-19.74865,23.42402,314.01,1.38,50,2026-09-09T23:26:00Z,N20,Routine Flare
firms-2026-09-09-2309-44691,31.27057,48.73434,315.95,5.98,50,2026-09-09T23:09:00Z,N20,Routine Flare
firms-2026-09-09-2326-44692,-19.75251,23.42322,299.23,1.38,50,2026-09-09T23:26:00Z,N20,Routine Flare
firms-2026-09-09-2309-44693,31.13698,49.31233,312.51,7.15,50,2026-09-09T23:09:00Z,N20,Routine Flare
firms-2026-09-09-2326-44694,-19.77619,23.48709,303.07,1.5,50,2026-09-09T23:26:00Z,N20,Routine Flare
firms-2026-09-09-2309-44695,31.21545,48.95293,326,2.99,50,2026-09-09T23:09:00Z,N20,Routine Flare
firms-2026-09-09-2326-44696,-20.14991,25.56194,301.95,0.62,50,2026-09-09T23:26:00Z,N20,Routine Flare
firms-2026-09-09-2309-44697,31.12945,49.32286,341.13,5.39,50,2026-09-09T23:09:00Z,N20,Routine Flare
firms-2026-09-09-2326-44698,-20.15338,25.56126,308.43,0.62,50,2026-09-09T23:26:00Z,N20,Routine Flare
firms-2026-09-09-2309-44699,31.21085,48.95149,354.86,12.16,50,2026-09-09T23:09:00Z,N20,Routine Flare
firms-2026-09-09-2326-44700,-23.991,29.42659,309.3,0.86,50,2026-09-09T23:26:00Z,N20,Routine Flare
firms-2026-09-09-2309-44701,31.12617,49.31529,324.48,2.55,50,2026-09-09T23:09:00Z,N20,Routine Flare
firms-2026-09-09-2326-44702,-24.31687,29.38544,304.55,0.67,50,2026-09-09T23:26:00Z,N20,Routine Flare
firms-2026-09-09-2309-44703,31.20952,48.95723,314.04,8.72,50,2026-09-09T23:09:00Z,N20,Routine Flare
firms-2026-09-09-2326-44704,-24.39336,29.26345,296.87,0.52,50,2026-09-09T23:26:00Z,N20,Routine Flare
firms-2026-09-09-2309-44705,31.20623,48.95006,325.35,12.16,50,2026-09-09T23:09:00Z,N20,Routine Flare
firms-2026-09-09-2326-44706,-24.73917,30.19537,320.57,2.06,50,2026-09-09T23:26:00Z,N20,Routine Flare
firms-2026-09-09-2309-44707,31.43563,47.83558,342.99,23.47,50,2026-09-09T23:09:00Z,N20,Industrial Fire
firms-2026-09-09-2326-44708,-24.73977,30.19982,309.8,2.06,50,2026-09-09T23:26:00Z,N20,Routine Flare
firms-2026-09-09-2309-44709,31.43607,47.83366,331.12,10.03,50,2026-09-09T23:09:00Z,N20,Routine Flare
firms-2026-09-09-2326-44710,-24.81494,30.12016,316.29,1.97,50,2026-09-09T23:26:00Z,N20,Routine Flare
firms-2026-09-09-2309-44711,31.43501,47.8386,329.14,15.37,50,2026-09-09T23:09:00Z,N20,Industrial Fire
firms-2026-09-09-2326-44712,-24.81793,30.11506,304.42,1.86,50,2026-09-09T23:26:00Z,N20,Routine Flare
firms-2026-09-09-2309-44713,31.77281,46.06154,318.72,2.28,50,2026-09-09T23:09:00Z,N20,Routine Flare
firms-2026-09-09-2326-44714,-24.81853,30.11954,317.27,1.97,50,2026-09-09T23:26:00Z,N20,Routine Flare
firms-2026-09-09-2309-44715,31.76772,46.06635,328.6,4.57,50,2026-09-09T23:09:00Z,N20,Routine Flare
firms-2026-09-09-2326-44716,-24.83251,27.36576,305.86,1.05,50,2026-09-09T23:26:00Z,N20,Routine Flare
firms-2026-09-09-2309-44717,31.04325,49.39287,331.5,4.35,50,2026-09-09T23:09:00Z,N20,Routine Flare
firms-2026-09-09-2326-44718,-24.83584,27.36514,327.79,2.72,50,2026-09-09T23:26:00Z,N20,Routine Flare
firms-2026-09-09-2309-44719,31.76891,46.06045,310.55,2.28,50,2026-09-09T23:09:00Z,N20,Routine Flare
firms-2026-09-09-2326-44720,-25.17382,29.69005,297.14,0.8,50,2026-09-09T23:26:00Z,N20,Routine Flare
firms-2026-09-09-2309-44721,31.76741,46.0476,308.21,10.01,50,2026-09-09T23:09:00Z,N20,Routine Flare
firms-2026-09-09-2326-44722,-25.21067,29.38535,295.16,0.49,50,2026-09-09T23:26:00Z,N20,Routine Flare
firms-2026-09-09-2309-44723,31.76352,46.04651,329.19,10.01,50,2026-09-09T23:09:00Z,N20,Routine Flare
firms-2026-09-09-2326-44724,-25.3958,30.70571,296.26,0.58,50,2026-09-09T23:26:00Z,N20,Routine Flare
firms-2026-09-09-2309-44725,31.76472,46.04063,317.81,10.01,50,2026-09-09T23:09:00Z,N20,Routine Flare
firms-2026-09-09-2326-44726,-25.35796,28.28179,310.62,0.74,50,2026-09-09T23:26:00Z,N20,Routine Flare
firms-2026-09-09-2309-44727,31.3529,47.8562,327.09,2.64,50,2026-09-09T23:09:00Z,N20,Routine Flare
firms-2026-09-09-2326-44728,-25.94535,32.49858,298.7,0.43,50,2026-09-09T23:26:00Z,N20,Routine Flare
firms-2026-09-09-2309-44729,31.2759,48.11806,320.15,3.16,50,2026-09-09T23:09:00Z,N20,Routine Flare
firms-2026-09-09-2326-44730,-25.50167,29.06392,308.66,0.95,50,2026-09-09T23:26:00Z,N20,Routine Flare
firms-2026-09-09-2309-44731,31.27265,48.11161,327.67,33.26,50,2026-09-09T23:09:00Z,N20,Industrial Fire
firms-2026-09-09-2326-44732,-25.94262,32.49669,300.37,0.3,50,2026-09-09T23:26:00Z,N20,Routine Flare
firms-2026-09-09-2309-44733,31.2715,48.11674,333.72,33.26,50,2026-09-09T23:09:00Z,N20,Industrial Fire
firms-2026-09-09-2326-44734,-25.78252,29.40267,296.04,0.45,50,2026-09-09T23:26:00Z,N20,Routine Flare
firms-2026-09-09-2309-44735,31.27034,48.12188,312.34,11.85,50,2026-09-09T23:09:00Z,N20,Routine Flare
firms-2026-09-09-2326-44736,-25.80154,29.48889,305.04,0.79,50,2026-09-09T23:26:00Z,N20,Routine Flare
firms-2026-09-09-2309-44737,31.2671,48.11543,307.36,33.26,50,2026-09-09T23:09:00Z,N20,Industrial Fire
firms-2026-09-09-2326-44738,-25.80625,29.49695,326.9,2.92,50,2026-09-09T23:26:00Z,N20,Routine Flare
firms-2026-09-09-2309-44739,30.8994,49.67545,328.41,5.14,50,2026-09-09T23:09:00Z,N20,Routine Flare
firms-2026-09-09-2326-44740,-25.80507,29.4883,295.07,0.79,50,2026-09-09T23:26:00Z,N20,Routine Flare
firms-2026-09-09-2309-44741,31.2736,48.11626,349.22,36.57,50,2026-09-09T23:09:00Z,N20,Industrial Fire
firms-2026-09-09-2326-44742,-25.80566,29.49263,303.58,2.92,50,2026-09-09T23:26:00Z,N20,Routine Flare
firms-2026-09-09-2309-44743,31.27248,48.12141,335.63,36.57,50,2026-09-09T23:09:00Z,N20,Industrial Fire
firms-2026-09-09-2326-44744,-25.8092,29.49204,301.49,2.87,50,2026-09-09T23:26:00Z,N20,Routine Flare
firms-2026-09-09-2309-44745,31.27472,48.11112,309.52,1.62,50,2026-09-09T23:09:00Z,N20,Routine Flare
firms-2026-09-09-2326-44746,-25.81332,29.49578,326.95,2.87,50,2026-09-09T23:26:00Z,N20,Routine Flare
firms-2026-09-09-2309-44747,31.26919,48.11494,341.57,36.57,50,2026-09-09T23:09:00Z,N20,Industrial Fire
firms-2026-09-09-2326-44748,-25.72785,28.63648,302.11,0.72,50,2026-09-09T23:26:00Z,N20,Routine Flare
firms-2026-09-09-2309-44749,31.27032,48.1098,307.12,1.62,50,2026-09-09T23:09:00Z,N20,Routine Flare
firms-2026-09-09-2326-44750,-25.57476,27.5808,310.15,0.89,50,2026-09-09T23:26:00Z,N20,Routine Flare
firms-2026-09-09-2309-44751,31.26808,48.12008,314.11,36.57,50,2026-09-09T23:09:00Z,N20,Industrial Fire
firms-2026-09-09-2326-44752,-25.69328,28.08689,297.17,0.51,50,2026-09-09T23:26:00Z,N20,Routine Flare
firms-2026-09-09-2309-44753,30.90259,49.67675,327.9,5.45,50,2026-09-09T23:09:00Z,N20,Routine Flare
firms-2026-09-09-2326-44754,-25.69024,28.04272,299.02,0.33,50,2026-09-09T23:26:00Z,N20,Routine Flare
firms-2026-09-09-2309-44755,33.26807,36.32714,302.9,1.1,50,2026-09-09T23:09:00Z,N20,Routine Flare
firms-2026-09-09-2329-44756,-25.85858,29.17141,329.79,3.27,50,2026-09-09T23:29:00Z,N20,Routine Flare
firms-2026-09-09-2309-44757,31.32502,47.79394,309,1.07,50,2026-09-09T23:09:00Z,N20,Routine Flare
firms-2026-09-09-2329-44758,-25.8638,29.15751,296.69,0.89,50,2026-09-09T23:29:00Z,N20,Routine Flare
firms-2026-09-09-2309-44759,31.3013,47.79737,344.93,12.79,50,2026-09-09T23:09:00Z,N20,Routine Flare
firms-2026-09-09-2329-44760,-25.91821,29.39498,296.19,0.76,50,2026-09-09T23:29:00Z,N20,Routine Flare
firms-2026-09-09-2309-44761,30.89166,49.6124,333.43,6.65,50,2026-09-09T23:09:00Z,N20,Routine Flare
firms-2026-09-09-2329-44762,-25.89101,29.1223,300.6,0.91,50,2026-09-09T23:29:00Z,N20,Routine Flare
firms-2026-09-09-2309-44763,31.29698,47.79608,309.96,1.88,50,2026-09-09T23:09:00Z,N20,Routine Flare
firms-2026-09-09-2329-44764,-25.90396,29.16367,302.43,1.4,50,2026-09-09T23:29:00Z,N20,Routine Flare
firms-2026-09-09-2309-44765,31.23695,47.9641,342.75,13.09,50,2026-09-09T23:09:00Z,N20,Routine Flare
firms-2026-09-09-2329-44766,-25.72741,27.60988,350.05,17.02,50,2026-09-09T23:29:00Z,N20,Industrial Fire
firms-2026-09-09-2309-44767,31.23583,47.96914,333.34,13.09,50,2026-09-09T23:09:00Z,N20,Routine Flare
firms-2026-09-09-2329-44768,-25.50772,26.20208,310.36,1.12,50,2026-09-09T23:29:00Z,N20,Routine Flare
firms-2026-09-09-2309-44769,30.76556,49.99059,307.93,0.98,50,2026-09-09T23:09:00Z,N20,Routine Flare
firms-2026-09-09-2329-44770,-26.02329,29.16645,297.52,1.25,50,2026-09-09T23:29:00Z,N20,Routine Flare
firms-2026-09-09-2309-44771,31.28291,47.71361,325.88,4.3,50,2026-09-09T23:09:00Z,N20,Routine Flare
firms-2026-09-09-2329-44772,-26.02389,29.17071,305.89,1.25,50,2026-09-09T23:29:00Z,N20,Routine Flare
firms-2026-09-09-2309-44773,30.96606,49.1175,310.05,1.2,50,2026-09-09T23:09:00Z,N20,Routine Flare
firms-2026-09-09-2329-44774,-26.02449,29.17498,298.65,1.19,50,2026-09-09T23:29:00Z,N20,Routine Flare
firms-2026-09-09-2309-44775,30.94619,49.18138,304.9,0.79,50,2026-09-09T23:09:00Z,N20,Routine Flare
firms-2026-09-09-2329-44776,-26.02509,29.17925,304.36,1.19,50,2026-09-09T23:29:00Z,N20,Routine Flare
firms-2026-09-09-2309-44777,30.71333,50.11903,318.5,2.19,50,2026-09-09T23:09:00Z,N20,Routine Flare
firms-2026-09-09-2329-44778,-26.02629,29.18781,296.47,1.72,50,2026-09-09T23:29:00Z,N20,Routine Flare
firms-2026-09-09-2309-44779,31.09073,48.4892,316.19,2.03,50,2026-09-09T23:09:00Z,N20,Routine Flare
firms-2026-09-09-2329-44780,-26.02931,29.20934,301.73,1.37,50,2026-09-09T23:29:00Z,N20,Routine Flare
firms-2026-09-09-2309-44781,31.0895,48.49463,319.93,2.03,50,2026-09-09T23:09:00Z,N20,Routine Flare
firms-2026-09-09-2329-44782,-26.02991,29.21366,296.93,1.37,50,2026-09-09T23:29:00Z,N20,Routine Flare
firms-2026-09-09-2309-44783,30.66234,50.30685,311.14,1.81,50,2026-09-09T23:09:00Z,N20,Routine Flare
firms-2026-09-09-2329-44784,-26.0316,29.20013,326.41,2.99,50,2026-09-09T23:29:00Z,N20,Routine Flare
firms-2026-09-09-2309-44785,31.08375,48.49869,311.77,2.29,50,2026-09-09T23:09:00Z,N20,Routine Flare
firms-2026-09-09-2329-44786,-26.03221,29.20444,324.13,2.99,50,2026-09-09T23:29:00Z,N20,Routine Flare
firms-2026-09-09-2309-44787,31.15945,48.06009,309.53,1.62,50,2026-09-09T23:09:00Z,N20,Routine Flare
firms-2026-09-09-2329-44788,-26.02799,29.17441,308.72,1.19,50,2026-09-09T23:29:00Z,N20,Routine Flare
firms-2026-09-09-2309-44789,31.16185,48.05902,317.94,2.97,50,2026-09-09T23:09:00Z,N20,Routine Flare
firms-2026-09-09-2329-44790,-26.02859,29.17867,306.9,1.19,50,2026-09-09T23:29:00Z,N20,Routine Flare
firms-2026-09-09-2309-44791,30.7217,49.82143,367,6.5,50,2026-09-09T23:09:00Z,N20,Industrial Fire
firms-2026-09-09-2329-44792,-26.03281,29.20876,312.44,1.37,50,2026-09-09T23:29:00Z,N20,Routine Flare
firms-2026-09-09-2309-44793,30.9235,48.86624,321.74,4.05,50,2026-09-09T23:09:00Z,N20,Routine Flare
firms-2026-09-09-2329-44794,-26.0351,29.19954,305.73,2.41,50,2026-09-09T23:29:00Z,N20,Routine Flare
firms-2026-09-09-2309-44795,30.92612,48.85478,306.37,1.01,50,2026-09-09T23:09:00Z,N20,Routine Flare
firms-2026-09-09-2329-44796,-25.9275,28.32849,315.95,1.2,50,2026-09-09T23:29:00Z,N20,Routine Flare
firms-2026-09-09-2309-44797,31.1428,47.86991,317.21,1.29,50,2026-09-09T23:09:00Z,N20,Routine Flare
firms-2026-09-09-2329-44798,-26.06597,29.29149,310.81,1.2,50,2026-09-09T23:29:00Z,N20,Routine Flare
firms-2026-09-09-2309-44799,30.92151,48.85336,303.99,0.54,50,2026-09-09T23:09:00Z,N20,Routine Flare
firms-2026-09-09-2329-44800,-26.07215,29.2311,298.88,1.46,50,2026-09-09T23:29:00Z,N20,Routine Flare
firms-2026-09-09-2309-44801,30.65615,49.91934,312.02,1.11,50,2026-09-09T23:09:00Z,N20,Routine Flare
firms-2026-09-09-2329-44802,-26.08803,29.2683,295.49,0.61,50,2026-09-09T23:29:00Z,N20,Routine Flare
firms-2026-09-09-2309-44803,30.48672,50.48249,313.15,0.53,50,2026-09-09T23:09:00Z,N20,Routine Flare
firms-2026-09-09-2329-44804,-26.05948,29.036,301.81,1.41,50,2026-09-09T23:29:00Z,N20,Routine Flare
firms-2026-09-09-2309-44805,30.70984,49.54158,338.33,5.21,50,2026-09-09T23:09:00Z,N20,Routine Flare
firms-2026-09-09-2329-44806,-26.07459,29.04209,304.36,0.84,50,2026-09-09T23:29:00Z,N20,Routine Flare
firms-2026-09-09-2309-44807,31.06211,47.9885,342.8,5.28,50,2026-09-09T23:09:00Z,N20,Routine Flare
firms-2026-09-09-2329-44808,-25.97312,28.3057,295.34,0.93,50,2026-09-09T23:29:00Z,N20,Routine Flare
firms-2026-09-09-2309-44809,30.7082,49.53973,332.75,5.68,50,2026-09-09T23:09:00Z,N20,Routine Flare
firms-2026-09-09-2329-44810,-25.97371,28.30972,296.57,0.66,50,2026-09-09T23:29:00Z,N20,Routine Flare
firms-2026-09-09-2309-44811,30.48605,50.48185,309.77,0.67,50,2026-09-09T23:09:00Z,N20,Routine Flare
firms-2026-09-09-2329-44812,-25.97652,28.30508,306.21,0.93,50,2026-09-09T23:29:00Z,N20,Routine Flare
firms-2026-09-09-2309-44813,30.6146,49.91806,315.04,1.86,50,2026-09-09T23:09:00Z,N20,Routine Flare
firms-2026-09-09-2329-44814,-26.14262,29.48241,297.2,0.83,50,2026-09-09T23:29:00Z,N20,Routine Flare
firms-2026-09-09-2329-44815,-25.52763,24.7662,302.07,0.66,50,2026-09-09T23:29:00Z,N20,Routine Flare
firms-2026-09-09-2309-44816,31.09177,47.78839,339.09,14.15,50,2026-09-09T23:09:00Z,N20,Routine Flare
firms-2026-09-09-2329-44817,-25.81335,25.84341,300.43,0.87,50,2026-09-09T23:29:00Z,N20,Routine Flare
firms-2026-09-09-2309-44818,31.09069,47.79335,334.18,14.15,50,2026-09-09T23:09:00Z,N20,Routine Flare
firms-2026-09-09-2309-44819,30.4103,50.74965,331.38,2.69,50,2026-09-09T23:09:00Z,N20,Routine Flare
firms-2026-09-09-2329-44820,-26.27337,28.15974,306.41,1.18,50,2026-09-09T23:29:00Z,N20,Routine Flare
firms-2026-09-09-2329-44821,-26.3689,28.48086,320.77,2.32,50,2026-09-09T23:29:00Z,N20,Routine Flare
firms-2026-09-09-2309-44822,31.08744,47.7871,338.58,15.74,50,2026-09-09T23:09:00Z,N20,Industrial Fire
firms-2026-09-09-2309-44823,31.00612,48.13646,327.58,15.06,50,2026-09-09T23:09:00Z,N20,Industrial Fire
firms-2026-09-09-2329-44824,-26.39124,28.48962,307.51,1.55,50,2026-09-09T23:29:00Z,N20,Routine Flare
firms-2026-09-09-2329-44825,-26.39071,28.49116,308.44,1.48,50,2026-09-09T23:29:00Z,N20,Routine Flare
firms-2026-09-09-2309-44826,31.00497,48.14167,351.97,56.08,50,2026-09-09T23:09:00Z,N20,Industrial Fire
firms-2026-09-09-2329-44827,-26.31664,27.78827,297.63,0.55,50,2026-09-09T23:29:00Z,N20,Routine Flare
firms-2026-09-09-2309-44828,31.00169,48.13513,323.83,3.73,50,2026-09-09T23:09:00Z,N20,Routine Flare
firms-2026-09-09-2309-44829,31.00054,48.14034,339.99,6.68,50,2026-09-09T23:09:00Z,N20,Routine Flare
firms-2026-09-09-2329-44830,-26.54025,29.15335,318.26,1.98,50,2026-09-09T23:29:00Z,N20,Routine Flare
firms-2026-09-09-2329-44831,-26.54326,29.17504,300.51,1.46,50,2026-09-09T23:29:00Z,N20,Routine Flare
firms-2026-09-09-2309-44832,30.56563,50.01262,333,6.73,50,2026-09-09T23:09:00Z,N20,Routine Flare
firms-2026-09-09-2329-44833,-26.54667,29.14779,312.7,1.63,50,2026-09-09T23:29:00Z,N20,Routine Flare
firms-2026-09-09-2309-44834,30.56485,50.0159,355.7,8.48,50,2026-09-09T23:09:00Z,N20,Routine Flare
firms-2026-09-09-2329-44835,-26.54958,29.14286,295.22,0.69,50,2026-09-09T23:29:00Z,N20,Routine Flare
firms-2026-09-09-2309-44836,29.88219,52.74759,299.22,1.61,50,2026-09-09T23:09:00Z,N20,Routine Flare
firms-2026-09-09-2329-44837,-26.55018,29.14719,306.82,1.63,50,2026-09-09T23:29:00Z,N20,Routine Flare
firms-2026-09-09-2309-44838,30.57244,49.91688,343.39,3.74,50,2026-09-09T23:09:00Z,N20,Routine Flare
firms-2026-09-09-2329-44839,-26.55379,29.17322,304.49,1.97,50,2026-09-09T23:29:00Z,N20,Routine Flare
firms-2026-09-09-2309-44840,30.57166,49.92018,319.22,3.07,50,2026-09-09T23:09:00Z,N20,Routine Flare
firms-2026-09-09-2329-44841,-26.5584,29.15465,301.84,1.28,50,2026-09-09T23:29:00Z,N20,Routine Flare
firms-2026-09-09-2309-44842,30.3979,50.61757,345.65,5.36,50,2026-09-09T23:09:00Z,N20,Routine Flare
firms-2026-09-09-2309-44843,30.39702,50.62117,335.93,4.37,50,2026-09-09T23:09:00Z,N20,Routine Flare
firms-2026-09-09-2329-44844,-26.56082,29.172,305.06,2.13,50,2026-09-09T23:29:00Z,N20,Routine Flare
firms-2026-09-09-2329-44845,-26.13028,26.18275,299.33,0.77,50,2026-09-09T23:29:00Z,N20,Routine Flare
firms-2026-09-09-2309-44846,30.39967,50.61032,310.29,1.64,50,2026-09-09T23:09:00Z,N20,Routine Flare
firms-2026-09-09-2329-44847,-26.18159,25.99524,302.18,0.79,50,2026-09-09T23:29:00Z,N20,Routine Flare
firms-2026-09-09-2309-44848,30.39453,50.60864,323.08,2.92,50,2026-09-09T23:09:00Z,N20,Routine Flare
firms-2026-09-09-2309-44849,29.78273,53.00301,310.9,1.21,50,2026-09-09T23:09:00Z,N20,Routine Flare
firms-2026-09-09-2329-44850,-26.65811,27.85196,295.35,0.37,50,2026-09-09T23:29:00Z,N20,Routine Flare
firms-2026-09-09-2329-44851,-26.65501,27.8074,296.33,0.51,50,2026-09-09T23:29:00Z,N20,Routine Flare
firms-2026-09-09-2309-44852,31.08182,47.62345,339,11.38,50,2026-09-09T23:09:00Z,N20,Routine Flare
firms-2026-09-09-2329-44853,-26.65618,27.81537,301.1,0.62,50,2026-09-09T23:29:00Z,N20,Routine Flare
firms-2026-09-09-2309-44854,31.08076,47.62831,330.26,12.26,50,2026-09-09T23:09:00Z,N20,Routine Flare
firms-2026-09-09-2309-44855,31.06464,47.6184,341.45,14.83,50,2026-09-09T23:09:00Z,N20,Routine Flare
firms-2026-09-09-2329-44856,-26.65677,27.81936,301.34,0.62,50,2026-09-09T23:29:00Z,N20,Routine Flare
firms-2026-09-09-2329-44857,-26.67958,27.95105,324.37,1.66,50,2026-09-09T23:29:00Z,N20,Routine Flare
firms-2026-09-09-2309-44858,31.06034,47.61714,340.87,13.19,50,2026-09-09T23:09:00Z,N20,Routine Flare
firms-2026-09-09-2309-44859,31.02688,47.7061,335.63,4.03,50,2026-09-09T23:09:00Z,N20,Routine Flare
firms-2026-09-09-2329-44860,-26.65896,27.81076,298.77,0.77,50,2026-09-09T23:29:00Z,N20,Routine Flare
firms-2026-09-09-2329-44861,-26.68017,27.95507,295.8,1.66,50,2026-09-09T23:29:00Z,N20,Routine Flare
firms-2026-09-09-2309-44862,31.02798,47.70119,312.85,2.91,50,2026-09-09T23:09:00Z,N20,Routine Flare
firms-2026-09-09-2329-44863,-26.66175,27.80616,298.5,0.77,50,2026-09-09T23:29:00Z,N20,Routine Flare
firms-2026-09-09-2309-44864,31.02744,47.70427,345.17,6.03,50,2026-09-09T23:09:00Z,N20,Routine Flare
firms-2026-09-09-2329-44865,-26.66907,27.80891,332.58,3.36,50,2026-09-09T23:29:00Z,N20,Routine Flare
firms-2026-09-09-2309-44866,30.55549,49.69945,305.09,0.99,50,2026-09-09T23:09:00Z,N20,Routine Flare
firms-2026-09-09-2309-44867,30.32821,50.65579,303.64,0.34,50,2026-09-09T23:09:00Z,N20,Routine Flare
firms-2026-09-09-2329-44868,-26.68913,27.94517,307.81,0.95,50,2026-09-09T23:29:00Z,N20,Routine Flare
firms-2026-09-09-2329-44869,-26.68972,27.94919,300.58,0.93,50,2026-09-09T23:29:00Z,N20,Routine Flare
firms-2026-09-09-2309-44870,31.36091,45.96154,311.17,2.17,50,2026-09-09T23:09:00Z,N20,Routine Flare
firms-2026-09-09-2309-44871,30.29747,50.73646,305.04,0.31,50,2026-09-09T23:09:00Z,N20,Routine Flare
firms-2026-09-09-2329-44872,-26.69251,27.94456,308.59,1.24,50,2026-09-09T23:29:00Z,N20,Routine Flare
firms-2026-09-09-2329-44873,-26.69589,27.94395,310.23,1.24,50,2026-09-09T23:29:00Z,N20,Routine Flare
firms-2026-09-09-2309-44874,31.3558,45.96636,326.71,2.17,50,2026-09-09T23:09:00Z,N20,Routine Flare
firms-2026-09-09-2329-44875,-26.71204,27.91217,296.11,0.55,50,2026-09-09T23:29:00Z,N20,Routine Flare
firms-2026-09-09-2309-44876,31.357,45.96046,310.06,2.17,50,2026-09-09T23:09:00Z,N20,Routine Flare
firms-2026-09-09-2309-44877,30.35117,50.28793,367,10.22,50,2026-09-09T23:09:00Z,N20,Industrial Fire
firms-2026-09-09-2329-44878,-26.71264,27.91619,296.77,0.55,50,2026-09-09T23:29:00Z,N20,Routine Flare
firms-2026-09-09-2329-44879,-26.71601,27.91557,302.64,1.23,50,2026-09-09T23:29:00Z,N20,Routine Flare
firms-2026-09-09-2309-44880,30.35029,50.29153,334.21,9.73,50,2026-09-09T23:09:00Z,N20,Routine Flare
firms-2026-09-09-2329-44881,-26.72473,27.9511,316.85,1.23,50,2026-09-09T23:29:00Z,N20,Routine Flare
firms-2026-09-09-2309-44882,30.6264,49.13015,307.31,2.44,50,2026-09-09T23:09:00Z,N20,Routine Flare
firms-2026-09-09-2309-44883,30.35205,50.28432,310.49,10.22,50,2026-09-09T23:09:00Z,N20,Routine Flare
firms-2026-09-09-2329-44884,-26.72532,27.95512,296.9,1.23,50,2026-09-09T23:29:00Z,N20,Routine Flare
firms-2026-09-09-2329-44885,-26.83137,27.8462,299.16,0.74,50,2026-09-09T23:29:00Z,N20,Routine Flare
firms-2026-09-09-2309-44886,30.34518,50.29011,334.75,9.73,50,2026-09-09T23:09:00Z,N20,Routine Flare
firms-2026-09-09-2329-44887,-27.4481,29.69949,325.39,2.04,50,2026-09-09T23:29:00Z,N20,Routine Flare
firms-2026-09-09-2309-44888,31.03642,47.28416,308.29,1.76,50,2026-09-09T23:09:00Z,N20,Routine Flare
firms-2026-09-09-2329-44889,-27.44747,29.69465,299.2,2.04,50,2026-09-09T23:29:00Z,N20,Routine Flare
firms-2026-09-09-2309-44890,30.34605,50.28652,313.58,10.22,50,2026-09-09T23:09:00Z,N20,Routine Flare
firms-2026-09-09-2329-44891,-27.54689,30.44179,309.72,1.78,50,2026-09-09T23:29:00Z,N20,Routine Flare
firms-2026-09-09-2309-44892,31.0322,47.28294,333.38,42.7,50,2026-09-09T23:09:00Z,N20,Industrial Fire
firms-2026-09-09-2329-44893,-27.57672,30.16748,297.31,0.48,50,2026-09-09T23:29:00Z,N20,Routine Flare
firms-2026-09-09-2309-44894,31.03119,47.2876,333.45,42.7,50,2026-09-09T23:09:00Z,N20,Industrial Fire
firms-2026-09-09-2329-44895,-27.68389,29.27242,313.73,2.51,50,2026-09-09T23:29:00Z,N20,Routine Flare
firms-2026-09-09-2309-44896,31.03321,47.27828,319.57,2.94,50,2026-09-09T23:09:00Z,N20,Routine Flare
firms-2026-09-09-2309-44897,31.02798,47.28172,334.15,42.7,50,2026-09-09T23:09:00Z,N20,Industrial Fire
firms-2026-09-09-2329-44898,-27.68744,29.27176,303,1.12,50,2026-09-09T23:29:00Z,N20,Routine Flare
firms-2026-09-09-2329-44899,-27.68641,29.27458,305.8,0.91,50,2026-09-09T23:29:00Z,N20,Routine Flare
firms-2026-09-09-2309-44900,31.02899,47.27706,307.72,2.94,50,2026-09-09T23:09:00Z,N20,Routine Flare
firms-2026-09-09-2329-44901,-27.76568,29.68281,297.64,0.54,50,2026-09-09T23:29:00Z,N20,Routine Flare
firms-2026-09-09-2309-44902,31.02697,47.28637,313.43,42.7,50,2026-09-09T23:09:00Z,N20,Industrial Fire
firms-2026-09-09-2329-44903,-27.77907,29.70001,296.04,0.66,50,2026-09-09T23:29:00Z,N20,Routine Flare
firms-2026-09-09-2309-44904,30.86357,47.92224,351.91,15.48,50,2026-09-09T23:09:00Z,N20,Industrial Fire
firms-2026-09-09-2309-44905,30.86572,47.92024,324.04,5.02,50,2026-09-09T23:09:00Z,N20,Routine Flare
firms-2026-09-09-2329-44906,-27.94193,30.67892,296.87,0.49,50,2026-09-09T23:29:00Z,N20,Routine Flare
firms-2026-09-09-2329-44907,-27.85494,29.59813,303.36,1.26,50,2026-09-09T23:29:00Z,N20,Routine Flare
firms-2026-09-09-2309-44908,30.86461,47.92534,333.81,5.02,50,2026-09-09T23:09:00Z,N20,Routine Flare
firms-2026-09-09-2329-44909,-27.85557,29.60295,307.25,1.26,50,2026-09-09T23:29:00Z,N20,Routine Flare
firms-2026-09-09-2309-44910,30.86133,47.91893,308.18,5.02,50,2026-09-09T23:09:00Z,N20,Routine Flare
firms-2026-09-09-2309-44911,30.86022,47.92403,319.68,5.02,50,2026-09-09T23:09:00Z,N20,Routine Flare
firms-2026-09-09-2329-44912,-27.85983,29.60723,313.72,2.06,50,2026-09-09T23:29:00Z,N20,Routine Flare
firms-2026-09-09-2329-44913,-27.94613,29.05942,298.68,0.53,50,2026-09-09T23:29:00Z,N20,Routine Flare
firms-2026-09-09-2309-44914,29.73634,52.65219,300.81,1.77,50,2026-09-09T23:09:00Z,N20,Routine Flare
firms-2026-09-09-2309-44915,30.75879,48.27771,309.74,38.07,50,2026-09-09T23:09:00Z,N20,Industrial Fire
firms-2026-09-09-2329-44916,-28.37172,32.2799,335.18,4.14,50,2026-09-09T23:29:00Z,N20,Routine Flare
firms-2026-09-09-2329-44917,-28.00883,29.22528,308.15,0.95,50,2026-09-09T23:29:00Z,N20,Routine Flare
firms-2026-09-09-2309-44918,30.7576,48.28307,316.24,38.07,50,2026-09-09T23:09:00Z,N20,Industrial Fire
firms-2026-09-09-2329-44919,-28.00677,29.22331,301.44,0.6,50,2026-09-09T23:29:00Z,N20,Routine Flare
firms-2026-09-09-2309-44920,30.75431,48.27637,342.17,38.07,50,2026-09-09T23:09:00Z,N20,Industrial Fire
firms-2026-09-09-2329-44921,-28.37561,32.28151,304.65,0.5,50,2026-09-09T23:29:00Z,N20,Routine Flare
firms-2026-09-09-2309-44922,30.75311,48.28172,367,38.07,50,2026-09-09T23:09:00Z,N20,Industrial Fire
firms-2026-09-09-2309-44923,30.75192,48.28709,317.63,14.19,50,2026-09-09T23:09:00Z,N20,Routine Flare
firms-2026-09-09-2329-44924,-28.02981,28.75222,301.41,0.6,50,2026-09-09T23:29:00Z,N20,Routine Flare
firms-2026-09-09-2309-44925,30.74982,48.27502,331.85,6.9,50,2026-09-09T23:09:00Z,N20,Routine Flare
firms-2026-09-09-2329-44926,-28.14091,28.95704,296.15,0.77,50,2026-09-09T23:29:00Z,N20,Routine Flare
firms-2026-09-09-2329-44927,-28.55743,31.60808,301.43,1.63,50,2026-09-09T23:29:00Z,N20,Routine Flare
firms-2026-09-09-2309-44928,30.74862,48.28038,350.06,6.9,50,2026-09-09T23:09:00Z,N20,Routine Flare
firms-2026-09-09-2329-44929,-28.5615,31.60749,336.98,1.63,50,2026-09-09T23:29:00Z,N20,Routine Flare
firms-2026-09-09-2309-44930,30.74743,48.28575,309.61,2.38,50,2026-09-09T23:09:00Z,N20,Routine Flare
firms-2026-09-09-2329-44931,-28.33543,29.12263,316.1,1.33,50,2026-09-09T23:29:00Z,N20,Routine Flare
firms-2026-09-09-2309-44932,30.06863,50.89428,309.19,1.72,50,2026-09-09T23:09:00Z,N20,Routine Flare
firms-2026-09-09-2329-44933,-28.3396,29.12659,299.61,1.33,50,2026-09-09T23:29:00Z,N20,Routine Flare
firms-2026-09-09-2309-44934,30.88827,47.33284,311.6,1.07,50,2026-09-09T23:09:00Z,N20,Routine Flare
firms-2026-09-09-2329-44935,-28.34022,29.13123,301.59,1.04,50,2026-09-09T23:29:00Z,N20,Routine Flare
firms-2026-09-09-2309-44936,30.88723,47.33756,312.62,1.07,50,2026-09-09T23:09:00Z,N20,Routine Flare
firms-2026-09-09-2309-44937,30.88402,47.33162,355.56,54.43,50,2026-09-09T23:09:00Z,N20,Industrial Fire
firms-2026-09-09-2329-44938,-28.34858,29.13916,297.11,0.75,50,2026-09-09T23:29:00Z,N20,Routine Flare
firms-2026-09-09-2329-44939,-28.35573,29.138,305.83,1.66,50,2026-09-09T23:29:00Z,N20,Routine Flare
firms-2026-09-09-2309-44940,30.88568,47.33608,350.31,40.66,50,2026-09-09T23:09:00Z,N20,Industrial Fire
firms-2026-09-09-2329-44941,-28.41184,29.53594,306.45,1.6,50,2026-09-09T23:29:00Z,N20,Routine Flare
firms-2026-09-09-2309-44942,30.88668,47.33135,318.62,9.8,50,2026-09-09T23:09:00Z,N20,Routine Flare
firms-2026-09-09-2329-44943,-28.41248,29.54081,316.69,1.73,50,2026-09-09T23:29:00Z,N20,Routine Flare
firms-2026-09-09-2309-44944,30.88243,47.33011,339.51,10.55,50,2026-09-09T23:09:00Z,N20,Routine Flare
firms-2026-09-09-2329-44945,-28.41424,29.52585,328.5,4.64,50,2026-09-09T23:29:00Z,N20,Routine Flare
firms-2026-09-09-2309-44946,30.88143,47.33484,323.78,5.34,50,2026-09-09T23:09:00Z,N20,Routine Flare
firms-2026-09-09-2329-44947,-28.41549,29.53536,313.75,1.6,50,2026-09-09T23:29:00Z,N20,Routine Flare
firms-2026-09-09-2309-44948,30.19374,50.38732,310.84,2.28,50,2026-09-09T23:09:00Z,N20,Routine Flare
firms-2026-09-09-2329-44949,-28.71954,31.87009,308.94,1.16,50,2026-09-09T23:29:00Z,N20,Routine Flare
firms-2026-09-09-2309-44950,30.17014,50.43996,312.46,1.93,50,2026-09-09T23:09:00Z,N20,Routine Flare
firms-2026-09-09-2329-44951,-28.43678,29.52759,301.32,0.84,50,2026-09-09T23:29:00Z,N20,Routine Flare
firms-2026-09-09-2309-44952,30.15837,50.42005,310.7,2.71,50,2026-09-09T23:09:00Z,N20,Routine Flare
firms-2026-09-09-2329-44953,-28.57469,30.57869,302.75,0.92,50,2026-09-09T23:29:00Z,N20,Routine Flare
firms-2026-09-09-2309-44954,30.15231,50.4223,367,6.76,50,2026-09-09T23:09:00Z,N20,Industrial Fire
firms-2026-09-09-2329-44955,-28.4651,29.37388,295.51,0.52,50,2026-09-09T23:29:00Z,N20,Routine Flare
firms-2026-09-09-2309-44956,30.15562,50.40853,318.11,2.04,50,2026-09-09T23:09:00Z,N20,Routine Flare
firms-2026-09-09-2329-44957,-28.45525,29.26996,296.07,0.41,50,2026-09-09T23:29:00Z,N20,Routine Flare
firms-2026-09-09-2309-44958,30.15315,50.41878,310.15,4.56,50,2026-09-09T23:09:00Z,N20,Routine Flare
firms-2026-09-09-2329-44959,-27.89264,25.33373,300.6,0.59,50,2026-09-09T23:29:00Z,N20,Routine Flare
firms-2026-09-09-2309-44960,30.45862,49.09673,314.8,2.53,50,2026-09-09T23:09:00Z,N20,Routine Flare
firms-2026-09-09-2329-44961,-28.56228,29.57793,314.97,1.46,50,2026-09-09T23:29:00Z,N20,Routine Flare
firms-2026-09-09-2309-44962,30.13687,50.44051,309.96,0.74,50,2026-09-09T23:09:00Z,N20,Routine Flare
firms-2026-09-09-2329-44963,-28.84056,31.77185,306.2,0.81,50,2026-09-09T23:29:00Z,N20,Routine Flare
firms-2026-09-09-2309-44964,29.62306,52.44395,300.16,0.64,50,2026-09-09T23:09:00Z,N20,Routine Flare
firms-2026-09-09-2329-44965,-28.58762,29.62842,297.24,0.81,50,2026-09-09T23:29:00Z,N20,Routine Flare
firms-2026-09-09-2309-44966,30.83165,47.33544,310.37,1.81,50,2026-09-09T23:09:00Z,N20,Routine Flare
firms-2026-09-09-2329-44967,-28.58051,29.26189,329.6,2.07,50,2026-09-09T23:29:00Z,N20,Routine Flare
firms-2026-09-09-2309-44968,30.82842,47.32947,347.96,23.52,50,2026-09-09T23:09:00Z,N20,Industrial Fire
firms-2026-09-09-2329-44969,-28.57989,29.25717,296.25,2.07,50,2026-09-09T23:29:00Z,N20,Routine Flare
firms-2026-09-09-2309-44970,30.8274,47.33421,331.86,23.52,50,2026-09-09T23:09:00Z,N20,Industrial Fire
firms-2026-09-09-2329-44971,-28.59312,29.27378,314.63,2.25,50,2026-09-09T23:29:00Z,N20,Routine Flare
firms-2026-09-09-2309-44972,30.82417,47.32825,346.99,23.52,50,2026-09-09T23:09:00Z,N20,Industrial Fire
firms-2026-09-09-2329-44973,-28.60396,29.27218,303,0.81,50,2026-09-09T23:29:00Z,N20,Routine Flare
firms-2026-09-09-2309-44974,30.75051,47.66656,338,5.73,50,2026-09-09T23:09:00Z,N20,Routine Flare
firms-2026-09-09-2329-44975,-28.60457,29.27674,295.08,0.81,50,2026-09-09T23:29:00Z,N20,Routine Flare
firms-2026-09-09-2309-44976,30.7516,47.66162,314.74,4.67,50,2026-09-09T23:09:00Z,N20,Routine Flare
firms-2026-09-09-2329-44977,-28.6604,29.02348,297.02,0.83,50,2026-09-09T23:29:00Z,N20,Routine Flare
firms-2026-09-09-2309-44978,29.90192,51.23343,340.94,2.79,50,2026-09-09T23:09:00Z,N20,Routine Flare
firms-2026-09-09-2329-44979,-28.66693,29.01781,295.46,0.5,50,2026-09-09T23:29:00Z,N20,Routine Flare
firms-2026-09-09-2309-44980,29.90271,51.23029,313.37,2.79,50,2026-09-09T23:09:00Z,N20,Routine Flare
firms-2026-09-09-2329-44981,-28.75019,29.53753,309.95,1.54,50,2026-09-09T23:29:00Z,N20,Routine Flare
firms-2026-09-09-2309-44982,29.89843,51.22414,322.51,2.89,50,2026-09-09T23:09:00Z,N20,Routine Flare
firms-2026-09-09-2329-44983,-28.75082,29.54239,305.06,0.96,50,2026-09-09T23:29:00Z,N20,Routine Flare
firms-2026-09-09-2309-44984,31.24175,45.25733,309.95,1.27,50,2026-09-09T23:09:00Z,N20,Routine Flare
firms-2026-09-09-2329-44985,-29.1219,30.40474,296.55,0.59,50,2026-09-09T23:29:00Z,N20,Routine Flare
firms-2026-09-09-2309-44986,30.04491,50.63506,312.68,1.14,50,2026-09-09T23:09:00Z,N20,Routine Flare
firms-2026-09-09-2329-44987,-29.12435,30.40766,301.75,1.17,50,2026-09-09T23:29:00Z,N20,Routine Flare
firms-2026-09-09-2309-44988,29.89767,51.22715,317.77,2.89,50,2026-09-09T23:09:00Z,N20,Routine Flare
firms-2026-09-09-2329-44989,-28.93459,28.52128,303.52,1.02,50,2026-09-09T23:29:00Z,N20,Routine Flare
firms-2026-09-09-2309-44990,29.89693,51.23012,315.31,1.99,50,2026-09-09T23:09:00Z,N20,Routine Flare
firms-2026-09-09-2329-44991,-28.2089,23.54832,304.76,0.99,50,2026-09-09T23:29:00Z,N20,Routine Flare
firms-2026-09-09-2309-44992,29.89621,51.23301,309.77,1.99,50,2026-09-09T23:09:00Z,N20,Routine Flare
firms-2026-09-09-2329-44993,-28.21021,23.54532,297.47,0.66,50,2026-09-09T23:29:00Z,N20,Routine Flare
firms-2026-09-09-2309-44994,29.89352,51.22052,340.49,4.68,50,2026-09-09T23:09:00Z,N20,Routine Flare
firms-2026-09-09-2309-44995,29.89273,51.22366,321.09,2.89,50,2026-09-09T23:09:00Z,N20,Routine Flare
firms-2026-09-09-2329-44996,-28.35942,23.50849,303.3,1.23,50,2026-09-09T23:29:00Z,N20,Routine Flare
firms-2026-09-09-2329-44997,-29.73913,29.99837,325.86,2.98,50,2026-09-09T23:29:00Z,N20,Routine Flare
firms-2026-09-09-2309-44998,30.03944,50.63446,319.29,1.14,50,2026-09-09T23:09:00Z,N20,Routine Flare
firms-2026-09-09-2309-44999,30.03845,50.63847,310.93,2.17,50,2026-09-09T23:09:00Z,N20,Routine Flare
firms-2026-09-09-2329-45000,-30.10592,29.54461,299.69,0.72,50,2026-09-09T23:29:00Z,N20,Routine Flare
firms-2026-09-09-2329-45001,-30.67497,30.34197,302.2,0.64,50,2026-09-09T23:29:00Z,N20,Routine Flare
firms-2026-09-09-2309-45002,29.89441,51.217,314.02,4.68,50,2026-09-09T23:09:00Z,N20,Routine Flare
firms-2026-09-09-2329-45003,-30.45071,28.26038,308.02,1.06,50,2026-09-09T23:29:00Z,N20,Routine Flare
firms-2026-09-09-2309-45004,29.88718,51.22256,322.45,2.88,50,2026-09-09T23:09:00Z,N20,Routine Flare
firms-2026-09-09-2309-45005,30.76901,47.33241,341.52,8.35,50,2026-09-09T23:09:00Z,N20,Routine Flare
firms-2026-09-09-2329-45006,-30.60442,28.90628,295.45,0.56,50,2026-09-09T23:29:00Z,N20,Routine Flare
firms-2026-09-09-2329-45007,-30.79427,30.21055,321.49,1.7,50,2026-09-09T23:29:00Z,N20,Routine Flare
firms-2026-09-09-2309-45008,30.76681,47.33385,338.67,5.07,50,2026-09-09T23:09:00Z,N20,Routine Flare
firms-2026-09-09-2309-45009,30.76357,47.32788,340.15,7.29,50,2026-09-09T23:09:00Z,N20,Routine Flare
firms-2026-09-09-2329-45010,-31.03652,28.0419,334.65,7.16,50,2026-09-09T23:29:00Z,N20,Routine Flare
firms-2026-09-09-2309-45011,30.99497,46.21868,313.65,1.62,50,2026-09-09T23:09:00Z,N20,Routine Flare
firms-2026-09-09-2329-45012,-31.03517,28.03195,303.81,1.7,50,2026-09-09T23:29:00Z,N20,Routine Flare
firms-2026-09-09-2329-45013,-31.03584,28.0369,304.93,1.7,50,2026-09-09T23:29:00Z,N20,Routine Flare
firms-2026-09-09-2309-45014,29.81333,51.28456,315.33,3.06,50,2026-09-09T23:09:00Z,N20,Routine Flare
firms-2026-09-09-2309-45015,29.80746,51.28467,310.67,2.86,50,2026-09-09T23:09:00Z,N20,Routine Flare
firms-2026-09-09-2329-45016,-31.04228,28.0314,335.75,6.86,50,2026-09-09T23:29:00Z,N20,Routine Flare
firms-2026-09-09-2329-45017,-31.04652,28.03606,351.85,3.96,50,2026-09-09T23:29:00Z,N20,Routine Flare
firms-2026-09-09-2309-45018,32.55384,36.41351,296.12,0.35,50,2026-09-09T23:09:00Z,N20,Routine Flare
firms-2026-09-09-2329-45019,-31.04717,28.04087,329.78,5.92,50,2026-09-09T23:29:00Z,N20,Routine Flare
firms-2026-09-09-2309-45020,30.6903,47.33186,313.45,21.43,50,2026-09-09T23:09:00Z,N20,Industrial Fire
firms-2026-09-09-2309-45021,30.68707,47.32589,339.15,25.69,50,2026-09-09T23:09:00Z,N20,Industrial Fire
firms-2026-09-09-2329-45022,-31.04585,28.03118,304.81,3.96,50,2026-09-09T23:29:00Z,N20,Routine Flare
firms-2026-09-09-2309-45023,30.68604,47.33063,367,21.43,50,2026-09-09T23:09:00Z,N20,Industrial Fire
firms-2026-09-09-2329-45024,-31.05072,28.04044,350.16,5.92,50,2026-09-09T23:29:00Z,N20,Routine Flare
firms-2026-09-09-2329-45025,-31.05136,28.04518,328.15,5.92,50,2026-09-09T23:29:00Z,N20,Routine Flare
firms-2026-09-09-2309-45026,30.48184,48.2496,314.19,2.46,50,2026-09-09T23:09:00Z,N20,Routine Flare
firms-2026-09-09-2309-45027,29.25529,53.12178,327,3.28,50,2026-09-09T23:09:00Z,N20,Routine Flare
firms-2026-09-09-2329-45028,-31.05007,28.03567,315.69,3.96,50,2026-09-09T23:29:00Z,N20,Routine Flare
firms-2026-09-09-2329-45029,-31.05361,28.03528,333.83,2.37,50,2026-09-09T23:29:00Z,N20,Routine Flare
firms-2026-09-09-2309-45030,29.25674,53.11642,302.61,2.39,50,2026-09-09T23:09:00Z,N20,Routine Flare
firms-2026-09-09-2329-45031,-31.05426,28.04001,309.89,1.61,50,2026-09-09T23:29:00Z,N20,Routine Flare
firms-2026-09-09-2309-45032,29.25678,53.12072,342.04,5.01,50,2026-09-09T23:09:00Z,N20,Routine Flare
firms-2026-09-09-2309-45033,29.3705,52.61277,310.23,2.39,50,2026-09-09T23:09:00Z,N20,Routine Flare
firms-2026-09-09-2329-45034,-31.0549,28.04472,305.8,1.61,50,2026-09-09T23:29:00Z,N20,Routine Flare
firms-2026-09-09-2329-45035,-31.05714,28.03478,304.41,2.37,50,2026-09-09T23:29:00Z,N20,Routine Flare
firms-2026-09-09-2309-45036,30.61281,47.32739,321.8,3.59,50,2026-09-09T23:09:00Z,N20,Routine Flare
firms-2026-09-09-2329-45037,-31.05936,28.02469,320.11,2.79,50,2026-09-09T23:29:00Z,N20,Routine Flare
firms-2026-09-09-2309-45038,30.61178,47.33215,309.32,1.65,50,2026-09-09T23:09:00Z,N20,Routine Flare
firms-2026-09-09-2329-45039,-31.06067,28.03425,321.19,1.49,50,2026-09-09T23:29:00Z,N20,Routine Flare
firms-2026-09-09-2309-45040,30.60854,47.32616,342.41,6.57,50,2026-09-09T23:09:00Z,N20,Routine Flare
firms-2026-09-09-2329-45041,-31.0587,28.01989,301.45,2.79,50,2026-09-09T23:29:00Z,N20,Routine Flare
firms-2026-09-09-2309-45042,30.52346,47.61113,329.1,2.28,50,2026-09-09T23:09:00Z,N20,Routine Flare
firms-2026-09-09-2329-45043,-31.06288,28.02411,338.06,2.79,50,2026-09-09T23:29:00Z,N20,Routine Flare
firms-2026-09-09-2309-45044,30.52455,47.60619,316.97,2.28,50,2026-09-09T23:09:00Z,N20,Routine Flare
firms-2026-09-09-2329-45045,-31.06353,28.02886,298.64,1.49,50,2026-09-09T23:29:00Z,N20,Routine Flare
firms-2026-09-09-2309-45046,30.57335,47.32102,335.38,5.05,50,2026-09-09T23:09:00Z,N20,Routine Flare
firms-2026-09-09-2329-45047,-31.06638,28.02345,301.24,0.82,50,2026-09-09T23:29:00Z,N20,Routine Flare
firms-2026-09-09-2309-45048,30.55871,47.38791,320.86,4.58,50,2026-09-09T23:09:00Z,N20,Routine Flare
firms-2026-09-09-2329-45049,-31.23862,28.31921,298.03,0.49,50,2026-09-09T23:29:00Z,N20,Routine Flare
firms-2026-09-09-2309-45050,30.57012,47.31503,331.3,4.52,50,2026-09-09T23:09:00Z,N20,Routine Flare
firms-2026-09-09-2329-45051,-31.2346,28.2057,295.49,0.34,50,2026-09-09T23:29:00Z,N20,Routine Flare
firms-2026-09-09-2309-45052,30.56596,47.33405,320.31,2.86,50,2026-09-09T23:09:00Z,N20,Routine Flare
firms-2026-09-09-2329-45053,-31.2352,28.21025,311.2,0.97,50,2026-09-09T23:29:00Z,N20,Routine Flare
firms-2026-09-09-2309-45054,30.47616,47.74088,328.14,4.43,50,2026-09-09T23:09:00Z,N20,Routine Flare
firms-2026-09-09-2329-45055,-31.23581,28.21483,295.49,0.97,50,2026-09-09T23:29:00Z,N20,Routine Flare
firms-2026-09-09-2309-45056,30.56273,47.32806,338.76,5.74,50,2026-09-09T23:09:00Z,N20,Routine Flare
firms-2026-09-09-2329-45057,-31.23936,28.21425,307.12,0.97,50,2026-09-09T23:29:00Z,N20,Routine Flare
firms-2026-09-09-2309-45058,30.56585,47.3138,311.29,2.86,50,2026-09-09T23:09:00Z,N20,Routine Flare
firms-2026-09-09-2329-45059,-31.24414,28.22295,301.18,0.8,50,2026-09-09T23:29:00Z,N20,Routine Flare
firms-2026-09-09-2309-45060,30.5575,47.3519,319.97,2.56,50,2026-09-09T23:09:00Z,N20,Routine Flare
firms-2026-09-09-2329-45061,-31.28116,27.90936,335.52,3.77,50,2026-09-09T23:29:00Z,N20,Routine Flare
firms-2026-09-09-2309-45062,30.346,48.27677,320.65,6.63,50,2026-09-09T23:09:00Z,N20,Routine Flare
firms-2026-09-09-2329-45063,-31.28118,27.90769,326.69,2.76,50,2026-09-09T23:29:00Z,N20,Routine Flare
firms-2026-09-09-2309-45064,30.56094,47.32969,336.24,3.48,50,2026-09-09T23:09:00Z,N20,Routine Flare
firms-2026-09-09-2329-45065,-31.28181,27.91239,308.21,1.3,50,2026-09-09T23:29:00Z,N20,Routine Flare
firms-2026-09-09-2309-45066,30.55688,47.34882,319.34,2.38,50,2026-09-09T23:09:00Z,N20,Routine Flare
firms-2026-09-09-2329-45067,-31.2864,27.89314,299.56,1.08,50,2026-09-09T23:29:00Z,N20,Routine Flare
firms-2026-09-09-2309-45068,30.34703,48.27473,325.32,8.1,50,2026-09-09T23:09:00Z,N20,Routine Flare
firms-2026-09-09-2329-45069,-31.28699,27.89754,312.21,1.08,50,2026-09-09T23:29:00Z,N20,Routine Flare
firms-2026-09-09-2309-45070,30.47996,47.60096,314.18,1.88,50,2026-09-09T23:09:00Z,N20,Routine Flare
firms-2026-09-09-2329-45071,-31.2905,27.89698,307.55,1.08,50,2026-09-09T23:29:00Z,N20,Routine Flare
firms-2026-09-09-2309-45072,30.47561,47.59969,308.58,1.1,50,2026-09-09T23:09:00Z,N20,Routine Flare
firms-2026-09-09-2329-45073,-31.29462,27.90097,329.73,1.61,50,2026-09-09T23:29:00Z,N20,Routine Flare
firms-2026-09-09-2309-45074,30.56457,47.10076,339.14,28.41,50,2026-09-09T23:09:00Z,N20,Industrial Fire
firms-2026-09-09-2329-45075,-31.29401,27.8964,295.69,1.11,50,2026-09-09T23:29:00Z,N20,Routine Flare
firms-2026-09-09-2309-45076,30.56359,47.10539,367,28.41,50,2026-09-09T23:09:00Z,N20,Industrial Fire
firms-2026-09-09-2329-45077,-31.29525,27.90569,308.77,1.61,50,2026-09-09T23:29:00Z,N20,Routine Flare
firms-2026-09-09-2309-45078,30.54447,47.09009,330.11,2.41,50,2026-09-09T23:09:00Z,N20,Routine Flare
firms-2026-09-09-2329-45079,-31.29752,27.89585,305.9,1.11,50,2026-09-09T23:29:00Z,N20,Routine Flare
firms-2026-09-09-2309-45080,30.49579,47.31584,349.77,9.39,50,2026-09-09T23:09:00Z,N20,Routine Flare
firms-2026-09-09-2329-45081,-31.29815,27.90051,312.22,1.61,50,2026-09-09T23:29:00Z,N20,Routine Flare
firms-2026-09-09-2309-45082,30.49476,47.32061,329.84,5.23,50,2026-09-09T23:09:00Z,N20,Routine Flare
firms-2026-09-09-2329-45083,-31.29878,27.90521,309.16,1.61,50,2026-09-09T23:29:00Z,N20,Routine Flare
firms-2026-09-09-2309-45084,30.4169,47.61419,346.44,6.87,50,2026-09-09T23:09:00Z,N20,Routine Flare
firms-2026-09-09-2309-45085,29.94272,49.68512,367,5.88,50,2026-09-09T23:09:00Z,N20,Industrial Fire
firms-2026-09-09-2329-45086,-31.29987,27.88669,312.45,1.76,50,2026-09-09T23:29:00Z,N20,Routine Flare
firms-2026-09-09-2329-45087,-31.30046,27.89104,297.4,1.53,50,2026-09-09T23:29:00Z,N20,Routine Flare
firms-2026-09-09-2309-45088,30.56035,46.704,319.96,1.91,50,2026-09-09T23:09:00Z,N20,Routine Flare
firms-2026-09-09-2329-45089,-31.30397,27.89053,321.6,1.53,50,2026-09-09T23:29:00Z,N20,Routine Flare
firms-2026-09-09-2309-45090,29.51186,51.258,329.66,4.9,50,2026-09-09T23:09:00Z,N20,Routine Flare
firms-2026-09-09-2329-45091,-31.30749,27.89003,327.21,2.27,50,2026-09-09T23:29:00Z,N20,Routine Flare
firms-2026-09-09-2329-45092,-31.3069,27.88559,312.07,1.86,50,2026-09-09T23:29:00Z,N20,Routine Flare
firms-2026-09-09-2309-45093,29.51091,51.26184,312.07,3.89,50,2026-09-09T23:09:00Z,N20,Routine Flare
firms-2026-09-09-2329-45094,-31.31101,27.88953,302.48,2.27,50,2026-09-09T23:29:00Z,N20,Routine Flare
firms-2026-09-09-2309-45095,30.40468,47.33303,338.41,3.75,50,2026-09-09T23:09:00Z,N20,Routine Flare
firms-2026-09-09-2329-45096,-31.45304,27.95461,320.01,1.49,50,2026-09-09T23:29:00Z,N20,Routine Flare
firms-2026-09-09-2309-45097,30.40364,47.33782,324.92,5.78,50,2026-09-09T23:09:00Z,N20,Routine Flare
firms-2026-09-09-2329-45098,-31.45243,27.95013,306.57,1.49,50,2026-09-09T23:29:00Z,N20,Routine Flare
firms-2026-09-09-2309-45099,30.40039,47.33178,320.77,3.75,50,2026-09-09T23:09:00Z,N20,Routine Flare
firms-2026-09-09-2329-45100,-31.45718,27.95861,295.06,0.57,50,2026-09-09T23:29:00Z,N20,Routine Flare
firms-2026-09-09-2309-45101,30.36399,47.33145,339.79,4.84,50,2026-09-09T23:09:00Z,N20,Routine Flare
firms-2026-09-09-2329-45102,-31.17273,25.884,307.64,0.9,50,2026-09-09T23:29:00Z,N20,Routine Flare
firms-2026-09-09-2309-45103,30.36189,47.34106,350.47,10.48,50,2026-09-09T23:09:00Z,N20,Routine Flare
firms-2026-09-09-2329-45104,-31.47328,27.83923,308.87,0.95,50,2026-09-09T23:29:00Z,N20,Routine Flare
firms-2026-09-09-2309-45105,30.27384,47.74167,343.44,15.85,50,2026-09-09T23:09:00Z,N20,Industrial Fire
firms-2026-09-09-2329-45106,-31.47679,27.83861,307.01,0.95,50,2026-09-09T23:29:00Z,N20,Routine Flare
firms-2026-09-09-2309-45107,30.35865,47.33502,328.75,12.46,50,2026-09-09T23:09:00Z,N20,Routine Flare
firms-2026-09-09-2329-45108,-31.54124,28.23252,298.46,0.27,50,2026-09-09T23:29:00Z,N20,Routine Flare
firms-2026-09-09-2309-45109,30.3576,47.33982,340.61,12.46,50,2026-09-09T23:09:00Z,N20,Routine Flare
firms-2026-09-09-2329-45110,-31.54012,28.23514,301.38,0.5,50,2026-09-09T23:29:00Z,N20,Routine Flare
firms-2026-09-09-2309-45111,32.21317,36.19917,305.86,1.21,50,2026-09-09T23:09:00Z,N20,Routine Flare
firms-2026-09-09-2329-45112,-31.57031,27.83817,302.05,0.73,50,2026-09-09T23:29:00Z,N20,Routine Flare
firms-2026-09-09-2309-45113,30.31429,47.34628,321.5,2.91,50,2026-09-09T23:09:00Z,N20,Routine Flare
firms-2026-09-09-2329-45114,-31.75226,29.01735,301.45,0.85,50,2026-09-09T23:29:00Z,N20,Routine Flare
firms-2026-09-09-2309-45115,30.28326,47.36299,327.84,4.27,50,2026-09-09T23:09:00Z,N20,Routine Flare
firms-2026-09-09-2329-45116,-31.75472,29.01998,302.3,0.95,50,2026-09-09T23:29:00Z,N20,Routine Flare
firms-2026-09-09-2309-45117,30.27896,47.36174,342.97,15.67,50,2026-09-09T23:09:00Z,N20,Industrial Fire
firms-2026-09-09-2329-45118,-31.99762,26.39388,296.29,1.97,50,2026-09-09T23:29:00Z,N20,Routine Flare
firms-2026-09-09-2309-45119,30.2821,47.34723,312.67,1.44,50,2026-09-09T23:09:00Z,N20,Routine Flare
firms-2026-09-09-2329-45120,-32.00037,26.38899,332.22,1.97,50,2026-09-09T23:29:00Z,N20,Routine Flare
firms-2026-09-09-2309-45121,30.28105,47.35206,311.53,1.44,50,2026-09-09T23:09:00Z,N20,Routine Flare
firms-2026-09-09-2329-45122,-32.00375,26.3884,300.19,0.79,50,2026-09-09T23:29:00Z,N20,Routine Flare
firms-2026-09-09-2309-45123,30.21337,47.38918,342.25,9.55,50,2026-09-09T23:09:00Z,N20,Routine Flare
firms-2026-09-09-2329-45124,-32.33715,26.15436,300.98,0.64,50,2026-09-09T23:29:00Z,N20,Routine Flare
firms-2026-09-09-2309-45125,30.21229,47.39405,346.04,9.55,50,2026-09-09T23:09:00Z,N20,Routine Flare
firms-2026-09-09-2329-45126,-32.33776,26.15848,298.35,0.64,50,2026-09-09T23:29:00Z,N20,Routine Flare
firms-2026-09-09-2309-45127,30.20797,47.3928,345.65,6.69,50,2026-09-09T23:09:00Z,N20,Routine Flare
firms-2026-09-09-2329-45128,-32.34111,26.15775,295.29,0.53,50,2026-09-09T23:29:00Z,N20,Routine Flare
firms-2026-09-09-2309-45129,30.20473,47.3867,317.02,6.69,50,2026-09-09T23:09:00Z,N20,Routine Flare
firms-2026-09-09-2329-45130,-32.34171,26.16187,301.06,0.37,50,2026-09-09T23:29:00Z,N20,Routine Flare
firms-2026-09-09-2309-45131,30.2138,47.38724,338.89,6.25,50,2026-09-09T23:09:00Z,N20,Routine Flare
firms-2026-09-09-2329-45132,-32.34507,26.16113,297.48,0.37,50,2026-09-09T23:29:00Z,N20,Routine Flare
firms-2026-09-09-2309-45133,30.21276,47.39212,341.21,10.99,50,2026-09-09T23:09:00Z,N20,Routine Flare
firms-2026-09-09-2329-45134,-32.72213,28.21524,305.87,1.28,50,2026-09-09T23:29:00Z,N20,Routine Flare
firms-2026-09-09-2309-45135,30.21172,47.397,316.23,10.99,50,2026-09-09T23:09:00Z,N20,Routine Flare
firms-2026-09-09-2329-45136,-32.7234,28.21765,312.29,1.1,50,2026-09-09T23:29:00Z,N20,Routine Flare
firms-2026-09-09-2309-45137,30.20844,47.39087,339.35,3.31,50,2026-09-09T23:09:00Z,N20,Routine Flare
firms-2026-09-09-2309-45138,30.2074,47.39574,313.55,3.31,50,2026-09-09T23:09:00Z,N20,Routine Flare
firms-2026-09-09-2331-45139,-33.95279,25.18738,298.99,0.37,50,2026-09-09T23:31:00Z,N20,Routine Flare
firms-2026-09-09-2309-45140,30.20412,47.38961,319.62,3.31,50,2026-09-09T23:09:00Z,N20,Routine Flare
firms-2026-09-09-2309-45141,30.1998,47.38836,326.33,3.4,50,2026-09-09T23:09:00Z,N20,Routine Flare
firms-2026-09-09-2309-45142,30.17293,47.4065,340.11,4.69,50,2026-09-09T23:09:00Z,N20,Routine Flare
firms-2026-09-09-2309-45143,30.17188,47.41139,310.26,3.58,50,2026-09-09T23:09:00Z,N20,Routine Flare
firms-2026-09-09-2309-45144,30.16648,47.41507,338.88,8.13,50,2026-09-09T23:09:00Z,N20,Routine Flare
firms-2026-09-09-2309-45145,30.16754,47.41016,313.56,8.13,50,2026-09-09T23:09:00Z,N20,Routine Flare
firms-2026-09-09-2309-45146,31.98463,36.11987,320.32,2.73,50,2026-09-09T23:09:00Z,N20,Routine Flare
firms-2026-09-09-2309-45147,29.99279,47.47215,310.07,0.92,50,2026-09-09T23:09:00Z,N20,Routine Flare
firms-2026-09-09-2309-45148,29.2162,50.31357,311.3,0.58,50,2026-09-09T23:09:00Z,N20,Routine Flare
firms-2026-09-09-2309-45149,29.21662,50.31752,313.42,0.69,50,2026-09-09T23:09:00Z,N20,Routine Flare
firms-2026-09-09-2309-45150,29.78684,47.70424,327.89,5.82,50,2026-09-09T23:09:00Z,N20,Routine Flare
firms-2026-09-09-2309-45151,29.78571,47.70942,337.44,5.82,50,2026-09-09T23:09:00Z,N20,Routine Flare
firms-2026-09-09-2309-45152,28.68053,52.09248,322.63,2.87,50,2026-09-09T23:09:00Z,N20,Routine Flare
firms-2026-09-09-2309-45153,29.29108,49.54623,326.15,2.09,50,2026-09-09T23:09:00Z,N20,Routine Flare
firms-2026-09-09-2309-45154,28.58211,51.59125,309.46,2.5,50,2026-09-09T23:09:00Z,N20,Routine Flare
firms-2026-09-09-2309-45155,31.47316,34.4272,304.62,0.6,50,2026-09-09T23:09:00Z,N20,Routine Flare
firms-2026-09-09-2309-45156,29.2148,47.73573,306.42,1.16,50,2026-09-09T23:09:00Z,N20,Routine Flare
firms-2026-09-09-2309-45157,29.00265,48.01949,325.72,3.99,50,2026-09-09T23:09:00Z,N20,Routine Flare
firms-2026-09-09-2309-45158,28.98009,47.98937,308.22,3.12,50,2026-09-09T23:09:00Z,N20,Routine Flare
firms-2026-09-09-2309-45159,28.97795,47.98728,311.32,4.85,50,2026-09-09T23:09:00Z,N20,Routine Flare
firms-2026-09-09-2309-45160,28.02001,51.99907,305,1.01,50,2026-09-09T23:09:00Z,N20,Routine Flare
firms-2026-09-09-2309-45161,29.00654,47.74629,338.02,10.05,50,2026-09-09T23:09:00Z,N20,Routine Flare
firms-2026-09-09-2309-45162,27.93168,52.19563,325.4,5.91,50,2026-09-09T23:09:00Z,N20,Routine Flare
firms-2026-09-09-2309-45163,28.49471,49.71112,353.68,24.82,50,2026-09-09T23:09:00Z,N20,Industrial Fire
firms-2026-09-09-2309-45164,28.49386,49.71467,333.01,24.82,50,2026-09-09T23:09:00Z,N20,Industrial Fire
firms-2026-09-09-2309-45165,28.49301,49.71822,313.97,14.78,50,2026-09-09T23:09:00Z,N20,Routine Flare
firms-2026-09-09-2309-45166,28.88531,47.94274,341.2,30.37,50,2026-09-09T23:09:00Z,N20,Industrial Fire
firms-2026-09-09-2309-45167,28.88297,47.93991,337.09,26.55,50,2026-09-09T23:09:00Z,N20,Industrial Fire
firms-2026-09-09-2312-45168,27.76398,52.168,333.48,6.39,50,2026-09-09T23:12:00Z,N20,Routine Flare
firms-2026-09-09-2312-45169,27.7628,52.17256,367,14.19,50,2026-09-09T23:12:00Z,N20,Industrial Fire
firms-2026-09-09-2312-45170,27.75789,52.16668,315.59,6.39,50,2026-09-09T23:12:00Z,N20,Routine Flare
firms-2026-09-09-2312-45171,27.74833,52.15399,317.55,4.61,50,2026-09-09T23:12:00Z,N20,Routine Flare
firms-2026-09-09-2312-45172,27.76238,52.17117,367,5.92,50,2026-09-09T23:12:00Z,N20,Industrial Fire
firms-2026-09-09-2312-45173,27.76362,52.16631,314.69,5.92,50,2026-09-09T23:12:00Z,N20,Routine Flare
firms-2026-09-09-2312-45174,27.72665,52.21033,311.43,0.67,50,2026-09-09T23:12:00Z,N20,Routine Flare
firms-2026-09-09-2312-45175,27.72353,52.17219,336.13,13.43,50,2026-09-09T23:12:00Z,N20,Routine Flare
firms-2026-09-09-2312-45176,27.72222,52.17728,355.54,12.74,50,2026-09-09T23:12:00Z,N20,Routine Flare
firms-2026-09-09-2312-45177,27.72092,52.18238,320.96,12.74,50,2026-09-09T23:12:00Z,N20,Routine Flare
firms-2026-09-09-2312-45178,27.71365,52.18561,332.07,5.08,50,2026-09-09T23:12:00Z,N20,Routine Flare
firms-2026-09-09-2312-45179,27.71236,52.19061,315.87,5.08,50,2026-09-09T23:12:00Z,N20,Routine Flare
firms-2026-09-09-2312-45180,27.69451,52.23492,316.34,1.35,50,2026-09-09T23:12:00Z,N20,Routine Flare
firms-2026-09-09-2312-45181,27.68847,52.23325,347.97,5.59,50,2026-09-09T23:12:00Z,N20,Routine Flare
firms-2026-09-09-2312-45182,27.68715,52.23838,328.29,5.59,50,2026-09-09T23:12:00Z,N20,Routine Flare
firms-2026-09-09-2312-45183,27.68449,52.24869,350.28,10.24,50,2026-09-09T23:12:00Z,N20,Routine Flare
firms-2026-09-09-2312-45184,27.68314,52.25391,338.6,7.43,50,2026-09-09T23:12:00Z,N20,Routine Flare
firms-2026-09-09-2312-45185,27.48938,52.97004,307.92,2.05,50,2026-09-09T23:12:00Z,N20,Routine Flare
firms-2026-09-09-2312-45186,27.59286,52.52592,313.67,2.1,50,2026-09-09T23:12:00Z,N20,Routine Flare
firms-2026-09-09-2312-45187,27.58138,52.54458,310.24,1.82,50,2026-09-09T23:12:00Z,N20,Routine Flare
firms-2026-09-09-2312-45188,27.56342,52.56269,331.02,5.03,50,2026-09-09T23:12:00Z,N20,Routine Flare
firms-2026-09-09-2312-45189,27.54416,52.58559,320.35,3.83,50,2026-09-09T23:12:00Z,N20,Routine Flare
firms-2026-09-09-2312-45190,27.54296,52.59012,314.98,3.83,50,2026-09-09T23:12:00Z,N20,Routine Flare
firms-2026-09-09-2312-45191,27.53394,52.59919,316.05,5.94,50,2026-09-09T23:12:00Z,N20,Routine Flare
firms-2026-09-09-2312-45192,27.52099,52.59801,342.27,6.4,50,2026-09-09T23:12:00Z,N20,Routine Flare
firms-2026-09-09-2312-45193,27.51689,52.61345,323.36,7.7,50,2026-09-09T23:12:00Z,N20,Routine Flare
firms-2026-09-09-2312-45194,27.51423,52.62346,367,13.71,50,2026-09-09T23:12:00Z,N20,Industrial Fire
firms-2026-09-09-2312-45195,27.51299,52.62816,328.55,13.71,50,2026-09-09T23:12:00Z,N20,Routine Flare
firms-2026-09-09-2312-45196,27.52237,52.59281,318.02,6.4,50,2026-09-09T23:12:00Z,N20,Routine Flare
firms-2026-09-09-2312-45197,27.51559,52.61835,314.74,7.7,50,2026-09-09T23:12:00Z,N20,Routine Flare
firms-2026-09-09-2312-45198,27.505,52.63322,320.92,7.12,50,2026-09-09T23:12:00Z,N20,Routine Flare
firms-2026-09-09-2312-45199,27.50366,52.63824,339.58,7.12,50,2026-09-09T23:12:00Z,N20,Routine Flare
firms-2026-09-09-2312-45200,27.50101,52.6482,367,10.34,50,2026-09-09T23:12:00Z,N20,Industrial Fire
firms-2026-09-09-2312-45201,27.50231,52.64333,319.84,10.34,50,2026-09-09T23:12:00Z,N20,Routine Flare
firms-2026-09-09-2312-45202,27.5479,52.57872,313.56,1.63,50,2026-09-09T23:12:00Z,N20,Routine Flare
firms-2026-09-09-2312-45203,27.54549,52.58806,317.61,1.75,50,2026-09-09T23:12:00Z,N20,Routine Flare
firms-2026-09-09-2312-45204,27.5389,52.58804,319.97,1.09,50,2026-09-09T23:12:00Z,N20,Routine Flare
firms-2026-09-09-2312-45205,27.52999,52.59692,311.73,1.45,50,2026-09-09T23:12:00Z,N20,Routine Flare
firms-2026-09-09-2312-45206,27.51713,52.62104,347.64,4.13,50,2026-09-09T23:12:00Z,N20,Routine Flare
firms-2026-09-09-2312-45207,27.51592,52.62569,338.75,9.69,50,2026-09-09T23:12:00Z,N20,Routine Flare
firms-2026-09-09-2312-45208,27.52361,52.59599,316.69,3.9,50,2026-09-09T23:12:00Z,N20,Routine Flare
firms-2026-09-09-2312-45209,27.51961,52.61148,310.97,1.28,50,2026-09-09T23:12:00Z,N20,Routine Flare
firms-2026-09-09-2312-45210,27.51838,52.61623,310.57,4.13,50,2026-09-09T23:12:00Z,N20,Routine Flare
firms-2026-09-09-2312-45211,27.51735,52.5946,343.12,3.9,50,2026-09-09T23:12:00Z,N20,Routine Flare
firms-2026-09-09-2312-45212,27.50928,52.62574,350.18,9.69,50,2026-09-09T23:12:00Z,N20,Routine Flare
firms-2026-09-09-2312-45213,27.50672,52.63564,342.94,6.52,50,2026-09-09T23:12:00Z,N20,Routine Flare
firms-2026-09-09-2312-45214,27.50543,52.64061,329.84,6.52,50,2026-09-09T23:12:00Z,N20,Routine Flare
firms-2026-09-09-2312-45215,27.5133,52.61027,315.69,1.28,50,2026-09-09T23:12:00Z,N20,Routine Flare
firms-2026-09-09-2312-45216,27.51189,52.61572,313.12,4.13,50,2026-09-09T23:12:00Z,N20,Routine Flare
firms-2026-09-09-2312-45217,27.51058,52.62075,317.19,4.13,50,2026-09-09T23:12:00Z,N20,Routine Flare
firms-2026-09-09-2312-45218,27.49736,52.64614,338.94,8.84,50,2026-09-09T23:12:00Z,N20,Routine Flare
firms-2026-09-09-2312-45219,27.49586,52.65191,349.84,8.84,50,2026-09-09T23:12:00Z,N20,Routine Flare
firms-2026-09-09-2312-45220,27.49876,52.64075,310.96,6.5,50,2026-09-09T23:12:00Z,N20,Routine Flare
firms-2026-09-09-2312-45221,31.12466,29.80992,318.41,1.74,50,2026-09-09T23:12:00Z,N20,Routine Flare
firms-2026-09-09-2312-45222,31.12436,29.81374,310.69,1.74,50,2026-09-09T23:12:00Z,N20,Routine Flare
firms-2026-09-09-2312-45223,31.11995,29.80167,309.7,2.64,50,2026-09-09T23:12:00Z,N20,Routine Flare
firms-2026-09-09-2312-45224,31.09372,29.86413,305,1,50,2026-09-09T23:12:00Z,N20,Routine Flare
firms-2026-09-09-2312-45225,30.72377,33.77123,310.31,1.52,50,2026-09-09T23:12:00Z,N20,Routine Flare
firms-2026-09-09-2312-45226,30.70281,33.84843,314.41,2.68,50,2026-09-09T23:12:00Z,N20,Routine Flare
firms-2026-09-09-2312-45227,30.70234,33.85274,317.18,1.95,50,2026-09-09T23:12:00Z,N20,Routine Flare
firms-2026-09-09-2312-45228,31.09876,26.61557,308.28,0.83,50,2026-09-09T23:12:00Z,N20,Routine Flare
firms-2026-09-09-2312-45229,30.88023,29.45862,311.8,1.46,50,2026-09-09T23:12:00Z,N20,Routine Flare
firms-2026-09-09-2312-45230,30.87994,29.46259,305.15,1.21,50,2026-09-09T23:12:00Z,N20,Routine Flare
firms-2026-09-09-2312-45231,26.79642,53.34422,309.1,0.81,50,2026-09-09T23:12:00Z,N20,Routine Flare
firms-2026-09-09-2312-45232,26.79848,53.34434,313.43,0.71,50,2026-09-09T23:12:00Z,N20,Routine Flare
firms-2026-09-09-2312-45233,30.93571,27.54961,328.13,2.48,50,2026-09-09T23:12:00Z,N20,Routine Flare
firms-2026-09-09-2312-45234,30.9354,27.55484,314.01,2.48,50,2026-09-09T23:12:00Z,N20,Routine Flare
firms-2026-09-09-2312-45235,27.81739,48.863,314.53,5.18,50,2026-09-09T23:12:00Z,N20,Routine Flare
firms-2026-09-09-2312-45236,27.81244,48.86156,367,5.18,50,2026-09-09T23:12:00Z,N20,Industrial Fire
firms-2026-09-09-2312-45237,27.81319,48.85833,317.45,5.18,50,2026-09-09T23:12:00Z,N20,Routine Flare
firms-2026-09-09-2312-45238,27.81465,48.62294,324.35,5.59,50,2026-09-09T23:12:00Z,N20,Routine Flare
firms-2026-09-09-2312-45239,27.81394,48.6261,349.92,4.78,50,2026-09-09T23:12:00Z,N20,Routine Flare
firms-2026-09-09-2312-45240,30.7625,27.46639,299.92,0.45,50,2026-09-09T23:12:00Z,N20,Routine Flare
firms-2026-09-09-2312-45241,30.82538,26.46895,302.75,1.01,50,2026-09-09T23:12:00Z,N20,Routine Flare
firms-2026-09-09-2312-45242,30.76149,27.46568,309.29,0.96,50,2026-09-09T23:12:00Z,N20,Routine Flare
firms-2026-09-09-2312-45243,30.67473,26.3637,311.96,1.33,50,2026-09-09T23:12:00Z,N20,Routine Flare
firms-2026-09-09-2312-45244,30.53717,28.49006,304.65,1.14,50,2026-09-09T23:12:00Z,N20,Routine Flare
firms-2026-09-09-2312-45245,30.5323,26.07849,311.76,1.66,50,2026-09-09T23:12:00Z,N20,Routine Flare
firms-2026-09-09-2312-45246,30.53201,26.08484,304.54,1.64,50,2026-09-09T23:12:00Z,N20,Routine Flare
firms-2026-09-09-2312-45247,30.18826,31.17372,314.81,1.34,50,2026-09-09T23:12:00Z,N20,Routine Flare
firms-2026-09-09-2312-45248,30.1896,31.17264,309.09,1.67,50,2026-09-09T23:12:00Z,N20,Routine Flare
firms-2026-09-09-2312-45249,30.53295,26.07701,311.58,1.36,50,2026-09-09T23:12:00Z,N20,Routine Flare
firms-2026-09-09-2312-45250,30.53262,26.08334,301.62,1.36,50,2026-09-09T23:12:00Z,N20,Routine Flare
firms-2026-09-09-2312-45251,30.10776,31.26686,311,2.2,50,2026-09-09T23:12:00Z,N20,Routine Flare
firms-2026-09-09-2312-45252,27.07594,49.57557,316.28,0.95,50,2026-09-09T23:12:00Z,N20,Routine Flare
firms-2026-09-09-2312-45253,30.36922,27.22349,310.12,1.88,50,2026-09-09T23:12:00Z,N20,Routine Flare
firms-2026-09-09-2312-45254,27.0707,49.57401,314.68,0.95,50,2026-09-09T23:12:00Z,N20,Routine Flare
firms-2026-09-09-2312-45255,27.14908,49.22266,367,4.76,50,2026-09-09T23:12:00Z,N20,Industrial Fire
firms-2026-09-09-2312-45256,27.14992,49.21914,312.77,4.76,50,2026-09-09T23:12:00Z,N20,Routine Flare
firms-2026-09-09-2312-45257,27.07215,49.57698,320.11,4.81,50,2026-09-09T23:12:00Z,N20,Routine Flare
firms-2026-09-09-2312-45258,27.14907,49.22092,345.16,4.41,50,2026-09-09T23:12:00Z,N20,Routine Flare
firms-2026-09-09-2312-45259,27.14826,49.22445,333.07,4.41,50,2026-09-09T23:12:00Z,N20,Routine Flare
firms-2026-09-09-2312-45260,27.06864,49.56802,311.4,4.83,50,2026-09-09T23:12:00Z,N20,Routine Flare
firms-2026-09-09-2312-45261,30.36913,27.22546,319.06,1.66,50,2026-09-09T23:12:00Z,N20,Routine Flare
firms-2026-09-09-2312-45262,27.04332,49.5804,312.71,4.13,50,2026-09-09T23:12:00Z,N20,Routine Flare
firms-2026-09-09-2312-45263,27.04157,49.56396,311.9,4.1,50,2026-09-09T23:12:00Z,N20,Routine Flare
firms-2026-09-09-2312-45264,27.02148,49.57781,318.4,6.94,50,2026-09-09T23:12:00Z,N20,Routine Flare
firms-2026-09-09-2312-45265,27.01623,49.57626,367,6.94,50,2026-09-09T23:12:00Z,N20,Industrial Fire
firms-2026-09-09-2312-45266,26.94956,49.59639,304.98,1.68,50,2026-09-09T23:12:00Z,N20,Routine Flare
firms-2026-09-09-2312-45267,28.2687,43.19743,310.29,2.07,50,2026-09-09T23:12:00Z,N20,Routine Flare
firms-2026-09-09-2312-45268,26.7836,49.99269,315.67,1.35,50,2026-09-09T23:12:00Z,N20,Routine Flare
firms-2026-09-09-2312-45269,29.80423,32.08621,309.77,1.47,50,2026-09-09T23:12:00Z,N20,Routine Flare
firms-2026-09-09-2312-45270,29.80372,32.09146,308.29,1.47,50,2026-09-09T23:12:00Z,N20,Routine Flare
firms-2026-09-09-2312-45271,29.74966,32.2099,308.05,2.38,50,2026-09-09T23:12:00Z,N20,Routine Flare
firms-2026-09-09-2312-45272,29.8235,31.30874,311.49,1.83,50,2026-09-09T23:12:00Z,N20,Routine Flare
firms-2026-09-09-2312-45273,26.69171,50.08673,318.5,1.58,50,2026-09-09T23:12:00Z,N20,Routine Flare
firms-2026-09-09-2312-45274,29.98182,27.78775,306.35,0.82,50,2026-09-09T23:12:00Z,N20,Routine Flare
firms-2026-09-09-2312-45275,29.85452,27.94553,321.24,1.73,50,2026-09-09T23:12:00Z,N20,Routine Flare
firms-2026-09-09-2312-45276,29.70237,29.20603,302.79,0.47,50,2026-09-09T23:12:00Z,N20,Routine Flare
firms-2026-09-09-2312-45277,29.62732,29.46945,314.96,0.76,50,2026-09-09T23:12:00Z,N20,Routine Flare
firms-2026-09-09-2312-45278,25.53527,53.14655,367,16.16,50,2026-09-09T23:12:00Z,N20,Industrial Fire
firms-2026-09-09-2312-45279,25.53699,53.14009,314.95,10.04,50,2026-09-09T23:12:00Z,N20,Routine Flare
firms-2026-09-09-2312-45280,25.53354,53.15301,318.53,16.16,50,2026-09-09T23:12:00Z,N20,Industrial Fire
firms-2026-09-09-2312-45281,25.91842,51.5773,310.65,0.95,50,2026-09-09T23:12:00Z,N20,Routine Flare
firms-2026-09-09-2312-45282,25.90906,51.56334,314.1,0.68,50,2026-09-09T23:12:00Z,N20,Routine Flare
firms-2026-09-09-2312-45283,25.90569,51.55129,330.31,4.18,50,2026-09-09T23:12:00Z,N20,Routine Flare
firms-2026-09-09-2312-45284,25.53248,53.14536,367,15.82,50,2026-09-09T23:12:00Z,N20,Industrial Fire
firms-2026-09-09-2312-45285,25.53079,53.15184,335.45,22.2,50,2026-09-09T23:12:00Z,N20,Industrial Fire
firms-2026-09-09-2312-45286,25.53416,53.13889,314.56,15.82,50,2026-09-09T23:12:00Z,N20,Industrial Fire
firms-2026-09-09-2312-45287,25.91888,51.5756,310.98,1.83,50,2026-09-09T23:12:00Z,N20,Routine Flare
firms-2026-09-09-2312-45288,25.51116,53.14545,318.94,2.33,50,2026-09-09T23:12:00Z,N20,Routine Flare
firms-2026-09-09-2312-45289,25.50946,53.15193,315.64,2.33,50,2026-09-09T23:12:00Z,N20,Routine Flare
firms-2026-09-09-2312-45290,25.90948,51.56154,325.19,2.85,50,2026-09-09T23:12:00Z,N20,Routine Flare
firms-2026-09-09-2312-45291,25.90604,51.54946,314.59,2.44,50,2026-09-09T23:12:00Z,N20,Routine Flare
firms-2026-09-09-2312-45292,25.90476,51.55458,317.41,2.85,50,2026-09-09T23:12:00Z,N20,Routine Flare
firms-2026-09-09-2312-45293,25.90303,51.51001,317,2.27,50,2026-09-09T23:12:00Z,N20,Routine Flare
firms-2026-09-09-2312-45294,25.89536,51.54062,311.11,2.56,50,2026-09-09T23:12:00Z,N20,Routine Flare
firms-2026-09-09-2312-45295,25.88338,51.53695,322.91,1.96,50,2026-09-09T23:12:00Z,N20,Routine Flare
firms-2026-09-09-2312-45296,26.03812,50.56565,319.45,1.76,50,2026-09-09T23:12:00Z,N20,Routine Flare
firms-2026-09-09-2312-45297,26.0347,50.55472,322.34,1.57,50,2026-09-09T23:12:00Z,N20,Routine Flare
firms-2026-09-09-2312-45298,29.04984,33.11492,308.92,1.46,50,2026-09-09T23:12:00Z,N20,Routine Flare
firms-2026-09-09-2312-45299,28.47176,36.5192,317.29,1.94,50,2026-09-09T23:12:00Z,N20,Routine Flare
firms-2026-09-09-2312-45300,28.46885,36.51413,305.94,0.64,50,2026-09-09T23:12:00Z,N20,Routine Flare
firms-2026-09-09-2312-45301,28.8673,33.17851,308.32,1.46,50,2026-09-09T23:12:00Z,N20,Routine Flare
firms-2026-09-09-2312-45302,25.18156,52.87574,312.09,38.22,50,2026-09-09T23:12:00Z,N20,Industrial Fire
firms-2026-09-09-2312-45303,25.17672,52.86735,354.5,26.67,50,2026-09-09T23:12:00Z,N20,Industrial Fire
firms-2026-09-09-2312-45304,25.17505,52.87368,347.29,38.22,50,2026-09-09T23:12:00Z,N20,Industrial Fire
firms-2026-09-09-2312-45305,25.17338,52.88002,332.26,38.22,50,2026-09-09T23:12:00Z,N20,Industrial Fire
firms-2026-09-09-2312-45306,25.17839,52.86102,317.45,26.67,50,2026-09-09T23:12:00Z,N20,Industrial Fire
firms-2026-09-09-2312-45307,25.16688,52.87793,337.53,15.38,50,2026-09-09T23:12:00Z,N20,Industrial Fire
firms-2026-09-09-2312-45308,25.16854,52.87161,315.63,15.38,50,2026-09-09T23:12:00Z,N20,Industrial Fire
firms-2026-09-09-2312-45309,25.16371,52.86322,338.95,14.36,50,2026-09-09T23:12:00Z,N20,Routine Flare
firms-2026-09-09-2312-45310,25.16208,52.86941,354.57,15.38,50,2026-09-09T23:12:00Z,N20,Industrial Fire
firms-2026-09-09-2312-45311,25.16538,52.85691,314.66,14.36,50,2026-09-09T23:12:00Z,N20,Routine Flare
firms-2026-09-09-2312-45312,25.1604,52.87575,318.04,15.38,50,2026-09-09T23:12:00Z,N20,Industrial Fire
firms-2026-09-09-2312-45313,24.90993,53.72668,340.11,6,50,2026-09-09T23:12:00Z,N20,Routine Flare
firms-2026-09-09-2312-45314,24.90796,53.73388,344.35,6,50,2026-09-09T23:12:00Z,N20,Routine Flare
firms-2026-09-09-2312-45315,24.9031,53.72448,314.69,6,50,2026-09-09T23:12:00Z,N20,Routine Flare
firms-2026-09-09-2312-45316,24.90114,53.73169,317.22,6,50,2026-09-09T23:12:00Z,N20,Routine Flare
firms-2026-09-09-2312-45317,25.93238,49.70078,308.96,1.32,50,2026-09-09T23:12:00Z,N20,Routine Flare
firms-2026-09-09-2312-45318,25.17233,52.86924,367,27.76,50,2026-09-09T23:12:00Z,N20,Industrial Fire
firms-2026-09-09-2312-45319,25.17069,52.8756,349.04,27.76,50,2026-09-09T23:12:00Z,N20,Industrial Fire
firms-2026-09-09-2312-45320,25.17397,52.86288,317.42,7.14,50,2026-09-09T23:12:00Z,N20,Routine Flare
firms-2026-09-09-2312-45321,25.16905,52.88196,311.75,11.15,50,2026-09-09T23:12:00Z,N20,Routine Flare
firms-2026-09-09-2312-45322,25.16747,52.86079,322.81,7.14,50,2026-09-09T23:12:00Z,N20,Routine Flare
firms-2026-09-09-2312-45323,25.16584,52.8671,367,27.76,50,2026-09-09T23:12:00Z,N20,Industrial Fire
firms-2026-09-09-2312-45324,25.16422,52.87338,344.82,27.76,50,2026-09-09T23:12:00Z,N20,Industrial Fire
firms-2026-09-09-2312-45325,25.16257,52.87979,327.08,11.15,50,2026-09-09T23:12:00Z,N20,Routine Flare
firms-2026-09-09-2312-45326,25.15772,52.87126,314.66,3.83,50,2026-09-09T23:12:00Z,N20,Routine Flare
firms-2026-09-09-2312-45327,25.93266,49.69993,311.62,1.57,50,2026-09-09T23:12:00Z,N20,Routine Flare
firms-2026-09-09-2312-45328,24.90357,53.72915,367,15.33,50,2026-09-09T23:12:00Z,N20,Industrial Fire
firms-2026-09-09-2312-45329,24.90549,53.72193,319.49,15.33,50,2026-09-09T23:12:00Z,N20,Industrial Fire
firms-2026-09-09-2312-45330,24.84894,53.65675,345.62,11.03,50,2026-09-09T23:12:00Z,N20,Routine Flare
firms-2026-09-09-2312-45331,24.84701,53.66391,347.39,11.03,50,2026-09-09T23:12:00Z,N20,Routine Flare
firms-2026-09-09-2312-45332,25.96382,49.22812,311.23,0.88,50,2026-09-09T23:12:00Z,N20,Routine Flare
firms-2026-09-09-2312-45333,24.79817,53.73438,367,13.99,50,2026-09-09T23:12:00Z,N20,Industrial Fire
firms-2026-09-09-2312-45334,24.80015,53.72714,318.2,8.85,50,2026-09-09T23:12:00Z,N20,Routine Flare
firms-2026-09-09-2312-45335,28.92541,31.07759,309.53,1.67,50,2026-09-09T23:12:00Z,N20,Routine Flare
firms-2026-09-09-2312-45336,24.83985,53.50003,338.72,11.24,50,2026-09-09T23:12:00Z,N20,Routine Flare
firms-2026-09-09-2312-45337,24.83794,53.50703,356.16,11.24,50,2026-09-09T23:12:00Z,N20,Routine Flare
firms-2026-09-09-2312-45338,24.85022,53.65599,326.52,11.51,50,2026-09-09T23:12:00Z,N20,Routine Flare
firms-2026-09-09-2312-45339,24.84832,53.66316,367,16.73,50,2026-09-09T23:12:00Z,N20,Industrial Fire
firms-2026-09-09-2312-45340,24.79998,53.73373,367,8.44,50,2026-09-09T23:12:00Z,N20,Industrial Fire
firms-2026-09-09-2312-45341,24.80191,53.72647,312.17,8.44,50,2026-09-09T23:12:00Z,N20,Routine Flare
firms-2026-09-09-2312-45342,24.84035,53.49864,320.35,10.32,50,2026-09-09T23:12:00Z,N20,Routine Flare
firms-2026-09-09-2312-45343,24.83849,53.50566,367,19.04,50,2026-09-09T23:12:00Z,N20,Industrial Fire
firms-2026-09-09-2312-45344,24.88071,53.07449,312.78,0.15,50,2026-09-09T23:12:00Z,N20,Routine Flare
firms-2026-09-09-2312-45345,24.87878,53.07412,313.44,0.16,50,2026-09-09T23:12:00Z,N20,Routine Flare
firms-2026-09-09-2312-45346,25.38302,50.79552,308.89,2.39,50,2026-09-09T23:12:00Z,N20,Routine Flare
firms-2026-09-09-2312-45347,25.68382,49.40888,311.23,2.18,50,2026-09-09T23:12:00Z,N20,Routine Flare
firms-2026-09-09-2312-45348,25.6824,49.40829,310.72,1.92,50,2026-09-09T23:12:00Z,N20,Routine Flare
firms-2026-09-09-2312-45349,25.64141,49.38817,315.12,2.08,50,2026-09-09T23:12:00Z,N20,Routine Flare
firms-2026-09-09-2312-45350,25.64051,49.39201,314.07,2.08,50,2026-09-09T23:12:00Z,N20,Routine Flare
firms-2026-09-09-2312-45351,25.63961,49.39585,309.78,1.98,50,2026-09-09T23:12:00Z,N20,Routine Flare
firms-2026-09-09-2312-45352,25.63516,49.39048,312.17,1.61,50,2026-09-09T23:12:00Z,N20,Routine Flare
firms-2026-09-09-2312-45353,25.34442,50.20279,309.8,1.18,50,2026-09-09T23:12:00Z,N20,Routine Flare
firms-2026-09-09-2312-45354,28.27776,33.31809,326.08,1.72,50,2026-09-09T23:12:00Z,N20,Routine Flare
firms-2026-09-09-2312-45355,24.93216,51.56195,334.55,6.87,50,2026-09-09T23:12:00Z,N20,Routine Flare
firms-2026-09-09-2312-45356,24.9308,51.56727,334.01,7.88,50,2026-09-09T23:12:00Z,N20,Routine Flare
firms-2026-09-09-2312-45357,24.92789,51.56049,322.91,3.37,50,2026-09-09T23:12:00Z,N20,Routine Flare
firms-2026-09-09-2312-45358,24.92656,51.56585,338.39,3.37,50,2026-09-09T23:12:00Z,N20,Routine Flare
firms-2026-09-09-2312-45359,24.92044,51.56398,311.02,3.37,50,2026-09-09T23:12:00Z,N20,Routine Flare
firms-2026-09-09-2312-45360,26.49161,43.96327,314.51,3.2,50,2026-09-09T23:12:00Z,N20,Routine Flare
firms-2026-09-09-2312-45361,25.28313,49.36404,308.77,0.85,50,2026-09-09T23:12:00Z,N20,Routine Flare
firms-2026-09-09-2312-45362,25.17724,49.32193,311.96,1.22,50,2026-09-09T23:12:00Z,N20,Routine Flare
firms-2026-09-09-2312-45363,25.17279,49.31644,308.09,1.22,50,2026-09-09T23:12:00Z,N20,Routine Flare
firms-2026-09-09-2312-45364,26.1952,44.38239,332.57,7.43,50,2026-09-09T23:12:00Z,N20,Routine Flare
firms-2026-09-09-2312-45365,26.19126,44.38141,321.59,6.21,50,2026-09-09T23:12:00Z,N20,Routine Flare
firms-2026-09-09-2312-45366,25.04018,49.26728,305.95,0.39,50,2026-09-09T23:12:00Z,N20,Routine Flare
firms-2026-09-09-2312-45367,25.03924,49.26698,305.72,0.54,50,2026-09-09T23:12:00Z,N20,Routine Flare
firms-2026-09-09-2312-45368,24.12496,52.74747,330.05,12.56,50,2026-09-09T23:12:00Z,N20,Routine Flare
firms-2026-09-09-2312-45369,24.12323,52.75411,367,12.56,50,2026-09-09T23:12:00Z,N20,Industrial Fire
firms-2026-09-09-2312-45370,24.1236,52.69805,311.24,4.33,50,2026-09-09T23:12:00Z,N20,Routine Flare
firms-2026-09-09-2312-45371,24.12053,52.70045,316.41,3.39,50,2026-09-09T23:12:00Z,N20,Routine Flare
firms-2026-09-09-2312-45372,24.87474,49.2314,327.67,1.86,50,2026-09-09T23:12:00Z,N20,Routine Flare
firms-2026-09-09-2312-45373,24.80148,49.3456,339.91,4.75,50,2026-09-09T23:12:00Z,N20,Routine Flare
firms-2026-09-09-2312-45374,24.80053,49.34957,312.16,5.01,50,2026-09-09T23:12:00Z,N20,Routine Flare
firms-2026-09-09-2312-45375,24.80159,49.34565,333.93,4.71,50,2026-09-09T23:12:00Z,N20,Routine Flare
firms-2026-09-09-2312-45376,24.80067,49.34962,317.53,2.64,50,2026-09-09T23:12:00Z,N20,Routine Flare
firms-2026-09-09-2312-45377,24.79432,49.35204,312.3,2.64,50,2026-09-09T23:12:00Z,N20,Routine Flare
firms-2026-09-09-2312-45378,27.47175,33.6215,307.23,0.7,50,2026-09-09T23:12:00Z,N20,Routine Flare
firms-2026-09-09-2312-45379,24.53501,49.22491,312.99,0.74,50,2026-09-09T23:12:00Z,N20,Routine Flare
firms-2026-09-09-2312-45380,24.50175,49.14512,313.9,1,50,2026-09-09T23:12:00Z,N20,Routine Flare
firms-2026-09-09-2312-45381,24.94803,47.06033,309.77,5.88,50,2026-09-09T23:12:00Z,N20,Routine Flare
firms-2026-09-09-2318-45382,6.29107,35.89786,301.41,0.6,50,2026-09-09T23:18:00Z,N20,Routine Flare
firms-2026-09-09-2312-45383,24.7039,47.5308,327.82,3.34,50,2026-09-09T23:12:00Z,N20,Routine Flare
firms-2026-09-09-2312-45384,24.35762,48.35861,367,7.37,50,2026-09-09T23:12:00Z,N20,Industrial Fire
firms-2026-09-09-2318-45385,6.28765,35.89743,302.61,0.93,50,2026-09-09T23:18:00Z,N20,Routine Flare
firms-2026-09-09-2312-45386,27.16853,31.0136,317.36,3.74,50,2026-09-09T23:12:00Z,N20,Routine Flare
firms-2026-09-09-2312-45387,24.15556,49.0688,348.13,5.02,50,2026-09-09T23:12:00Z,N20,Routine Flare
firms-2026-09-09-2318-45388,5.44743,40.86877,306.24,1.62,50,2026-09-09T23:18:00Z,N20,Routine Flare
firms-2026-09-09-2312-45389,24.57164,46.88644,309.97,4.16,50,2026-09-09T23:12:00Z,N20,Routine Flare
firms-2026-09-09-2312-45390,24.04457,49.19978,311.45,1.34,50,2026-09-09T23:12:00Z,N20,Routine Flare
firms-2026-09-09-2318-45391,6.06578,33.90188,303.13,0.43,50,2026-09-09T23:18:00Z,N20,Routine Flare
firms-2026-09-09-2312-45392,24.59983,46.57115,317.6,2.01,50,2026-09-09T23:12:00Z,N20,Routine Flare
firms-2026-09-09-2318-45393,6.07279,33.81463,301.79,0.71,50,2026-09-09T23:18:00Z,N20,Routine Flare
firms-2026-09-09-2312-45394,24.59525,46.56973,314.66,2.01,50,2026-09-09T23:12:00Z,N20,Routine Flare
firms-2026-09-09-2318-45395,5.63373,35.7111,330.25,4.91,50,2026-09-09T23:18:00Z,N20,Routine Flare
firms-2026-09-09-2312-45396,23.97704,49.06713,307.67,0.8,50,2026-09-09T23:12:00Z,N20,Routine Flare
firms-2026-09-09-2318-45397,5.17337,32.0809,296.42,0.32,50,2026-09-09T23:18:00Z,N20,Routine Flare
firms-2026-09-09-2312-45398,24.6974,44.97078,306.65,1.25,50,2026-09-09T23:12:00Z,N20,Routine Flare
firms-2026-09-09-2318-45399,4.04317,34.46197,306.43,0.46,50,2026-09-09T23:18:00Z,N20,Routine Flare
firms-2026-09-09-2312-45400,24.29312,46.30688,314.5,4.96,50,2026-09-09T23:12:00Z,N20,Routine Flare
firms-2026-09-09-2318-45401,4.03985,34.46139,309.9,0.46,50,2026-09-09T23:18:00Z,N20,Routine Flare
firms-2026-09-09-2312-45402,26.25698,32.97178,308.6,0.56,50,2026-09-09T23:12:00Z,N20,Routine Flare
firms-2026-09-09-2318-45403,3.97589,33.83853,311.32,0.85,50,2026-09-09T23:18:00Z,N20,Routine Flare
firms-2026-09-09-2312-45404,26.25466,32.96995,309.5,0.89,50,2026-09-09T23:12:00Z,N20,Routine Flare
firms-2026-09-09-2318-45405,3.83925,34.12003,304.85,0.5,50,2026-09-09T23:18:00Z,N20,Routine Flare
firms-2026-09-09-2312-45406,25.48631,29.36902,312.3,2.25,50,2026-09-09T23:12:00Z,N20,Routine Flare
firms-2026-09-09-2318-45407,3.9047,33.66503,323.59,1.62,50,2026-09-09T23:18:00Z,N20,Routine Flare
firms-2026-09-09-2314-45408,24.27592,37.56268,315.72,1.76,50,2026-09-09T23:14:00Z,N20,Routine Flare
firms-2026-09-09-2318-45409,3.90416,33.66846,338.68,3.62,50,2026-09-09T23:18:00Z,N20,Routine Flare
firms-2026-09-09-2314-45410,23.97853,38.25206,323.88,1.26,50,2026-09-09T23:14:00Z,N20,Routine Flare
firms-2026-09-09-2318-45411,3.90361,33.6719,331.94,3.62,50,2026-09-09T23:18:00Z,N20,Routine Flare
firms-2026-09-09-2314-45412,23.94926,38.26585,314.93,1,50,2026-09-09T23:14:00Z,N20,Routine Flare
firms-2026-09-09-2314-45413,21.91801,41.2595,310.38,1.56,50,2026-09-09T23:14:00Z,N20,Routine Flare
firms-2026-09-09-2318-45414,3.89977,33.67481,311.96,1.25,50,2026-09-09T23:18:00Z,N20,Routine Flare
firms-2026-09-09-2314-45415,20.50405,44.78595,303.87,0.6,50,2026-09-09T23:14:00Z,N20,Routine Flare
firms-2026-09-09-2318-45416,3.89647,33.67429,325.96,1.16,50,2026-09-09T23:18:00Z,N20,Routine Flare
firms-2026-09-09-2314-45417,21.24395,39.33093,311.44,4.17,50,2026-09-09T23:14:00Z,N20,Routine Flare
firms-2026-09-09-2318-45418,3.89593,33.67773,304,1.16,50,2026-09-09T23:18:00Z,N20,Routine Flare
firms-2026-09-09-2318-45419,3.89263,33.67721,308.88,1.16,50,2026-09-09T23:18:00Z,N20,Routine Flare
firms-2026-09-09-2314-45420,19.52056,42.53619,314.11,1.72,50,2026-09-09T23:14:00Z,N20,Routine Flare
firms-2026-09-09-2318-45421,3.88879,33.68012,313.53,1.18,50,2026-09-09T23:18:00Z,N20,Routine Flare
firms-2026-09-09-2314-45422,19.09992,41.15525,310.46,3.2,50,2026-09-09T23:14:00Z,N20,Routine Flare
firms-2026-09-09-2318-45423,3.82649,33.96607,306.4,1.16,50,2026-09-09T23:18:00Z,N20,Routine Flare
firms-2026-09-09-2318-45424,3.82432,33.97976,314.94,1.74,50,2026-09-09T23:18:00Z,N20,Routine Flare
firms-2026-09-09-2314-45425,16.93896,42.63316,310.3,4.34,50,2026-09-09T23:14:00Z,N20,Routine Flare
firms-2026-09-09-2318-45426,3.8232,33.9655,319.85,2.49,50,2026-09-09T23:18:00Z,N20,Routine Flare
firms-2026-09-09-2314-45427,15.61425,46.01068,302.01,0.79,50,2026-09-09T23:14:00Z,N20,Routine Flare
firms-2026-09-09-2318-45428,3.82048,33.98263,299.11,0.76,50,2026-09-09T23:18:00Z,N20,Routine Flare
firms-2026-09-09-2314-45429,15.61602,46.01876,300.4,0.6,50,2026-09-09T23:14:00Z,N20,Routine Flare
firms-2026-09-09-2318-45430,3.81884,33.97172,318.82,1.24,50,2026-09-09T23:18:00Z,N20,Routine Flare
firms-2026-09-09-2314-45431,15.61208,46.01046,306.89,1.58,50,2026-09-09T23:14:00Z,N20,Routine Flare
firms-2026-09-09-2318-45432,3.81714,33.93981,320.2,1.64,50,2026-09-09T23:18:00Z,N20,Routine Flare
firms-2026-09-09-2314-45433,15.58202,45.80224,312.64,2.61,50,2026-09-09T23:14:00Z,N20,Routine Flare
firms-2026-09-09-2318-45434,3.81443,33.95692,304.54,1.14,50,2026-09-09T23:18:00Z,N20,Routine Flare
firms-2026-09-09-2318-45435,3.81348,33.93901,321.97,1.77,50,2026-09-09T23:18:00Z,N20,Routine Flare
firms-2026-09-09-2314-45436,15.48259,44.15056,307.4,2.69,50,2026-09-09T23:14:00Z,N20,Routine Flare
firms-2026-09-09-2318-45437,3.81239,33.94586,309.9,1.41,50,2026-09-09T23:18:00Z,N20,Routine Flare
firms-2026-09-09-2316-45438,13.57065,39.4748,299.78,1.21,50,2026-09-09T23:16:00Z,N20,Routine Flare
firms-2026-09-09-2318-45439,3.81943,33.88021,306.18,0.8,50,2026-09-09T23:18:00Z,N20,Routine Flare
firms-2026-09-09-2316-45440,13.57195,39.47248,297.6,0.76,50,2026-09-09T23:16:00Z,N20,Routine Flare
firms-2026-09-09-2318-45441,3.7746,34.09903,298.99,0.49,50,2026-09-09T23:18:00Z,N20,Routine Flare
firms-2026-09-09-2318-45442,7.75199,41.01556,300.44,0.92,50,2026-09-09T23:18:00Z,N20,Routine Flare
firms-2026-09-09-2318-45443,3.72615,34.12668,296.57,0.23,50,2026-09-09T23:18:00Z,N20,Routine Flare
firms-2026-09-09-2318-45444,7.7529,41.01707,299.99,0.87,50,2026-09-09T23:18:00Z,N20,Routine Flare
firms-2026-09-09-2318-45445,3.47484,33.93159,311.76,0.89,50,2026-09-09T23:18:00Z,N20,Routine Flare
firms-2026-09-09-2318-45446,7.04162,40.44751,299.71,0.35,50,2026-09-09T23:18:00Z,N20,Routine Flare
firms-2026-09-09-2320-45447,2.50679,34.55178,301.5,0.61,50,2026-09-09T23:20:00Z,N20,Routine Flare
firms-2026-09-09-2318-45448,7.03716,40.44754,318.21,1.8,50,2026-09-09T23:18:00Z,N20,Routine Flare
firms-2026-09-09-2320-45449,1.88642,35.77182,334.04,2.74,50,2026-09-09T23:20:00Z,N20,Routine Flare
firms-2026-09-09-2320-45450,1.88297,35.77082,319.61,2.74,50,2026-09-09T23:20:00Z,N20,Routine Flare
firms-2026-09-09-2320-45451,1.0907,38.87593,322.38,1,50,2026-09-09T23:20:00Z,N20,Routine Flare
firms-2026-09-09-2320-45452,1.09135,38.87189,306.28,1,50,2026-09-09T23:20:00Z,N20,Routine Flare
firms-2026-09-09-2320-45453,1.08707,38.87122,327.81,7.53,50,2026-09-09T23:20:00Z,N20,Routine Flare
firms-2026-09-09-2320-45454,1.08641,38.87525,338.26,7.53,50,2026-09-09T23:20:00Z,N20,Routine Flare
firms-2026-09-09-2320-45455,1.90079,26.36679,316.08,2.39,50,2026-09-09T23:20:00Z,N20,Routine Flare
firms-2026-09-09-2320-45456,1.89556,26.37064,305.43,2.39,50,2026-09-09T23:20:00Z,N20,Routine Flare
firms-2026-09-09-2320-45457,0.23901,30.85056,297.73,0.51,50,2026-09-09T23:20:00Z,N20,Routine Flare
firms-2026-09-09-2320-45458,-0.04746,29.75576,299.39,0.85,50,2026-09-09T23:20:00Z,N20,Routine Flare
firms-2026-09-09-2320-45459,-0.0481,29.75981,299.52,0.85,50,2026-09-09T23:20:00Z,N20,Routine Flare
firms-2026-09-09-2320-45460,-0.04874,29.76386,298.45,1.87,50,2026-09-09T23:20:00Z,N20,Routine Flare
firms-2026-09-09-2320-45461,-0.0523,29.76328,356.27,5.98,50,2026-09-09T23:20:00Z,N20,Routine Flare
firms-2026-09-09-2320-45462,-0.05166,29.75923,299.5,3.11,50,2026-09-09T23:20:00Z,N20,Routine Flare
firms-2026-09-09-2320-45463,-0.05293,29.76732,300.68,5.98,50,2026-09-09T23:20:00Z,N20,Routine Flare
firms-2026-09-09-2320-45464,-0.05649,29.76674,331.75,5.98,50,2026-09-09T23:20:00Z,N20,Routine Flare
firms-2026-09-09-2320-45465,-0.05586,29.7627,315.34,5.98,50,2026-09-09T23:20:00Z,N20,Routine Flare
firms-2026-09-09-2320-45466,-0.05942,29.76213,302.98,1.34,50,2026-09-09T23:20:00Z,N20,Routine Flare
firms-2026-09-09-2320-45467,-0.06005,29.76616,306.92,1.34,50,2026-09-09T23:20:00Z,N20,Routine Flare
firms-2026-09-09-2320-45468,-0.21305,30.49814,295.15,0.34,50,2026-09-09T23:20:00Z,N20,Routine Flare
firms-2026-09-09-2320-45469,-0.21654,30.4979,301.02,0.34,50,2026-09-09T23:20:00Z,N20,Routine Flare
firms-2026-09-09-2320-45470,-0.3517,31.08386,307.45,1.43,50,2026-09-09T23:20:00Z,N20,Routine Flare
firms-2026-09-09-2320-45471,-0.14098,29.47319,314.12,0.95,50,2026-09-09T23:20:00Z,N20,Routine Flare
firms-2026-09-09-2320-45472,-0.36487,30.14212,295.32,0.34,50,2026-09-09T23:20:00Z,N20,Routine Flare
firms-2026-09-09-2320-45473,-0.39247,30.31897,298.03,0.74,50,2026-09-09T23:20:00Z,N20,Routine Flare
firms-2026-09-09-2320-45474,-0.75678,31.20024,302.74,0.55,50,2026-09-09T23:20:00Z,N20,Routine Flare
firms-2026-09-09-2320-45475,-0.71464,30.82835,321.1,1.19,50,2026-09-09T23:20:00Z,N20,Routine Flare
firms-2026-09-09-2320-45476,-0.71405,30.82463,297.65,1.44,50,2026-09-09T23:20:00Z,N20,Routine Flare
firms-2026-09-09-2320-45477,-0.71806,30.82795,298.7,1.19,50,2026-09-09T23:20:00Z,N20,Routine Flare
firms-2026-09-09-2320-45478,-0.76291,30.67135,297.65,0.66,50,2026-09-09T23:20:00Z,N20,Routine Flare
firms-2026-09-09-2320-45479,-0.76633,30.67088,313.97,1.22,50,2026-09-09T23:20:00Z,N20,Routine Flare
firms-2026-09-09-2320-45480,-0.76974,30.67041,303.1,1.22,50,2026-09-09T23:20:00Z,N20,Routine Flare
firms-2026-09-09-2320-45481,-0.91771,31.61059,304.73,1.08,50,2026-09-09T23:20:00Z,N20,Routine Flare
firms-2026-09-09-2320-45482,-0.79713,30.80048,297.67,0.56,50,2026-09-09T23:20:00Z,N20,Routine Flare
firms-2026-09-09-2320-45483,-0.79809,30.80028,295.66,0.36,50,2026-09-09T23:20:00Z,N20,Routine Flare
firms-2026-09-09-2320-45484,-1.0511,31.66058,295.87,0.29,50,2026-09-09T23:20:00Z,N20,Routine Flare
firms-2026-09-09-2320-45485,-1.12118,31.82354,300.69,0.44,50,2026-09-09T23:20:00Z,N20,Routine Flare
firms-2026-09-09-2320-45486,-0.95259,30.21028,305.14,0.89,50,2026-09-09T23:20:00Z,N20,Routine Flare
firms-2026-09-09-2320-45487,-1.12442,30.80183,298.87,1.01,50,2026-09-09T23:20:00Z,N20,Routine Flare
firms-2026-09-09-2320-45488,-1.26819,31.57284,311.52,1.7,50,2026-09-09T23:20:00Z,N20,Routine Flare
firms-2026-09-09-2320-45489,-1.27151,31.57231,321.3,1.7,50,2026-09-09T23:20:00Z,N20,Routine Flare
firms-2026-09-09-2320-45490,-1.27705,31.56432,316.59,1.2,50,2026-09-09T23:20:00Z,N20,Routine Flare
firms-2026-09-09-2320-45491,-1.27761,31.56779,303.46,1.28,50,2026-09-09T23:20:00Z,N20,Routine Flare
firms-2026-09-09-2320-45492,-1.85191,35.21952,309.45,1.28,50,2026-09-09T23:20:00Z,N20,Routine Flare
firms-2026-09-09-2320-45493,-1.85254,35.22356,296.47,0.66,50,2026-09-09T23:20:00Z,N20,Routine Flare
firms-2026-09-09-2320-45494,-1.03296,29.80864,299.67,0.77,50,2026-09-09T23:20:00Z,N20,Routine Flare
firms-2026-09-09-2320-45495,-0.96586,29.31478,298.86,0.71,50,2026-09-09T23:20:00Z,N20,Routine Flare
firms-2026-09-09-2320-45496,-0.96648,29.31871,300.38,0.71,50,2026-09-09T23:20:00Z,N20,Routine Flare
firms-2026-09-09-2320-45497,-1.19977,30.66386,304.93,0.76,50,2026-09-09T23:20:00Z,N20,Routine Flare
firms-2026-09-09-2320-45498,-1.365,31.6256,302.73,0.63,50,2026-09-09T23:20:00Z,N20,Routine Flare
firms-2026-09-09-2320-45499,-1.43952,31.73096,304.25,0.6,50,2026-09-09T23:20:00Z,N20,Routine Flare
firms-2026-09-09-2320-45500,-1.38229,31.13205,301.04,0.42,50,2026-09-09T23:20:00Z,N20,Routine Flare
firms-2026-09-09-2320-45501,-1.49589,31.53022,296.5,0.49,50,2026-09-09T23:20:00Z,N20,Routine Flare
firms-2026-09-09-2320-45502,-1.55785,31.57759,310,1.3,50,2026-09-09T23:20:00Z,N20,Routine Flare
firms-2026-09-09-2320-45503,-1.62933,31.87748,311.04,0.76,50,2026-09-09T23:20:00Z,N20,Routine Flare
firms-2026-09-09-2320-45504,-1.47531,30.14803,303.45,0.8,50,2026-09-09T23:20:00Z,N20,Routine Flare
firms-2026-09-09-2320-45505,-1.37595,29.18581,295.78,1.25,50,2026-09-09T23:20:00Z,N20,Routine Flare
firms-2026-09-09-2320-45506,-1.3789,29.18104,334.54,20.76,50,2026-09-09T23:20:00Z,N20,Industrial Fire
firms-2026-09-09-2320-45507,-1.37958,29.18537,330.23,20.76,50,2026-09-09T23:20:00Z,N20,Industrial Fire
firms-2026-09-09-2320-45508,-1.38026,29.18969,300.94,3.06,50,2026-09-09T23:20:00Z,N20,Routine Flare
firms-2026-09-09-2320-45509,-1.38252,29.18061,327.6,20.76,50,2026-09-09T23:20:00Z,N20,Industrial Fire
firms-2026-09-09-2320-45510,-1.38321,29.18494,350.23,20.76,50,2026-09-09T23:20:00Z,N20,Industrial Fire
firms-2026-09-09-2320-45511,-1.38389,29.18928,312.07,3.06,50,2026-09-09T23:20:00Z,N20,Routine Flare
firms-2026-09-09-2320-45512,-1.38683,29.18452,339.34,4.96,50,2026-09-09T23:20:00Z,N20,Routine Flare
firms-2026-09-09-2320-45513,-1.38752,29.18886,334.27,8.09,50,2026-09-09T23:20:00Z,N20,Routine Flare
firms-2026-09-09-2320-45514,-1.38615,29.18019,300.71,4.96,50,2026-09-09T23:20:00Z,N20,Routine Flare
firms-2026-09-09-2320-45515,-1.38821,29.19326,299.69,8.09,50,2026-09-09T23:20:00Z,N20,Routine Flare
firms-2026-09-09-2320-45516,-2.2449,34.61045,298.88,0.6,50,2026-09-09T23:20:00Z,N20,Routine Flare
firms-2026-09-09-2320-45517,-1.39048,29.1842,322.62,4.96,50,2026-09-09T23:20:00Z,N20,Routine Flare
firms-2026-09-09-2320-45518,-1.39117,29.18861,356.37,8.09,50,2026-09-09T23:20:00Z,N20,Routine Flare
firms-2026-09-09-2320-45519,-1.39185,29.19299,338.32,8.09,50,2026-09-09T23:20:00Z,N20,Routine Flare
firms-2026-09-09-2320-45520,-1.39253,29.19732,330.28,6.41,50,2026-09-09T23:20:00Z,N20,Routine Flare
firms-2026-09-09-2320-45521,-1.39482,29.18835,325.1,8.19,50,2026-09-09T23:20:00Z,N20,Routine Flare
firms-2026-09-09-2320-45522,-1.3955,29.19273,353.78,8.19,50,2026-09-09T23:20:00Z,N20,Routine Flare
firms-2026-09-09-2320-45523,-1.39618,29.19706,331.85,4.65,50,2026-09-09T23:20:00Z,N20,Routine Flare
firms-2026-09-09-2320-45524,-1.39412,29.18389,295.6,1.11,50,2026-09-09T23:20:00Z,N20,Routine Flare
firms-2026-09-09-2320-45525,-1.39685,29.20135,299.4,4.65,50,2026-09-09T23:20:00Z,N20,Routine Flare
firms-2026-09-09-2320-45526,-1.39751,29.20553,308.08,1.06,50,2026-09-09T23:20:00Z,N20,Routine Flare
firms-2026-09-09-2320-45527,-1.39815,29.2096,296.97,1.06,50,2026-09-09T23:20:00Z,N20,Routine Flare
firms-2026-09-09-2320-45528,-1.39915,29.19245,335.38,8.19,50,2026-09-09T23:20:00Z,N20,Routine Flare
firms-2026-09-09-2320-45529,-1.39983,29.19679,333.48,4.65,50,2026-09-09T23:20:00Z,N20,Routine Flare
firms-2026-09-09-2320-45530,-1.40115,29.20525,326.75,1.06,50,2026-09-09T23:20:00Z,N20,Routine Flare
firms-2026-09-09-2320-45531,-1.39846,29.18805,301.81,8.19,50,2026-09-09T23:20:00Z,N20,Routine Flare
firms-2026-09-09-2320-45532,-1.40049,29.20106,311.37,4.65,50,2026-09-09T23:20:00Z,N20,Routine Flare
firms-2026-09-09-2320-45533,-1.4018,29.20936,309.68,1.06,50,2026-09-09T23:20:00Z,N20,Routine Flare
firms-2026-09-09-2320-45534,-1.40243,29.21335,298.34,1.02,50,2026-09-09T23:20:00Z,N20,Routine Flare
firms-2026-09-09-2320-45535,-1.40347,29.19649,324.35,11.22,50,2026-09-09T23:20:00Z,N20,Routine Flare
firms-2026-09-09-2320-45536,-1.40413,29.20075,350.62,11.22,50,2026-09-09T23:20:00Z,N20,Routine Flare
firms-2026-09-09-2320-45537,-1.40478,29.2049,356.62,133.21,50,2026-09-09T23:20:00Z,N20,Industrial Fire
firms-2026-09-09-2320-45538,-1.40543,29.209,337.45,133.21,50,2026-09-09T23:20:00Z,N20,Industrial Fire
firms-2026-09-09-2320-45539,-1.40279,29.19215,311.7,1.7,50,2026-09-09T23:20:00Z,N20,Routine Flare
firms-2026-09-09-2320-45540,-1.40606,29.21299,308.65,1.4,50,2026-09-09T23:20:00Z,N20,Routine Flare
firms-2026-09-09-2320-45541,-1.40707,29.19594,321.72,11.22,50,2026-09-09T23:20:00Z,N20,Routine Flare
firms-2026-09-09-2320-45542,-1.40773,29.20014,353.54,11.22,50,2026-09-09T23:20:00Z,N20,Routine Flare
firms-2026-09-09-2320-45543,-1.40838,29.20432,367,133.21,50,2026-09-09T23:20:00Z,N20,Industrial Fire
firms-2026-09-09-2320-45544,-1.40903,29.20845,347.03,133.21,50,2026-09-09T23:20:00Z,N20,Industrial Fire
firms-2026-09-09-2320-45545,-1.4064,29.19165,300.74,1.7,50,2026-09-09T23:20:00Z,N20,Routine Flare
firms-2026-09-09-2320-45546,-1.40967,29.21251,318,1.4,50,2026-09-09T23:20:00Z,N20,Routine Flare
firms-2026-09-09-2320-45547,-1.41027,29.2163,298.05,1.4,50,2026-09-09T23:20:00Z,N20,Routine Flare
firms-2026-09-09-2320-45548,-1.41132,29.19951,351.89,6.57,50,2026-09-09T23:20:00Z,N20,Routine Flare
firms-2026-09-09-2320-45549,-1.41198,29.2037,327.4,65.88,50,2026-09-09T23:20:00Z,N20,Industrial Fire
firms-2026-09-09-2320-45550,-1.41263,29.20788,350.65,65.88,50,2026-09-09T23:20:00Z,N20,Industrial Fire
firms-2026-09-09-2320-45551,-1.41,29.19101,297.87,1.05,50,2026-09-09T23:20:00Z,N20,Routine Flare
firms-2026-09-09-2320-45552,-1.41066,29.1953,317.2,6.57,50,2026-09-09T23:20:00Z,N20,Routine Flare
firms-2026-09-09-2320-45553,-1.41327,29.21197,315.77,1.66,50,2026-09-09T23:20:00Z,N20,Routine Flare
firms-2026-09-09-2320-45554,-1.41388,29.21578,297.32,1.66,50,2026-09-09T23:20:00Z,N20,Routine Flare
firms-2026-09-09-2320-45555,-1.41492,29.19891,325.46,6.57,50,2026-09-09T23:20:00Z,N20,Routine Flare
firms-2026-09-09-2320-45556,-1.41558,29.20311,344.35,65.88,50,2026-09-09T23:20:00Z,N20,Industrial Fire
firms-2026-09-09-2320-45557,-1.41622,29.20726,334.41,65.88,50,2026-09-09T23:20:00Z,N20,Industrial Fire
firms-2026-09-09-2320-45558,-1.41426,29.19466,306.61,6.57,50,2026-09-09T23:20:00Z,N20,Routine Flare
firms-2026-09-09-2320-45559,-1.41686,29.21134,305.33,1.66,50,2026-09-09T23:20:00Z,N20,Routine Flare
firms-2026-09-09-2320-45560,-1.40877,29.19665,326.82,27.57,50,2026-09-09T23:20:00Z,N20,Industrial Fire
firms-2026-09-09-2320-45561,-1.40945,29.20084,354.67,27.57,50,2026-09-09T23:20:00Z,N20,Industrial Fire
firms-2026-09-09-2320-45562,-1.41081,29.20916,347.56,210.74,50,2026-09-09T23:20:00Z,N20,Industrial Fire
firms-2026-09-09-2320-45563,-1.40808,29.19238,301.47,0.9,50,2026-09-09T23:20:00Z,N20,Routine Flare
firms-2026-09-09-2320-45564,-1.41146,29.21318,312.31,1.14,50,2026-09-09T23:20:00Z,N20,Routine Flare
firms-2026-09-09-2320-45565,-1.41206,29.21693,295.22,1.14,50,2026-09-09T23:20:00Z,N20,Routine Flare
firms-2026-09-09-2320-45566,-1.41304,29.20022,349.74,27.57,50,2026-09-09T23:20:00Z,N20,Industrial Fire
firms-2026-09-09-2320-45567,-1.41372,29.20441,355.8,210.74,50,2026-09-09T23:20:00Z,N20,Industrial Fire
firms-2026-09-09-2320-45568,-1.4144,29.20856,338.31,210.74,50,2026-09-09T23:20:00Z,N20,Industrial Fire
firms-2026-09-09-2320-45569,-1.41167,29.19175,298.34,0.9,50,2026-09-09T23:20:00Z,N20,Routine Flare
firms-2026-09-09-2320-45570,-1.41236,29.19601,317.47,27.57,50,2026-09-09T23:20:00Z,N20,Industrial Fire
firms-2026-09-09-2320-45571,-1.41505,29.21258,306.14,1.14,50,2026-09-09T23:20:00Z,N20,Routine Flare
firms-2026-09-09-2320-45572,-1.41732,29.20383,329.87,2.21,50,2026-09-09T23:20:00Z,N20,Routine Flare
firms-2026-09-09-2320-45573,-1.41799,29.20794,321.57,2.21,50,2026-09-09T23:20:00Z,N20,Routine Flare
firms-2026-09-09-2320-45574,-1.41595,29.1954,305,1.15,50,2026-09-09T23:20:00Z,N20,Routine Flare
firms-2026-09-09-2320-45575,-1.41664,29.19964,316.85,1.15,50,2026-09-09T23:20:00Z,N20,Routine Flare
firms-2026-09-09-2320-45576,-1.41864,29.21195,297.1,0.94,50,2026-09-09T23:20:00Z,N20,Routine Flare
firms-2026-09-09-2320-45577,-1.41954,29.19475,297.21,1.15,50,2026-09-09T23:20:00Z,N20,Routine Flare
firms-2026-09-09-2320-45578,-1.42024,29.19903,303.88,1.15,50,2026-09-09T23:20:00Z,N20,Routine Flare
firms-2026-09-09-2320-45579,-1.42091,29.20321,308.03,2.21,50,2026-09-09T23:20:00Z,N20,Routine Flare
firms-2026-09-09-2320-45580,-1.42157,29.20727,295.42,2.21,50,2026-09-09T23:20:00Z,N20,Routine Flare
firms-2026-09-09-2320-45581,-1.4231,29.19392,295.99,0.75,50,2026-09-09T23:20:00Z,N20,Routine Flare
firms-2026-09-09-2320-45582,-1.42664,29.19297,298.26,0.75,50,2026-09-09T23:20:00Z,N20,Routine Flare
firms-2026-09-09-2320-45583,-1.42948,29.18767,299.94,1.12,50,2026-09-09T23:20:00Z,N20,Routine Flare
firms-2026-09-09-2320-45584,-1.43233,29.18244,302.47,1.12,50,2026-09-09T23:20:00Z,N20,Routine Flare
firms-2026-09-09-2320-45585,-1.43303,29.18681,302.56,1.12,50,2026-09-09T23:20:00Z,N20,Routine Flare
firms-2026-09-09-2320-45586,-1.43589,29.18163,332.85,2.59,50,2026-09-09T23:20:00Z,N20,Routine Flare
firms-2026-09-09-2320-45587,-1.4352,29.17729,306.19,2.21,50,2026-09-09T23:20:00Z,N20,Routine Flare
firms-2026-09-09-2320-45588,-1.43659,29.18596,295.57,2.59,50,2026-09-09T23:20:00Z,N20,Routine Flare
firms-2026-09-09-2320-45589,-1.43877,29.17655,306.2,2.21,50,2026-09-09T23:20:00Z,N20,Routine Flare
firms-2026-09-09-2320-45590,-1.43947,29.18087,307.6,2.59,50,2026-09-09T23:20:00Z,N20,Routine Flare
firms-2026-09-09-2320-45591,-1.44167,29.17153,320.5,20.94,50,2026-09-09T23:20:00Z,N20,Industrial Fire
firms-2026-09-09-2320-45592,-1.44236,29.17584,348.75,20.94,50,2026-09-09T23:20:00Z,N20,Industrial Fire
firms-2026-09-09-2320-45593,-1.44305,29.18014,344.25,11.16,50,2026-09-09T23:20:00Z,N20,Routine Flare
firms-2026-09-09-2320-45594,-1.44373,29.18442,300.87,11.16,50,2026-09-09T23:20:00Z,N20,Routine Flare
firms-2026-09-09-2320-45595,-1.44525,29.17084,347.49,20.94,50,2026-09-09T23:20:00Z,N20,Industrial Fire
firms-2026-09-09-2320-45596,-1.44594,29.17514,341.67,20.94,50,2026-09-09T23:20:00Z,N20,Industrial Fire
firms-2026-09-09-2259-45597,63.44742,80.98273,303.68,1.2,50,2026-09-09T22:59:00Z,N20,Routine Flare
firms-2026-09-09-2320-45598,-1.44663,29.17943,354.56,11.16,50,2026-09-09T23:20:00Z,N20,Routine Flare
firms-2026-09-09-2259-45599,63.43381,80.52068,306.97,1.01,50,2026-09-09T22:59:00Z,N20,Routine Flare
firms-2026-09-09-2320-45600,-1.44457,29.16655,301.36,1.92,50,2026-09-09T23:20:00Z,N20,Routine Flare
firms-2026-09-09-2259-45601,63.43318,80.52354,315,1.18,50,2026-09-09T22:59:00Z,N20,Routine Flare
firms-2026-09-09-2320-45602,-1.44731,29.18368,303.32,11.16,50,2026-09-09T23:20:00Z,N20,Routine Flare
firms-2026-09-09-2259-45603,64.42039,77.701,300.56,0.76,50,2026-09-09T22:59:00Z,N20,Routine Flare
firms-2026-09-09-2320-45604,-1.44884,29.17015,349.31,11.5,50,2026-09-09T23:20:00Z,N20,Routine Flare
firms-2026-09-09-2259-45605,64.90627,75.50546,336.38,3.18,50,2026-09-09T22:59:00Z,N20,Routine Flare
firms-2026-09-09-2320-45606,-1.44953,29.17444,336.01,11.5,50,2026-09-09T23:20:00Z,N20,Routine Flare
firms-2026-09-09-2259-45607,66.19916,70.9902,298.68,1.23,50,2026-09-09T22:59:00Z,N20,Routine Flare
firms-2026-09-09-2320-45608,-1.44816,29.16587,301.54,1.97,50,2026-09-09T23:20:00Z,N20,Routine Flare
firms-2026-09-09-2259-45609,62.38674,80.17761,315.47,1.19,50,2026-09-09T22:59:00Z,N20,Routine Flare
firms-2026-09-09-2320-45610,-1.45021,29.17871,303.48,2.12,50,2026-09-09T23:20:00Z,N20,Routine Flare
firms-2026-09-09-2259-45611,67.66037,60.50691,308.22,0.95,50,2026-09-09T22:59:00Z,N20,Routine Flare
firms-2026-09-09-2320-45612,-1.45243,29.16947,298.46,11.5,50,2026-09-09T23:20:00Z,N20,Routine Flare
firms-2026-09-09-2259-45613,62.33289,78.16224,315.31,2.02,50,2026-09-09T22:59:00Z,N20,Routine Flare
firms-2026-09-09-2320-45614,-1.45312,29.17374,297.27,11.5,50,2026-09-09T23:20:00Z,N20,Routine Flare
firms-2026-09-09-2259-45615,62.36905,77.4537,306.83,0.78,50,2026-09-09T22:59:00Z,N20,Routine Flare
firms-2026-09-09-2320-45616,-2.36841,34.81863,312.52,1.29,50,2026-09-09T23:20:00Z,N20,Routine Flare
firms-2026-09-09-2259-45617,62.36679,77.45953,296.27,1.11,50,2026-09-09T22:59:00Z,N20,Routine Flare
firms-2026-09-09-2320-45618,-2.37193,34.8181,315.41,1.72,50,2026-09-09T23:20:00Z,N20,Routine Flare
firms-2026-09-09-2259-45619,62.39095,76.63892,318.11,1.27,50,2026-09-09T22:59:00Z,N20,Routine Flare
firms-2026-09-09-2320-45620,-2.37545,34.81755,317.61,1.72,50,2026-09-09T23:20:00Z,N20,Routine Flare
firms-2026-09-09-2259-45621,62.3336,76.73519,311.47,1.46,50,2026-09-09T22:59:00Z,N20,Routine Flare
firms-2026-09-09-2320-45622,-2.37897,34.817,312.06,1.09,50,2026-09-09T23:20:00Z,N20,Routine Flare
firms-2026-09-09-2259-45623,61.81511,77.23257,367,4.02,50,2026-09-09T22:59:00Z,N20,Industrial Fire
firms-2026-09-09-2320-45624,-2.44918,35.21666,313.25,2.1,50,2026-09-09T23:20:00Z,N20,Routine Flare
firms-2026-09-09-2259-45625,61.8175,77.22652,297.05,3.02,50,2026-09-09T22:59:00Z,N20,Routine Flare
firms-2026-09-09-2320-45626,-2.45407,35.22432,336.06,2.85,50,2026-09-09T23:20:00Z,N20,Routine Flare
firms-2026-09-09-2259-45627,61.81274,77.23856,302.93,4.02,50,2026-09-09T22:59:00Z,N20,Routine Flare
firms-2026-09-09-2320-45628,-2.45343,35.22023,309.95,2.85,50,2026-09-09T23:20:00Z,N20,Routine Flare
firms-2026-09-09-2259-45629,60.9875,78.98292,299.93,0.66,50,2026-09-09T22:59:00Z,N20,Routine Flare
firms-2026-09-09-2320-45630,-2.45831,35.22786,328.89,2.41,50,2026-09-09T23:20:00Z,N20,Routine Flare
firms-2026-09-09-2259-45631,63.2438,72.83406,296.29,1.21,50,2026-09-09T22:59:00Z,N20,Routine Flare
firms-2026-09-09-2320-45632,-2.45766,35.22377,301.78,0.98,50,2026-09-09T23:20:00Z,N20,Routine Flare
firms-2026-09-09-2259-45633,66.73049,56.97644,295.96,0.4,50,2026-09-09T22:59:00Z,N20,Routine Flare
firms-2026-09-09-2320-45634,-2.45896,35.23198,304.04,2.41,50,2026-09-09T23:20:00Z,N20,Routine Flare
firms-2026-09-09-2259-45635,60.80198,78.5396,313.09,1.65,50,2026-09-09T22:59:00Z,N20,Routine Flare
firms-2026-09-09-2320-45636,-1.51654,29.24841,295.23,0.44,50,2026-09-09T23:20:00Z,N20,Routine Flare
firms-2026-09-09-2259-45637,60.58622,78.71807,298.83,1,50,2026-09-09T22:59:00Z,N20,Routine Flare
firms-2026-09-09-2320-45638,-2.46615,35.2309,299.89,0.52,50,2026-09-09T23:20:00Z,N20,Routine Flare
firms-2026-09-09-2259-45639,60.5832,78.72515,309.75,2.04,50,2026-09-09T22:59:00Z,N20,Routine Flare
firms-2026-09-09-2320-45640,-1.52519,29.24482,302.74,0.7,50,2026-09-09T23:20:00Z,N20,Routine Flare
firms-2026-09-09-2259-45641,60.5802,78.73222,312.33,2.04,50,2026-09-09T22:59:00Z,N20,Routine Flare
firms-2026-09-09-2259-45642,60.52363,78.76952,301.46,1.19,50,2026-09-09T22:59:00Z,N20,Routine Flare
firms-2026-09-09-2320-45643,-1.52588,29.24905,311.72,1.53,50,2026-09-09T23:20:00Z,N20,Routine Flare
firms-2026-09-09-2259-45644,61.49006,76.11538,317.36,1.45,50,2026-09-09T22:59:00Z,N20,Routine Flare
firms-2026-09-09-2320-45645,-2.76076,35.91587,298.36,0.63,50,2026-09-09T23:20:00Z,N20,Routine Flare
firms-2026-09-09-2259-45646,61.42828,76.16552,298.71,0.47,50,2026-09-09T22:59:00Z,N20,Routine Flare
firms-2026-09-09-2320-45647,-1.98473,30.61297,300.79,0.53,50,2026-09-09T23:20:00Z,N20,Routine Flare
firms-2026-09-09-2259-45648,61.42603,76.17138,298.84,0.47,50,2026-09-09T22:59:00Z,N20,Routine Flare
firms-2026-09-09-2320-45649,-1.97302,30.51826,305.55,0.73,50,2026-09-09T23:20:00Z,N20,Routine Flare
firms-2026-09-09-2259-45650,60.5011,78.12564,301.69,0.77,50,2026-09-09T22:59:00Z,N20,Routine Flare
firms-2026-09-09-2320-45651,-3.04234,37.27536,296.18,1.65,50,2026-09-09T23:20:00Z,N20,Routine Flare
firms-2026-09-09-2259-45652,61.04066,76.75041,352.79,16.66,50,2026-09-09T22:59:00Z,N20,Industrial Fire
firms-2026-09-09-2320-45653,-1.9418,29.06605,304.79,1.84,50,2026-09-09T23:20:00Z,N20,Routine Flare
firms-2026-09-09-2259-45654,61.04315,76.74417,308.13,9.48,50,2026-09-09T22:59:00Z,N20,Routine Flare
firms-2026-09-09-2320-45655,-1.94542,29.06559,320.91,3.42,50,2026-09-09T23:20:00Z,N20,Routine Flare
firms-2026-09-09-2259-45656,61.1911,76.01825,299.77,0.51,50,2026-09-09T22:59:00Z,N20,Routine Flare
firms-2026-09-09-2259-45657,60.99912,76.36616,351.84,6.11,50,2026-09-09T22:59:00Z,N20,Routine Flare
firms-2026-09-09-2320-45658,-2.58006,32.79902,303.35,0.65,50,2026-09-09T23:20:00Z,N20,Routine Flare
firms-2026-09-09-2259-45659,60.99676,76.37221,302.42,4.41,50,2026-09-09T22:59:00Z,N20,Routine Flare
firms-2026-09-09-2320-45660,-3.19425,36.71875,308.15,1.81,50,2026-09-09T23:20:00Z,N20,Routine Flare
firms-2026-09-09-2259-45661,61.09846,76.09112,321.85,1.52,50,2026-09-09T22:59:00Z,N20,Routine Flare
firms-2026-09-09-2320-45662,-2.93413,34.59253,301.33,0.64,50,2026-09-09T23:20:00Z,N20,Routine Flare
firms-2026-09-09-2259-45663,60.98295,76.37024,298,0.89,50,2026-09-09T22:59:00Z,N20,Routine Flare
firms-2026-09-09-2259-45664,61.09974,75.99477,313.84,1.11,50,2026-09-09T22:59:00Z,N20,Routine Flare
firms-2026-09-09-2320-45665,-2.93764,34.59199,323.93,1.68,50,2026-09-09T23:20:00Z,N20,Routine Flare
firms-2026-09-09-2259-45666,61.10242,75.78339,310.99,0.86,50,2026-09-09T22:59:00Z,N20,Routine Flare
firms-2026-09-09-2320-45667,-2.94054,34.58755,306.37,1.68,50,2026-09-09T23:20:00Z,N20,Routine Flare
firms-2026-09-09-2259-45668,59.67672,78.76173,295.19,0.57,50,2026-09-09T22:59:00Z,N20,Routine Flare
firms-2026-09-09-2320-45669,-2.94284,34.57923,319.55,1.74,50,2026-09-09T23:20:00Z,N20,Routine Flare
firms-2026-09-09-2301-45670,61.2836,72.9761,295.28,0.19,50,2026-09-09T23:01:00Z,N20,Routine Flare
firms-2026-09-09-2320-45671,-2.94344,34.58312,311.83,1.74,50,2026-09-09T23:20:00Z,N20,Routine Flare
firms-2026-09-09-2301-45672,62.40241,68.52062,314.45,2.44,50,2026-09-09T23:01:00Z,N20,Routine Flare
firms-2026-09-09-2320-45673,-2.12513,29.39103,327.96,3.55,50,2026-09-09T23:20:00Z,N20,Routine Flare
firms-2026-09-09-2301-45674,61.01967,72.62116,299.09,0.55,50,2026-09-09T23:01:00Z,N20,Routine Flare
firms-2026-09-09-2320-45675,-2.12579,29.39509,302.73,2.23,50,2026-09-09T23:20:00Z,N20,Routine Flare
firms-2026-09-09-2301-45676,59.26992,77.03181,309.55,1.26,50,2026-09-09T23:01:00Z,N20,Routine Flare
firms-2026-09-09-2320-45677,-2.12807,29.38671,328.2,2.6,50,2026-09-09T23:20:00Z,N20,Routine Flare
firms-2026-09-09-2301-45678,60.89362,72.80015,301.15,0.57,50,2026-09-09T23:01:00Z,N20,Routine Flare
firms-2026-09-09-2320-45679,-2.12872,29.39075,306.72,2.6,50,2026-09-09T23:20:00Z,N20,Routine Flare
firms-2026-09-09-2301-45680,59.2702,77.03101,301.81,0.77,50,2026-09-09T23:01:00Z,N20,Routine Flare
firms-2026-09-09-2320-45681,-2.38099,30.96458,301.5,0.71,50,2026-09-09T23:20:00Z,N20,Routine Flare
firms-2026-09-09-2301-45682,59.26722,77.03815,298.52,1.39,50,2026-09-09T23:01:00Z,N20,Routine Flare
firms-2026-09-09-2320-45683,-2.56163,32.03684,332.97,3.72,50,2026-09-09T23:20:00Z,N20,Routine Flare
firms-2026-09-09-2301-45684,60.86232,72.68011,306.01,0.88,50,2026-09-09T23:01:00Z,N20,Routine Flare
firms-2026-09-09-2320-45685,-2.95372,34.53378,303.74,0.53,50,2026-09-09T23:20:00Z,N20,Routine Flare
firms-2026-09-09-2301-45686,60.95346,72.39841,325.15,1.16,50,2026-09-09T23:01:00Z,N20,Routine Flare
firms-2026-09-09-2320-45687,-2.95661,34.52937,300.74,0.69,50,2026-09-09T23:20:00Z,N20,Routine Flare
firms-2026-09-09-2301-45688,60.95173,72.40345,299.32,1.16,50,2026-09-09T23:01:00Z,N20,Routine Flare
firms-2026-09-09-2320-45689,-2.17578,29.32088,298.67,0.74,50,2026-09-09T23:20:00Z,N20,Routine Flare
firms-2026-09-09-2301-45690,60.7797,72.70678,297.78,0.63,50,2026-09-09T23:01:00Z,N20,Routine Flare
firms-2026-09-09-2320-45691,-2.40247,30.73203,301.49,0.4,50,2026-09-09T23:20:00Z,N20,Routine Flare
firms-2026-09-09-2301-45692,60.70318,72.8711,301.88,1.26,50,2026-09-09T23:01:00Z,N20,Routine Flare
firms-2026-09-09-2320-45693,-2.40584,30.73155,312.11,1.37,50,2026-09-09T23:20:00Z,N20,Routine Flare
firms-2026-09-09-2301-45694,60.70132,72.87642,312.62,1.38,50,2026-09-09T23:01:00Z,N20,Routine Flare
firms-2026-09-09-2301-45695,60.77536,72.44395,306.64,0.33,50,2026-09-09T23:01:00Z,N20,Routine Flare
firms-2026-09-09-2320-45696,-2.40639,30.73501,309.7,1.48,50,2026-09-09T23:20:00Z,N20,Routine Flare
firms-2026-09-09-2301-45697,58.15907,78.90432,309.14,1.19,50,2026-09-09T23:01:00Z,N20,Routine Flare
firms-2026-09-09-2320-45698,-2.10589,28.80786,295.95,0.89,50,2026-09-09T23:20:00Z,N20,Routine Flare
firms-2026-09-09-2301-45699,60.71852,72.51546,331.06,2.12,50,2026-09-09T23:01:00Z,N20,Routine Flare
firms-2026-09-09-2320-45700,-2.40976,30.73449,311.74,1.48,50,2026-09-09T23:20:00Z,N20,Routine Flare
firms-2026-09-09-2301-45701,60.71673,72.52059,296.89,1.56,50,2026-09-09T23:01:00Z,N20,Routine Flare
firms-2026-09-09-2320-45702,-2.2199,29.46256,328.17,4.32,50,2026-09-09T23:20:00Z,N20,Routine Flare
firms-2026-09-09-2301-45703,61.98208,68.57687,321.71,1.7,50,2026-09-09T23:01:00Z,N20,Routine Flare
firms-2026-09-09-2320-45704,-2.22054,29.4665,326.06,4.32,50,2026-09-09T23:20:00Z,N20,Routine Flare
firms-2026-09-09-2301-45705,61.98336,68.57153,302.09,1.28,50,2026-09-09T23:01:00Z,N20,Routine Flare
firms-2026-09-09-2320-45706,-2.11103,28.74757,299.82,0.68,50,2026-09-09T23:20:00Z,N20,Routine Flare
firms-2026-09-09-2301-45707,61.98111,68.57927,305.6,1.28,50,2026-09-09T23:01:00Z,N20,Routine Flare
firms-2026-09-09-2320-45708,-2.23467,29.46441,339.69,5.76,50,2026-09-09T23:20:00Z,N20,Routine Flare
firms-2026-09-09-2320-45709,-2.66699,31.75976,300.25,1.97,50,2026-09-09T23:20:00Z,N20,Routine Flare
firms-2026-09-09-2301-45710,60.72076,72.51924,297.63,0.6,50,2026-09-09T23:01:00Z,N20,Routine Flare
firms-2026-09-09-2320-45711,-2.45407,30.34967,308.97,1.07,50,2026-09-09T23:20:00Z,N20,Routine Flare
firms-2026-09-09-2301-45712,60.71654,72.51304,322.67,1.03,50,2026-09-09T23:01:00Z,N20,Routine Flare
firms-2026-09-09-2320-45713,-2.20941,28.77615,297.32,0.38,50,2026-09-09T23:20:00Z,N20,Routine Flare
firms-2026-09-09-2301-45714,60.71477,72.51817,295.67,1.03,50,2026-09-09T23:01:00Z,N20,Routine Flare
firms-2026-09-09-2320-45715,-2.42313,29.80364,312.8,1.51,50,2026-09-09T23:20:00Z,N20,Routine Flare
firms-2026-09-09-2301-45716,58.15461,78.90482,305.43,0.84,50,2026-09-09T23:01:00Z,N20,Routine Flare
firms-2026-09-09-2320-45717,-2.91253,32.32258,301.8,0.54,50,2026-09-09T23:20:00Z,N20,Routine Flare
firms-2026-09-09-2301-45718,60.53768,72.95172,300.69,0.83,50,2026-09-09T23:01:00Z,N20,Routine Flare
firms-2026-09-09-2320-45719,-2.37046,28.73051,295.09,0.67,50,2026-09-09T23:20:00Z,N20,Routine Flare
firms-2026-09-09-2301-45720,60.53577,72.95712,311.79,0.83,50,2026-09-09T23:01:00Z,N20,Routine Flare
firms-2026-09-09-2320-45721,-2.62505,30.25556,325.93,2.32,50,2026-09-09T23:20:00Z,N20,Routine Flare
firms-2026-09-09-2301-45722,61.94946,68.47338,337.89,4.02,50,2026-09-09T23:01:00Z,N20,Routine Flare
firms-2026-09-09-2320-45723,-2.62448,30.25196,308.7,1.66,50,2026-09-09T23:20:00Z,N20,Routine Flare
firms-2026-09-09-2301-45724,61.95172,68.46565,296.24,4.02,50,2026-09-09T23:01:00Z,N20,Routine Flare
firms-2026-09-09-2320-45725,-2.39369,28.73525,305.26,1.47,50,2026-09-09T23:20:00Z,N20,Routine Flare
firms-2026-09-09-2301-45726,58.89466,76.8343,303.23,1.46,50,2026-09-09T23:01:00Z,N20,Routine Flare
firms-2026-09-09-2320-45727,-2.40769,28.72918,322.95,4.26,50,2026-09-09T23:20:00Z,N20,Routine Flare
firms-2026-09-09-2301-45728,60.16323,73.57297,297.93,0.8,50,2026-09-09T23:01:00Z,N20,Routine Flare
firms-2026-09-09-2320-45729,-2.41135,28.72866,335.6,4.26,50,2026-09-09T23:20:00Z,N20,Routine Flare
firms-2026-09-09-2301-45730,57.36315,80.19218,300.82,1.21,50,2026-09-09T23:01:00Z,N20,Routine Flare
firms-2026-09-09-2320-45731,-2.41067,28.72437,317.43,2.26,50,2026-09-09T23:20:00Z,N20,Routine Flare
firms-2026-09-09-2301-45732,60.67245,72.00578,334.62,2.4,50,2026-09-09T23:01:00Z,N20,Routine Flare
firms-2026-09-09-2320-45733,-2.43304,28.72326,301.06,0.91,50,2026-09-09T23:20:00Z,N20,Routine Flare
firms-2026-09-09-2301-45734,60.86202,71.28416,336.44,6.37,50,2026-09-09T23:01:00Z,N20,Routine Flare
firms-2026-09-09-2320-45735,-2.60311,29.34558,327,4.17,50,2026-09-09T23:20:00Z,N20,Routine Flare
firms-2026-09-09-2301-45736,60.86522,71.27462,297.78,6.37,50,2026-09-09T23:01:00Z,N20,Routine Flare
firms-2026-09-09-2320-45737,-2.82655,30.48199,329.21,3.17,50,2026-09-09T23:20:00Z,N20,Routine Flare
firms-2026-09-09-2301-45738,60.86246,71.27753,337.33,8.09,50,2026-09-09T23:01:00Z,N20,Routine Flare
firms-2026-09-09-2320-45739,-2.65709,29.36613,315.7,2.62,50,2026-09-09T23:20:00Z,N20,Routine Flare
firms-2026-09-09-2301-45740,60.96196,70.86521,306.12,1.64,50,2026-09-09T23:01:00Z,N20,Routine Flare
firms-2026-09-09-2320-45741,-2.57493,28.81354,298.41,0.51,50,2026-09-09T23:20:00Z,N20,Routine Flare
firms-2026-09-09-2320-45742,-2.5756,28.81766,298.11,0.85,50,2026-09-09T23:20:00Z,N20,Routine Flare
firms-2026-09-09-2301-45743,60.57437,71.98681,305.65,0.88,50,2026-09-09T23:01:00Z,N20,Routine Flare
firms-2026-09-09-2320-45744,-2.60791,29.01724,298.6,0.73,50,2026-09-09T23:20:00Z,N20,Routine Flare
firms-2026-09-09-2301-45745,61.10576,70.22205,303.13,0.51,50,2026-09-09T23:01:00Z,N20,Routine Flare
firms-2026-09-09-2320-45746,-3.17215,32.52585,305.76,0.55,50,2026-09-09T23:20:00Z,N20,Routine Flare
firms-2026-09-09-2301-45747,61.09943,70.18793,337.36,4.52,50,2026-09-09T23:01:00Z,N20,Routine Flare
firms-2026-09-09-2320-45748,-2.86738,30.56405,307.02,0.92,50,2026-09-09T23:20:00Z,N20,Routine Flare
firms-2026-09-09-2301-45749,61.09658,70.19682,304.44,3.39,50,2026-09-09T23:01:00Z,N20,Routine Flare
firms-2026-09-09-2320-45750,-2.9797,31.24676,305.84,1.12,50,2026-09-09T23:20:00Z,N20,Routine Flare
firms-2026-09-09-2301-45751,61.10328,70.22585,304.02,0.47,50,2026-09-09T23:01:00Z,N20,Routine Flare
firms-2026-09-09-2320-45752,-2.741,29.70898,300.14,0.52,50,2026-09-09T23:20:00Z,N20,Routine Flare
firms-2026-09-09-2301-45753,61.0969,70.19157,333.67,4.12,50,2026-09-09T23:01:00Z,N20,Routine Flare
firms-2026-09-09-2320-45754,-3.17412,32.36641,300.92,0.48,50,2026-09-09T23:20:00Z,N20,Routine Flare
firms-2026-09-09-2301-45755,57.67352,78.92333,299.11,0.9,50,2026-09-09T23:01:00Z,N20,Routine Flare
firms-2026-09-09-2320-45756,-2.92821,30.68623,303.61,0.84,50,2026-09-09T23:20:00Z,N20,Routine Flare
firms-2026-09-09-2301-45757,61.00599,70.26015,302.37,1.71,50,2026-09-09T23:01:00Z,N20,Routine Flare
firms-2026-09-09-2320-45758,-2.67575,28.81074,301.5,1.1,50,2026-09-09T23:20:00Z,N20,Routine Flare
firms-2026-09-09-2301-45759,57.51338,79.00856,302.56,1.12,50,2026-09-09T23:01:00Z,N20,Routine Flare
firms-2026-09-09-2320-45760,-2.69086,28.85805,312.32,1.69,50,2026-09-09T23:20:00Z,N20,Routine Flare
firms-2026-09-09-2301-45761,65.77026,24.1777,304.84,1.82,50,2026-09-09T23:01:00Z,N20,Routine Flare
firms-2026-09-09-2320-45762,-2.71932,28.94253,304.95,1.08,50,2026-09-09T23:20:00Z,N20,Routine Flare
firms-2026-09-09-2301-45763,60.83751,70.44142,301.93,1.11,50,2026-09-09T23:01:00Z,N20,Routine Flare
firms-2026-09-09-2320-45764,-2.77366,29.23473,299.31,0.43,50,2026-09-09T23:20:00Z,N20,Routine Flare
firms-2026-09-09-2301-45765,65.76315,24.17958,338.32,6.53,50,2026-09-09T23:01:00Z,N20,Routine Flare
firms-2026-09-09-2320-45766,-2.80846,29.40672,301.25,1.51,50,2026-09-09T23:20:00Z,N20,Routine Flare
firms-2026-09-09-2301-45767,60.84007,70.37913,309.84,1.9,50,2026-09-09T23:01:00Z,N20,Routine Flare
firms-2026-09-09-2320-45768,-2.85458,29.44779,334.12,3.76,50,2026-09-09T23:20:00Z,N20,Routine Flare
firms-2026-09-09-2301-45769,57.26803,79.39078,295.87,0.73,50,2026-09-09T23:01:00Z,N20,Routine Flare
firms-2026-09-09-2320-45770,-2.85807,29.44708,337.04,3.76,50,2026-09-09T23:20:00Z,N20,Routine Flare
firms-2026-09-09-2301-45771,61.60902,67.81473,325.84,2.11,50,2026-09-09T23:01:00Z,N20,Routine Flare
firms-2026-09-09-2320-45772,-2.8587,29.4511,301.04,3.76,50,2026-09-09T23:20:00Z,N20,Routine Flare
firms-2026-09-09-2301-45773,61.75247,66.96132,324.05,3.32,50,2026-09-09T23:01:00Z,N20,Routine Flare
firms-2026-09-09-2320-45774,-2.86854,29.51331,295.4,0.86,50,2026-09-09T23:20:00Z,N20,Routine Flare
firms-2026-09-09-2301-45775,57.42605,78.69739,322.9,3.04,50,2026-09-09T23:01:00Z,N20,Routine Flare
firms-2026-09-09-2320-45776,-2.86916,29.51722,297.97,1.54,50,2026-09-09T23:20:00Z,N20,Routine Flare
firms-2026-09-09-2301-45777,57.43029,78.68826,309.62,3.04,50,2026-09-09T23:01:00Z,N20,Routine Flare
firms-2026-09-09-2320-45778,-2.86977,29.52107,312.56,1.54,50,2026-09-09T23:20:00Z,N20,Routine Flare
firms-2026-09-09-2301-45779,57.42749,78.69267,343.97,5.97,50,2026-09-09T23:01:00Z,N20,Routine Flare
firms-2026-09-09-2320-45780,-2.87036,29.52476,296.65,0.66,50,2026-09-09T23:20:00Z,N20,Routine Flare
firms-2026-09-09-2301-45781,60.72997,69.89155,316.71,1.57,50,2026-09-09T23:01:00Z,N20,Routine Flare
firms-2026-09-09-2320-45782,-3.01645,30.44775,298.4,0.45,50,2026-09-09T23:20:00Z,N20,Routine Flare
firms-2026-09-09-2301-45783,60.75133,69.35072,327.1,3.76,50,2026-09-09T23:01:00Z,N20,Routine Flare
firms-2026-09-09-2320-45784,-2.87327,29.52061,299.56,7.27,50,2026-09-09T23:20:00Z,N20,Routine Flare
firms-2026-09-09-2301-45785,60.75407,69.342,305,2.83,50,2026-09-09T23:01:00Z,N20,Routine Flare
firms-2026-09-09-2301-45786,60.75063,69.34561,300.55,1.37,50,2026-09-09T23:01:00Z,N20,Routine Flare
firms-2026-09-09-2320-45787,-2.87386,29.52426,296.31,2.13,50,2026-09-09T23:20:00Z,N20,Routine Flare
firms-2026-09-09-2301-45788,59.89104,71.73238,367,5.42,50,2026-09-09T23:01:00Z,N20,Industrial Fire
firms-2026-09-09-2320-45789,-2.87677,29.5201,345.87,7.27,50,2026-09-09T23:20:00Z,N20,Routine Flare
firms-2026-09-09-2301-45790,60.04318,71.0695,306.07,0.52,50,2026-09-09T23:01:00Z,N20,Routine Flare
firms-2026-09-09-2320-45791,-2.87447,29.52127,304.84,7.9,50,2026-09-09T23:20:00Z,N20,Routine Flare
firms-2026-09-09-2301-45792,60.03869,71.06883,299.6,0.74,50,2026-09-09T23:01:00Z,N20,Routine Flare
firms-2026-09-09-2320-45793,-2.87797,29.52077,346.37,7.9,50,2026-09-09T23:20:00Z,N20,Routine Flare
firms-2026-09-09-2301-45794,59.7581,71.74236,315.32,1.16,50,2026-09-09T23:01:00Z,N20,Routine Flare
firms-2026-09-09-2320-45795,-3.07651,30.4907,320.33,1.71,50,2026-09-09T23:20:00Z,N20,Routine Flare
firms-2026-09-09-2301-45796,58.7089,73.99293,299.01,0.74,50,2026-09-09T23:01:00Z,N20,Routine Flare
firms-2026-09-09-2320-45797,-3.07594,30.48712,307.23,1.59,50,2026-09-09T23:20:00Z,N20,Routine Flare
firms-2026-09-09-2301-45798,59.07313,72.87292,304.04,0.64,50,2026-09-09T23:01:00Z,N20,Routine Flare
firms-2026-09-09-2301-45799,59.47489,71.53659,319.14,1.13,50,2026-09-09T23:01:00Z,N20,Routine Flare
firms-2026-09-09-2320-45800,-2.84722,28.71599,306.49,1.14,50,2026-09-09T23:20:00Z,N20,Routine Flare
firms-2026-09-09-2301-45801,59.41631,71.63053,330.66,4.38,50,2026-09-09T23:01:00Z,N20,Routine Flare
firms-2026-09-09-2320-45802,-3.03504,28.99384,316.87,1.45,50,2026-09-09T23:20:00Z,N20,Routine Flare
firms-2026-09-09-2301-45803,59.41443,71.63589,337.32,4.59,50,2026-09-09T23:01:00Z,N20,Routine Flare
firms-2026-09-09-2320-45804,-3.03572,28.99797,306.5,1.45,50,2026-09-09T23:20:00Z,N20,Routine Flare
firms-2026-09-09-2301-45805,60.18129,69.29704,311.28,1.35,50,2026-09-09T23:01:00Z,N20,Routine Flare
firms-2026-09-09-2320-45806,-3.49341,31.61513,307.29,1.14,50,2026-09-09T23:20:00Z,N20,Routine Flare
firms-2026-09-09-2301-45807,59.05026,71.8609,316.66,0.86,50,2026-09-09T23:01:00Z,N20,Routine Flare
firms-2026-09-09-2320-45808,-3.59088,31.82133,308.32,0.83,50,2026-09-09T23:20:00Z,N20,Routine Flare
firms-2026-09-09-2301-45809,59.19883,71.36661,336.48,2.13,50,2026-09-09T23:01:00Z,N20,Routine Flare
firms-2026-09-09-2320-45810,-3.36508,30.21212,328.3,2.14,50,2026-09-09T23:20:00Z,N20,Routine Flare
firms-2026-09-09-2301-45811,60.08306,64.68345,303.02,0.93,50,2026-09-09T23:01:00Z,N20,Routine Flare
firms-2026-09-09-2320-45812,-3.36848,30.21163,339.4,3.44,50,2026-09-09T23:20:00Z,N20,Routine Flare
firms-2026-09-09-2301-45813,59.9902,63.89206,324.02,2.25,50,2026-09-09T23:01:00Z,N20,Routine Flare
firms-2026-09-09-2320-45814,-3.3679,30.208,318.82,3.44,50,2026-09-09T23:20:00Z,N20,Routine Flare
firms-2026-09-09-2301-45815,59.99195,63.88546,312.97,2.25,50,2026-09-09T23:01:00Z,N20,Routine Flare
firms-2026-09-09-2320-45816,-3.37188,30.21111,330.59,3.44,50,2026-09-09T23:20:00Z,N20,Routine Flare
firms-2026-09-09-2301-45817,59.5906,60.5838,299.1,0.64,50,2026-09-09T23:01:00Z,N20,Routine Flare
firms-2026-09-09-2320-45818,-3.37245,30.21469,322.31,2.76,50,2026-09-09T23:20:00Z,N20,Routine Flare
firms-2026-09-09-2301-45819,59.59015,60.58732,304.85,1.27,50,2026-09-09T23:01:00Z,N20,Routine Flare
firms-2026-09-09-2301-45820,57.09183,65.74702,313.35,2.1,50,2026-09-09T23:01:00Z,N20,Routine Flare
firms-2026-09-09-2320-45821,-3.68601,32.14457,302.89,0.23,50,2026-09-09T23:20:00Z,N20,Routine Flare
firms-2026-09-09-2301-45822,58.71087,59.50493,295.05,0.7,50,2026-09-09T23:01:00Z,N20,Routine Flare
firms-2026-09-09-2320-45823,-3.56382,30.99003,314.27,2.36,50,2026-09-09T23:20:00Z,N20,Routine Flare
firms-2026-09-09-2301-45824,56.93539,65.38422,318.69,1.75,50,2026-09-09T23:01:00Z,N20,Routine Flare
firms-2026-09-09-2320-45825,-3.53466,30.33329,325.12,3.13,50,2026-09-09T23:20:00Z,N20,Routine Flare
firms-2026-09-09-2301-45826,58.86792,57.5564,296.17,0.83,50,2026-09-09T23:01:00Z,N20,Routine Flare
firms-2026-09-09-2320-45827,-3.53524,30.33691,327.3,4.99,50,2026-09-09T23:20:00Z,N20,Routine Flare
firms-2026-09-09-2301-45828,58.87047,57.55067,295.87,0.38,50,2026-09-09T23:01:00Z,N20,Routine Flare
firms-2026-09-09-2320-45829,-3.53862,30.33637,348.27,10.05,50,2026-09-09T23:20:00Z,N20,Routine Flare
firms-2026-09-09-2301-45830,58.86893,57.55797,296.12,0.62,50,2026-09-09T23:01:00Z,N20,Routine Flare
firms-2026-09-09-2320-45831,-3.53804,30.33275,308.06,1.61,50,2026-09-09T23:20:00Z,N20,Routine Flare
firms-2026-09-09-2301-45832,58.39234,58.32394,298.37,1.97,50,2026-09-09T23:01:00Z,N20,Routine Flare
firms-2026-09-09-2320-45833,-3.54204,30.35796,311.16,1.39,50,2026-09-09T23:20:00Z,N20,Routine Flare
firms-2026-09-09-2301-45834,57.94643,60.0576,297.48,0.91,50,2026-09-09T23:01:00Z,N20,Routine Flare
firms-2026-09-09-2320-45835,-3.96841,32.92664,302.96,0.6,50,2026-09-09T23:20:00Z,N20,Routine Flare
firms-2026-09-09-2301-45836,57.94739,60.05296,324.3,2.77,50,2026-09-09T23:01:00Z,N20,Routine Flare
firms-2026-09-09-2320-45837,-3.6008,30.15264,297.31,0.43,50,2026-09-09T23:20:00Z,N20,Routine Flare
firms-2026-09-09-2301-45838,60.72303,41.98396,300.07,0.55,50,2026-09-09T23:01:00Z,N20,Routine Flare
firms-2026-09-09-2320-45839,-3.60419,30.15209,298.64,0.62,50,2026-09-09T23:20:00Z,N20,Routine Flare
firms-2026-09-09-2301-45840,57.94379,60.04992,308.88,2.77,50,2026-09-09T23:01:00Z,N20,Routine Flare
firms-2026-09-09-2320-45841,-2.81243,25.1769,303.33,0.92,50,2026-09-09T23:20:00Z,N20,Routine Flare
firms-2026-09-09-2301-45842,57.92784,60.02614,298,1.8,50,2026-09-09T23:01:00Z,N20,Routine Flare
firms-2026-09-09-2301-45843,57.91859,60.02859,303.93,1.33,50,2026-09-09T23:01:00Z,N20,Routine Flare
firms-2026-09-09-2320-45844,-2.81221,25.17469,300.09,0.43,50,2026-09-09T23:20:00Z,N20,Routine Flare
firms-2026-09-09-2301-45845,57.91911,60.00841,311.26,2.12,50,2026-09-09T23:01:00Z,N20,Routine Flare
firms-2026-09-09-2320-45846,-3.5011,29.07513,311.33,1.14,50,2026-09-09T23:20:00Z,N20,Routine Flare
firms-2026-09-09-2301-45847,57.91705,60.01699,301.14,2.12,50,2026-09-09T23:01:00Z,N20,Routine Flare
firms-2026-09-09-2320-45848,-3.86441,31.21279,300.12,0.25,50,2026-09-09T23:20:00Z,N20,Routine Flare
firms-2026-09-09-2301-45849,57.91499,60.02558,302.45,1.33,50,2026-09-09T23:01:00Z,N20,Routine Flare
firms-2026-09-09-2320-45850,-3.86496,31.21625,302.1,0.52,50,2026-09-09T23:20:00Z,N20,Routine Flare
firms-2026-09-09-2301-45851,57.86885,59.89396,296.94,0.48,50,2026-09-09T23:01:00Z,N20,Routine Flare
firms-2026-09-09-2320-45852,-3.88822,31.14874,301.77,0.66,50,2026-09-09T23:20:00Z,N20,Routine Flare
firms-2026-09-09-2301-45853,56.87107,62.05206,309.25,1.4,50,2026-09-09T23:01:00Z,N20,Routine Flare
firms-2026-09-09-2301-45854,56.86925,62.05883,298,2.23,50,2026-09-09T23:01:00Z,N20,Routine Flare
firms-2026-09-09-2320-45855,-3.88877,31.15221,302.7,0.66,50,2026-09-09T23:20:00Z,N20,Routine Flare
firms-2026-09-09-2301-45856,56.86533,62.05536,298.59,1.15,50,2026-09-09T23:01:00Z,N20,Routine Flare
firms-2026-09-09-2320-45857,-3.89044,31.14128,301.61,0.71,50,2026-09-09T23:20:00Z,N20,Routine Flare
firms-2026-09-09-2301-45858,57.87213,56.16179,296.7,0.72,50,2026-09-09T23:01:00Z,N20,Routine Flare
firms-2026-09-09-2320-45859,-3.89154,31.14821,307.89,0.89,50,2026-09-09T23:20:00Z,N20,Routine Flare
firms-2026-09-09-2301-45860,56.89625,60.00365,297.32,0.84,50,2026-09-09T23:01:00Z,N20,Routine Flare
firms-2026-09-09-2320-45861,-3.89266,31.1338,328.54,3.28,50,2026-09-09T23:20:00Z,N20,Routine Flare
firms-2026-09-09-2301-45862,56.86049,59.89605,334.28,2.72,50,2026-09-09T23:01:00Z,N20,Routine Flare
firms-2026-09-09-2320-45863,-3.89321,31.13727,327.25,3.28,50,2026-09-09T23:20:00Z,N20,Routine Flare
firms-2026-09-09-2301-45864,56.86195,59.89013,305.07,2.72,50,2026-09-09T23:01:00Z,N20,Routine Flare
firms-2026-09-09-2303-45865,56.47746,60.90678,299.58,0.57,50,2026-09-09T23:03:00Z,N20,Routine Flare
firms-2026-09-09-2320-45866,-3.89376,31.14074,305.84,0.71,50,2026-09-09T23:20:00Z,N20,Routine Flare
firms-2026-09-09-2303-45867,56.48262,60.27241,296.15,1.01,50,2026-09-09T23:03:00Z,N20,Routine Flare
firms-2026-09-09-2320-45868,-3.54115,28.85462,313.11,2.19,50,2026-09-09T23:20:00Z,N20,Routine Flare
firms-2026-09-09-2303-45869,58.57527,49.36077,327.36,5.41,50,2026-09-09T23:03:00Z,N20,Routine Flare
firms-2026-09-09-2303-45870,58.57433,49.36737,321.58,3.74,50,2026-09-09T23:03:00Z,N20,Routine Flare
firms-2026-09-09-2320-45871,-3.54472,28.854,321.98,2.19,50,2026-09-09T23:20:00Z,N20,Routine Flare
firms-2026-09-09-2303-45872,59.14843,37.86549,327.87,2.62,50,2026-09-09T23:03:00Z,N20,Routine Flare
firms-2026-09-09-2320-45873,-3.65757,29.43691,322.07,2.72,50,2026-09-09T23:20:00Z,N20,Routine Flare
firms-2026-09-09-2303-45874,59.15034,37.8271,298.2,1.34,50,2026-09-09T23:03:00Z,N20,Routine Flare
firms-2026-09-09-2303-45875,59.14986,37.83674,313.83,2.06,50,2026-09-09T23:03:00Z,N20,Routine Flare
firms-2026-09-09-2320-45876,-3.60183,29.04795,338.75,4.35,50,2026-09-09T23:20:00Z,N20,Routine Flare
firms-2026-09-09-2303-45877,59.1489,37.85591,299.11,2.62,50,2026-09-09T23:03:00Z,N20,Routine Flare
firms-2026-09-09-2320-45878,-3.60243,29.05164,326.53,4.39,50,2026-09-09T23:20:00Z,N20,Routine Flare
firms-2026-09-09-2303-45879,59.14794,37.87502,295.59,1.9,50,2026-09-09T23:03:00Z,N20,Routine Flare
firms-2026-09-09-2320-45880,-3.60541,29.04764,319.36,4.35,50,2026-09-09T23:20:00Z,N20,Routine Flare
firms-2026-09-09-2303-45881,59.1447,37.84545,296.61,2.06,50,2026-09-09T23:03:00Z,N20,Routine Flare
firms-2026-09-09-2320-45882,-3.59491,28.96023,301.88,1.01,50,2026-09-09T23:20:00Z,N20,Routine Flare
firms-2026-09-09-2303-45883,59.1424,37.79631,305.03,1.64,50,2026-09-09T23:03:00Z,N20,Routine Flare
firms-2026-09-09-2320-45884,-3.62091,28.91748,298.79,0.42,50,2026-09-09T23:20:00Z,N20,Routine Flare
firms-2026-09-09-2303-45885,59.14194,37.80592,311.59,1.64,50,2026-09-09T23:03:00Z,N20,Routine Flare
firms-2026-09-09-2320-45886,-3.0801,25.34226,304.14,0.96,50,2026-09-09T23:20:00Z,N20,Routine Flare
firms-2026-09-09-2303-45887,59.14146,37.81556,295.43,1.63,50,2026-09-09T23:03:00Z,N20,Routine Flare
firms-2026-09-09-2303-45888,59.14002,37.84464,300.66,1.98,50,2026-09-09T23:03:00Z,N20,Routine Flare
firms-2026-09-09-2303-45889,59.13303,37.79455,338.52,17.11,50,2026-09-09T23:03:00Z,N20,Industrial Fire
firms-2026-09-09-2320-45890,-3.09881,25.34376,302.8,1.19,50,2026-09-09T23:20:00Z,N20,Routine Flare
firms-2026-09-09-2303-45891,59.1335,37.78493,298.83,6.44,50,2026-09-09T23:03:00Z,N20,Routine Flare
firms-2026-09-09-2320-45892,-3.84855,29.88183,325.56,2.52,50,2026-09-09T23:20:00Z,N20,Routine Flare
firms-2026-09-09-2303-45893,59.13163,37.82328,295.81,1.29,50,2026-09-09T23:03:00Z,N20,Routine Flare
firms-2026-09-09-2320-45894,-3.85195,29.8812,331.22,3.83,50,2026-09-09T23:20:00Z,N20,Routine Flare
firms-2026-09-09-2303-45895,55.28677,61.456,311.99,2.24,50,2026-09-09T23:03:00Z,N20,Routine Flare
firms-2026-09-09-2320-45896,-3.85254,29.88482,307.43,2.12,50,2026-09-09T23:20:00Z,N20,Routine Flare
firms-2026-09-09-2303-45897,55.28483,61.46311,304.66,1.46,50,2026-09-09T23:03:00Z,N20,Routine Flare
firms-2026-09-09-2320-45898,-4.01729,30.74257,313.9,1.75,50,2026-09-09T23:20:00Z,N20,Routine Flare
firms-2026-09-09-2303-45899,55.28078,61.4597,299.36,1.46,50,2026-09-09T23:03:00Z,N20,Routine Flare
firms-2026-09-09-2320-45900,-4.13956,30.93437,299.73,0.59,50,2026-09-09T23:20:00Z,N20,Routine Flare
firms-2026-09-09-2303-45901,55.21231,61.42356,296.61,0.84,50,2026-09-09T23:03:00Z,N20,Routine Flare
firms-2026-09-09-2320-45902,-3.97335,29.85058,312.37,1.51,50,2026-09-09T23:20:00Z,N20,Routine Flare
firms-2026-09-09-2303-45903,58.42615,40.32212,324.88,1.76,50,2026-09-09T23:03:00Z,N20,Routine Flare
firms-2026-09-09-2320-45904,-4.42522,32.69711,300.25,0.31,50,2026-09-09T23:20:00Z,N20,Routine Flare
firms-2026-09-09-2303-45905,56.95432,50.92374,298.14,0.51,50,2026-09-09T23:03:00Z,N20,Routine Flare
firms-2026-09-09-2320-45906,-4.12548,30.63097,297.49,0.48,50,2026-09-09T23:20:00Z,N20,Routine Flare
firms-2026-09-09-2303-45907,57.65268,39.16781,312.36,1.76,50,2026-09-09T23:03:00Z,N20,Routine Flare
firms-2026-09-09-2303-45908,54.94825,56.05502,305.15,1.38,50,2026-09-09T23:03:00Z,N20,Routine Flare
firms-2026-09-09-2320-45909,-3.98075,29.61604,325.17,2.6,50,2026-09-09T23:20:00Z,N20,Routine Flare
firms-2026-09-09-2303-45910,54.94835,56.04821,306.98,0.87,50,2026-09-09T23:03:00Z,N20,Routine Flare
firms-2026-09-09-2320-45911,-4.01723,29.84025,314.01,1.28,50,2026-09-09T23:20:00Z,N20,Routine Flare
firms-2026-09-09-2303-45912,54.92913,56.0439,315.77,1.05,50,2026-09-09T23:03:00Z,N20,Routine Flare
firms-2026-09-09-2320-45913,-4.01779,29.84376,297.57,0.9,50,2026-09-09T23:20:00Z,N20,Routine Flare
firms-2026-09-09-2303-45914,54.88103,56.07881,297.91,2.06,50,2026-09-09T23:03:00Z,N20,Routine Flare
firms-2026-09-09-2320-45915,-3.9842,29.61554,318.42,1.73,50,2026-09-09T23:20:00Z,N20,Routine Flare
firms-2026-09-09-2303-45916,54.8535,56.11158,302.01,1.15,50,2026-09-09T23:03:00Z,N20,Routine Flare
firms-2026-09-09-2320-45917,-4.16337,30.57447,298.47,0.64,50,2026-09-09T23:20:00Z,N20,Routine Flare
firms-2026-09-09-2303-45918,54.84997,56.10921,305.66,1.15,50,2026-09-09T23:03:00Z,N20,Routine Flare
firms-2026-09-09-2320-45919,-4.178,30.64444,296.5,0.3,50,2026-09-09T23:20:00Z,N20,Routine Flare
firms-2026-09-09-2303-45920,55.61046,51.93209,302.62,1.12,50,2026-09-09T23:03:00Z,N20,Routine Flare
firms-2026-09-09-2320-45921,-4.02023,29.59781,303.38,0.73,50,2026-09-09T23:20:00Z,N20,Routine Flare
firms-2026-09-09-2303-45922,55.60827,51.94424,315.85,1.6,50,2026-09-09T23:03:00Z,N20,Routine Flare
firms-2026-09-09-2320-45923,-4.18292,30.58952,298.03,0.44,50,2026-09-09T23:20:00Z,N20,Routine Flare
firms-2026-09-09-2303-45924,55.60399,51.92846,303.26,0.82,50,2026-09-09T23:03:00Z,N20,Routine Flare
firms-2026-09-09-2320-45925,-4.18965,30.61018,310.56,1.04,50,2026-09-09T23:20:00Z,N20,Routine Flare
firms-2026-09-09-2303-45926,55.60075,51.92665,308.12,0.82,50,2026-09-09T23:03:00Z,N20,Routine Flare
firms-2026-09-09-2320-45927,-4.03118,29.59995,311.04,1.03,50,2026-09-09T23:20:00Z,N20,Routine Flare
firms-2026-09-09-2303-45928,55.60189,51.90061,306,0.91,50,2026-09-09T23:03:00Z,N20,Routine Flare
firms-2026-09-09-2320-45929,-4.03181,29.60386,300.98,0.69,50,2026-09-09T23:20:00Z,N20,Routine Flare
firms-2026-09-09-2303-45930,55.59865,51.8988,306.31,0.91,50,2026-09-09T23:03:00Z,N20,Routine Flare
firms-2026-09-09-2303-45931,55.58771,51.95947,295.31,0.55,50,2026-09-09T23:03:00Z,N20,Routine Flare
firms-2026-09-09-2320-45932,-4.03461,29.59929,306.19,1.03,50,2026-09-09T23:20:00Z,N20,Routine Flare
firms-2026-09-09-2303-45933,55.58667,51.94551,296.46,0.61,50,2026-09-09T23:03:00Z,N20,Routine Flare
firms-2026-09-09-2320-45934,-4.03524,29.60321,297.42,0.69,50,2026-09-09T23:20:00Z,N20,Routine Flare
firms-2026-09-09-2303-45935,55.58891,51.91333,295.28,0.44,50,2026-09-09T23:03:00Z,N20,Routine Flare
firms-2026-09-09-2320-45936,-4.24271,30.81425,301.35,0.47,50,2026-09-09T23:20:00Z,N20,Routine Flare
firms-2026-09-09-2303-45937,56.20167,32.78282,297.76,0.72,50,2026-09-09T23:03:00Z,N20,Routine Flare
firms-2026-09-09-2322-45938,-4.30947,30.87141,301.99,0.61,50,2026-09-09T23:22:00Z,N20,Routine Flare
firms-2026-09-09-2303-45939,56.20292,32.78226,297.98,0.39,50,2026-09-09T23:03:00Z,N20,Routine Flare
firms-2026-09-09-2322-45940,-3.34449,24.98267,301.66,1.15,50,2026-09-09T23:22:00Z,N20,Routine Flare
firms-2026-09-09-2303-45941,51.90257,59.70727,295.79,1.59,50,2026-09-09T23:03:00Z,N20,Routine Flare
firms-2026-09-09-2322-45942,-4.3128,30.87088,303.37,0.61,50,2026-09-09T23:22:00Z,N20,Routine Flare
firms-2026-09-09-2303-45943,54.44537,45.86978,304.97,1.17,50,2026-09-09T23:03:00Z,N20,Routine Flare
firms-2026-09-09-2322-45944,-4.31612,30.87035,301.55,0.51,50,2026-09-09T23:22:00Z,N20,Routine Flare
firms-2026-09-09-2303-45945,54.44454,45.87604,301.44,1.04,50,2026-09-09T23:03:00Z,N20,Routine Flare
firms-2026-09-09-2322-45946,-4.1055,29.5399,330.03,2.86,50,2026-09-09T23:22:00Z,N20,Routine Flare
firms-2026-09-09-2303-45947,55.17819,37.65652,296.75,0.41,50,2026-09-09T23:03:00Z,N20,Routine Flare
firms-2026-09-09-2322-45948,-4.82653,34.08226,301.92,0.56,50,2026-09-09T23:22:00Z,N20,Routine Flare
firms-2026-09-09-2303-45949,55.17751,37.6572,297.07,0.69,50,2026-09-09T23:03:00Z,N20,Routine Flare
firms-2026-09-09-2322-45950,-4.13213,29.59521,309.26,1.02,50,2026-09-09T23:22:00Z,N20,Routine Flare
firms-2026-09-09-2303-45951,51.44547,57.57058,319.18,1.82,50,2026-09-09T23:03:00Z,N20,Routine Flare
firms-2026-09-09-2322-45952,-4.13339,29.60302,313.48,0.84,50,2026-09-09T23:22:00Z,N20,Routine Flare
firms-2026-09-09-2303-45953,51.4399,57.574,302.97,1.82,50,2026-09-09T23:03:00Z,N20,Routine Flare
firms-2026-09-09-2322-45954,-4.13617,29.59837,299.98,1.02,50,2026-09-09T23:22:00Z,N20,Routine Flare
firms-2026-09-09-2303-45955,54.48075,36.80204,295.89,0.4,50,2026-09-09T23:03:00Z,N20,Routine Flare
firms-2026-09-09-2322-45956,-4.13681,29.60233,298.65,0.84,50,2026-09-09T23:22:00Z,N20,Routine Flare
firms-2026-09-09-2303-45957,54.4832,36.805,296.67,1.2,50,2026-09-09T23:03:00Z,N20,Routine Flare
firms-2026-09-09-2322-45958,-4.1341,29.56347,321.05,1.35,50,2026-09-09T23:22:00Z,N20,Routine Flare
firms-2026-09-09-2303-45959,54.24633,38.86843,303.06,0.82,50,2026-09-09T23:03:00Z,N20,Routine Flare
firms-2026-09-09-2322-45960,-4.14021,29.60148,324.7,2.24,50,2026-09-09T23:22:00Z,N20,Routine Flare
firms-2026-09-09-2303-45961,54.24805,38.86848,300.52,0.98,50,2026-09-09T23:03:00Z,N20,Routine Flare
firms-2026-09-09-2322-45962,-3.98936,28.66657,300.09,0.7,50,2026-09-09T23:22:00Z,N20,Routine Flare
firms-2026-09-09-2303-45963,54.21362,38.92333,309.42,1.95,50,2026-09-09T23:03:00Z,N20,Routine Flare
firms-2026-09-09-2322-45964,-4.13472,29.56737,315.19,1.35,50,2026-09-09T23:22:00Z,N20,Routine Flare
firms-2026-09-09-2303-45965,54.16974,37.71412,313.66,2.37,50,2026-09-09T23:03:00Z,N20,Routine Flare
firms-2026-09-09-2322-45966,-4.13753,29.56278,304.16,1.35,50,2026-09-09T23:22:00Z,N20,Routine Flare
firms-2026-09-09-2303-45967,54.15536,37.72681,299.63,1.14,50,2026-09-09T23:03:00Z,N20,Routine Flare
firms-2026-09-09-2322-45968,-4.13815,29.56669,307.46,1.35,50,2026-09-09T23:22:00Z,N20,Routine Flare
firms-2026-09-09-2303-45969,47.77251,67.74471,330.1,4.91,50,2026-09-09T23:03:00Z,N20,Routine Flare
firms-2026-09-09-2322-45970,-4.62151,32.43343,301.67,0.65,50,2026-09-09T23:22:00Z,N20,Routine Flare
firms-2026-09-09-2303-45971,54.08577,38.17665,327.52,4.72,50,2026-09-09T23:03:00Z,N20,Routine Flare
firms-2026-09-09-2303-45972,54.08601,38.17686,324.26,2.97,50,2026-09-09T23:03:00Z,N20,Routine Flare
firms-2026-09-09-2322-45973,-4.06063,28.83604,299.33,0.85,50,2026-09-09T23:22:00Z,N20,Routine Flare
firms-2026-09-09-2303-45974,47.76783,67.74245,329.76,5.94,50,2026-09-09T23:03:00Z,N20,Routine Flare
firms-2026-09-09-2322-45975,-4.10088,28.84293,299.71,0.83,50,2026-09-09T23:22:00Z,N20,Routine Flare
firms-2026-09-09-2322-45976,-4.11442,28.81384,302.92,0.78,50,2026-09-09T23:22:00Z,N20,Routine Flare
firms-2026-09-09-2303-45977,52.15684,50.95918,301.87,0.46,50,2026-09-09T23:03:00Z,N20,Routine Flare
firms-2026-09-09-2303-45978,50.36032,57.12295,298.42,0.58,50,2026-09-09T23:03:00Z,N20,Routine Flare
firms-2026-09-09-2322-45979,-4.03044,28.13323,302.69,1.29,50,2026-09-09T23:22:00Z,N20,Routine Flare
firms-2026-09-09-2322-45980,-4.03413,28.13253,305.3,0.8,50,2026-09-09T23:22:00Z,N20,Routine Flare
firms-2026-09-09-2303-45981,50.35302,57.13285,314.68,1.36,50,2026-09-09T23:03:00Z,N20,Routine Flare
firms-2026-09-09-2322-45982,-4.15382,28.8316,315.66,1.67,50,2026-09-09T23:22:00Z,N20,Routine Flare
firms-2026-09-09-2303-45983,50.34893,57.13026,340.71,3.1,50,2026-09-09T23:03:00Z,N20,Routine Flare
firms-2026-09-09-2322-45984,-4.08295,28.22479,312.13,1.47,50,2026-09-09T23:22:00Z,N20,Routine Flare
firms-2026-09-09-2303-45985,50.34732,57.13651,297.65,3.1,50,2026-09-09T23:03:00Z,N20,Routine Flare
firms-2026-09-09-2322-45986,-4.08164,28.22179,307.7,1.28,50,2026-09-09T23:22:00Z,N20,Routine Flare
firms-2026-09-09-2303-45987,50.34483,57.12769,304.14,3.1,50,2026-09-09T23:03:00Z,N20,Routine Flare
firms-2026-09-09-2303-45988,53.44436,34.41642,330.77,3.39,50,2026-09-09T23:03:00Z,N20,Routine Flare
firms-2026-09-09-2322-45989,-4.26523,29.22854,315.13,1.53,50,2026-09-09T23:22:00Z,N20,Routine Flare
firms-2026-09-09-2322-45990,-4.0445,27.85807,304.27,1.74,50,2026-09-09T23:22:00Z,N20,Routine Flare
firms-2026-09-09-2303-45991,53.44201,34.4138,317.66,1.76,50,2026-09-09T23:03:00Z,N20,Routine Flare
firms-2026-09-09-2322-45992,-4.1951,28.77619,299.06,0.83,50,2026-09-09T23:22:00Z,N20,Routine Flare
firms-2026-09-09-2303-45993,53.4418,34.41885,297.24,1.76,50,2026-09-09T23:03:00Z,N20,Routine Flare
firms-2026-09-09-2303-45994,53.33926,34.27498,308.44,1,50,2026-09-09T23:03:00Z,N20,Routine Flare
firms-2026-09-09-2322-45995,-4.19867,28.77564,298.99,0.83,50,2026-09-09T23:22:00Z,N20,Routine Flare
firms-2026-09-09-2303-45996,53.33769,34.27164,296.3,0.49,50,2026-09-09T23:03:00Z,N20,Routine Flare
firms-2026-09-09-2322-45997,-4.1198,28.20101,300.16,0.61,50,2026-09-09T23:22:00Z,N20,Routine Flare
firms-2026-09-09-2303-45998,53.33749,34.27668,299.46,0.57,50,2026-09-09T23:03:00Z,N20,Routine Flare
firms-2026-09-09-2322-45999,-4.22296,28.83504,315.79,2.2,50,2026-09-09T23:22:00Z,N20,Routine Flare
firms-2026-09-09-2303-46000,52.5661,39.69852,315.3,1.97,50,2026-09-09T23:03:00Z,N20,Routine Flare
firms-2026-09-09-2322-46001,-4.14416,28.28122,303.09,1.7,50,2026-09-09T23:22:00Z,N20,Routine Flare
firms-2026-09-09-2303-46002,52.56559,39.70435,308.53,1.72,50,2026-09-09T23:03:00Z,N20,Routine Flare
firms-2026-09-09-2322-46003,-4.23634,28.71409,299.44,1.59,50,2026-09-09T23:22:00Z,N20,Routine Flare
firms-2026-09-09-2303-46004,52.56266,39.59647,299.78,1.24,50,2026-09-09T23:03:00Z,N20,Routine Flare
firms-2026-09-09-2322-46005,-4.5497,30.67201,301.15,0.76,50,2026-09-09T23:22:00Z,N20,Routine Flare
firms-2026-09-09-2303-46006,52.56114,39.61406,297.34,0.79,50,2026-09-09T23:03:00Z,N20,Routine Flare
firms-2026-09-09-2322-46007,-4.55026,30.67552,304.8,0.76,50,2026-09-09T23:22:00Z,N20,Routine Flare
firms-2026-09-09-2303-46008,52.56063,39.61991,300,1.09,50,2026-09-09T23:03:00Z,N20,Routine Flare
firms-2026-09-09-2322-46009,-4.27387,28.81112,300.33,0.62,50,2026-09-09T23:22:00Z,N20,Routine Flare
firms-2026-09-09-2303-46010,52.55709,39.61311,337.25,2.37,50,2026-09-09T23:03:00Z,N20,Routine Flare
firms-2026-09-09-2322-46011,-4.32857,29.15353,309.97,1.24,50,2026-09-09T23:22:00Z,N20,Routine Flare
firms-2026-09-09-2303-46012,52.56066,39.57191,313.41,1.88,50,2026-09-09T23:03:00Z,N20,Routine Flare
firms-2026-09-09-2322-46013,-4.26561,28.7136,303.78,1.53,50,2026-09-09T23:22:00Z,N20,Routine Flare
firms-2026-09-09-2303-46014,52.55912,39.58966,300.86,0.87,50,2026-09-09T23:03:00Z,N20,Routine Flare
firms-2026-09-09-2322-46015,-4.26792,28.71449,303.52,2.06,50,2026-09-09T23:22:00Z,N20,Routine Flare
firms-2026-09-09-2303-46016,52.55861,39.59555,306.36,2.3,50,2026-09-09T23:03:00Z,N20,Routine Flare
firms-2026-09-09-2322-46017,-4.25983,28.64318,298.15,0.48,50,2026-09-09T23:22:00Z,N20,Routine Flare
firms-2026-09-09-2303-46018,52.55759,39.60726,307.74,2.37,50,2026-09-09T23:03:00Z,N20,Routine Flare
firms-2026-09-09-2322-46019,-4.2822,28.62226,301.65,0.7,50,2026-09-09T23:22:00Z,N20,Routine Flare
firms-2026-09-09-2303-46020,52.55658,39.61895,297.39,2.19,50,2026-09-09T23:03:00Z,N20,Routine Flare
firms-2026-09-09-2303-46021,52.55051,39.64135,339.95,3.88,50,2026-09-09T23:03:00Z,N20,Routine Flare
firms-2026-09-09-2303-46022,52.5566,39.57101,309.05,1.88,50,2026-09-09T23:03:00Z,N20,Routine Flare
firms-2026-09-09-2322-46023,-4.47757,29.69398,328.82,4.75,50,2026-09-09T23:22:00Z,N20,Routine Flare
firms-2026-09-09-2303-46024,52.55507,39.58875,300.76,0.87,50,2026-09-09T23:03:00Z,N20,Routine Flare
firms-2026-09-09-2322-46025,-4.47819,29.69788,339.85,4.75,50,2026-09-09T23:22:00Z,N20,Routine Flare
firms-2026-09-09-2303-46026,52.54697,39.63456,321.23,2.89,50,2026-09-09T23:03:00Z,N20,Routine Flare
firms-2026-09-09-2322-46027,-4.48162,29.69735,305.37,1.04,50,2026-09-09T23:22:00Z,N20,Routine Flare
firms-2026-09-09-2303-46028,52.54647,39.64038,352.63,10.08,50,2026-09-09T23:03:00Z,N20,Routine Flare
firms-2026-09-09-2322-46029,-4.32843,28.72578,329.04,3.96,50,2026-09-09T23:22:00Z,N20,Routine Flare
firms-2026-09-09-2303-46030,52.54445,39.61603,307.18,1.44,50,2026-09-09T23:03:00Z,N20,Routine Flare
firms-2026-09-09-2322-46031,-4.38979,29.06063,301.59,0.64,50,2026-09-09T23:22:00Z,N20,Routine Flare
firms-2026-09-09-2303-46032,52.54394,39.62191,316.73,1.44,50,2026-09-09T23:03:00Z,N20,Routine Flare
firms-2026-09-09-2322-46033,-4.27135,28.25715,328.5,3.91,50,2026-09-09T23:22:00Z,N20,Routine Flare
firms-2026-09-09-2303-46034,52.54041,39.61508,321.69,1.36,50,2026-09-09T23:03:00Z,N20,Routine Flare
firms-2026-09-09-2322-46035,-4.27501,28.25654,328.97,3.91,50,2026-09-09T23:22:00Z,N20,Routine Flare
firms-2026-09-09-2303-46036,52.53989,39.62094,295.45,1.36,50,2026-09-09T23:03:00Z,N20,Routine Flare
firms-2026-09-09-2322-46037,-4.27431,28.2522,298.22,3.64,50,2026-09-09T23:22:00Z,N20,Routine Flare
firms-2026-09-09-2303-46038,52.53484,39.63169,323.06,14.59,50,2026-09-09T23:03:00Z,N20,Routine Flare
firms-2026-09-09-2322-46039,-4.37064,28.78328,297.96,0.62,50,2026-09-09T23:22:00Z,N20,Routine Flare
firms-2026-09-09-2303-46040,52.53535,39.62585,311.47,14.59,50,2026-09-09T23:03:00Z,N20,Routine Flare
firms-2026-09-09-2322-46041,-4.40047,28.90149,301,0.75,50,2026-09-09T23:22:00Z,N20,Routine Flare
firms-2026-09-09-2303-46042,52.5313,39.62495,296.54,0.73,50,2026-09-09T23:03:00Z,N20,Routine Flare
firms-2026-09-09-2322-46043,-4.69717,30.59805,300.3,1.24,50,2026-09-09T23:22:00Z,N20,Routine Flare
firms-2026-09-09-2303-46044,52.8466,29.98567,298.17,0.99,50,2026-09-09T23:03:00Z,N20,Routine Flare
firms-2026-09-09-2322-46045,-3.85481,25.46893,300.89,0.38,50,2026-09-09T23:22:00Z,N20,Routine Flare
firms-2026-09-09-2305-46046,52.39172,32.37875,309.12,1.24,50,2026-09-09T23:05:00Z,N20,Routine Flare
firms-2026-09-09-2322-46047,-4.70107,30.60103,305.4,1.21,50,2026-09-09T23:22:00Z,N20,Routine Flare
firms-2026-09-09-2305-46048,52.39158,32.38468,305.94,1.24,50,2026-09-09T23:05:00Z,N20,Routine Flare
firms-2026-09-09-2322-46049,-4.55065,29.64705,305.63,1.81,50,2026-09-09T23:22:00Z,N20,Routine Flare
firms-2026-09-09-2305-46050,52.39115,32.40233,312.87,1.89,50,2026-09-09T23:05:00Z,N20,Routine Flare
firms-2026-09-09-2322-46051,-4.55129,29.65095,309.25,1.2,50,2026-09-09T23:22:00Z,N20,Routine Flare
firms-2026-09-09-2305-46052,52.38562,32.40184,328.26,1.89,50,2026-09-09T23:05:00Z,N20,Routine Flare
firms-2026-09-09-2322-46053,-4.55408,29.64649,306.09,1.97,50,2026-09-09T23:22:00Z,N20,Routine Flare
firms-2026-09-09-2305-46054,52.38619,32.37829,315.87,1.24,50,2026-09-09T23:05:00Z,N20,Routine Flare
firms-2026-09-09-2322-46055,-4.55471,29.65036,316.78,1.66,50,2026-09-09T23:22:00Z,N20,Routine Flare
firms-2026-09-09-2305-46056,52.38591,32.39009,312.26,3.49,50,2026-09-09T23:05:00Z,N20,Routine Flare
firms-2026-09-09-2322-46057,-4.41198,28.72847,316.01,2.26,50,2026-09-09T23:22:00Z,N20,Routine Flare
firms-2026-09-09-2305-46058,52.38066,32.37781,367,6.38,50,2026-09-09T23:05:00Z,N20,Industrial Fire
firms-2026-09-09-2322-46059,-4.41342,28.73732,300.44,1.23,50,2026-09-09T23:22:00Z,N20,Routine Flare
firms-2026-09-09-2305-46060,52.38052,32.38369,350.63,6.38,50,2026-09-09T23:05:00Z,N20,Routine Flare
firms-2026-09-09-2322-46061,-4.41414,28.74172,312.39,1.23,50,2026-09-09T23:22:00Z,N20,Routine Flare
firms-2026-09-09-2305-46062,52.37499,32.38317,338.09,6.38,50,2026-09-09T23:05:00Z,N20,Routine Flare
firms-2026-09-09-2322-46063,-4.48797,29.17312,308.73,0.54,50,2026-09-09T23:22:00Z,N20,Routine Flare
firms-2026-09-09-2305-46064,52.37513,32.3773,309.89,6.38,50,2026-09-09T23:05:00Z,N20,Routine Flare
firms-2026-09-09-2322-46065,-4.41974,28.73116,305.47,0.99,50,2026-09-09T23:22:00Z,N20,Routine Flare
firms-2026-09-09-2305-46066,52.36946,32.38267,323.19,1.68,50,2026-09-09T23:05:00Z,N20,Routine Flare
firms-2026-09-09-2322-46067,-4.38975,28.40997,299.54,0.5,50,2026-09-09T23:22:00Z,N20,Routine Flare
firms-2026-09-09-2305-46068,52.14193,37.35004,295.7,0.67,50,2026-09-09T23:05:00Z,N20,Routine Flare
firms-2026-09-09-2322-46069,-4.46697,28.88743,299.02,0.96,50,2026-09-09T23:22:00Z,N20,Routine Flare
firms-2026-09-09-2305-46070,52.33805,32.54372,298.71,0.6,50,2026-09-09T23:05:00Z,N20,Routine Flare
firms-2026-09-09-2322-46071,-4.39338,28.40937,301.66,0.5,50,2026-09-09T23:22:00Z,N20,Routine Flare
firms-2026-09-09-2305-46072,51.93241,39.32363,320.93,1.96,50,2026-09-09T23:05:00Z,N20,Routine Flare
firms-2026-09-09-2322-46073,-4.66968,30.018,297.36,0.52,50,2026-09-09T23:22:00Z,N20,Routine Flare
firms-2026-09-09-2305-46074,52.29809,32.39213,305.51,1.37,50,2026-09-09T23:05:00Z,N20,Routine Flare
firms-2026-09-09-2322-46075,-4.76113,30.59157,303.75,0.95,50,2026-09-09T23:22:00Z,N20,Routine Flare
firms-2026-09-09-2305-46076,52.22718,32.37327,319.72,1.45,50,2026-09-09T23:05:00Z,N20,Routine Flare
firms-2026-09-09-2322-46077,-4.50211,28.59285,318.33,2.11,50,2026-09-09T23:22:00Z,N20,Routine Flare
firms-2026-09-09-2305-46078,52.22165,32.37278,297.13,1.45,50,2026-09-09T23:05:00Z,N20,Routine Flare
firms-2026-09-09-2322-46079,-4.72292,29.69323,331.69,3.26,50,2026-09-09T23:22:00Z,N20,Routine Flare
firms-2026-09-09-2305-46080,45.83123,66.13505,295.44,0.59,50,2026-09-09T23:05:00Z,N20,Routine Flare
firms-2026-09-09-2322-46081,-4.72855,29.68453,307.12,1.04,50,2026-09-09T23:22:00Z,N20,Routine Flare
firms-2026-09-09-2305-46082,45.9555,65.72327,315.86,2.22,50,2026-09-09T23:05:00Z,N20,Routine Flare
firms-2026-09-09-2322-46083,-4.441,27.84404,329.08,2,50,2026-09-09T23:22:00Z,N20,Routine Flare
firms-2026-09-09-2305-46084,45.95231,65.7319,305.93,2.22,50,2026-09-09T23:05:00Z,N20,Routine Flare
firms-2026-09-09-2322-46085,-4.44173,27.8486,301.66,2,50,2026-09-09T23:22:00Z,N20,Routine Flare
firms-2026-09-09-2305-46086,46.13749,65.01204,297.61,0.79,50,2026-09-09T23:05:00Z,N20,Routine Flare
firms-2026-09-09-2322-46087,-4.44546,27.84792,305.49,1.35,50,2026-09-09T23:22:00Z,N20,Routine Flare
firms-2026-09-09-2305-46088,51.98216,33.49345,312.98,1.13,50,2026-09-09T23:05:00Z,N20,Routine Flare
firms-2026-09-09-2322-46089,-4.55314,28.39893,304.09,0.51,50,2026-09-09T23:22:00Z,N20,Routine Flare
firms-2026-09-09-2305-46090,46.13507,65.01069,297.95,0.69,50,2026-09-09T23:05:00Z,N20,Routine Flare
firms-2026-09-09-2322-46091,-4.66373,29.0056,303.89,0.97,50,2026-09-09T23:22:00Z,N20,Routine Flare
firms-2026-09-09-2305-46092,51.93579,34.26525,302.84,0.79,50,2026-09-09T23:05:00Z,N20,Routine Flare
firms-2026-09-09-2322-46093,-4.55794,28.3375,300.54,0.65,50,2026-09-09T23:22:00Z,N20,Routine Flare
firms-2026-09-09-2305-46094,51.89573,29.33798,324.31,3.77,50,2026-09-09T23:05:00Z,N20,Routine Flare
firms-2026-09-09-2322-46095,-4.56382,28.32785,329.64,4.78,50,2026-09-09T23:22:00Z,N20,Routine Flare
firms-2026-09-09-2305-46096,51.88948,29.3299,308.65,3.79,50,2026-09-09T23:05:00Z,N20,Routine Flare
firms-2026-09-09-2322-46097,-4.70198,29.01927,304.54,1.19,50,2026-09-09T23:22:00Z,N20,Routine Flare
firms-2026-09-09-2305-46098,51.89202,29.33428,328.27,4.53,50,2026-09-09T23:05:00Z,N20,Routine Flare
firms-2026-09-09-2322-46099,-4.6349,28.39846,302.17,0.53,50,2026-09-09T23:22:00Z,N20,Routine Flare
firms-2026-09-09-2305-46100,51.65909,34.08488,315.97,1.02,50,2026-09-09T23:05:00Z,N20,Routine Flare
firms-2026-09-09-2322-46101,-4.62328,28.27958,305.77,1.28,50,2026-09-09T23:22:00Z,N20,Routine Flare
firms-2026-09-09-2305-46102,51.65887,34.08973,305.73,1.02,50,2026-09-09T23:05:00Z,N20,Routine Flare
firms-2026-09-09-2322-46103,-4.74848,29.03988,296.71,0.33,50,2026-09-09T23:22:00Z,N20,Routine Flare
firms-2026-09-09-2305-46104,51.49255,36.40865,297.94,0.84,50,2026-09-09T23:05:00Z,N20,Routine Flare
firms-2026-09-09-2322-46105,-5.48731,33.55522,301.4,0.61,50,2026-09-09T23:22:00Z,N20,Routine Flare
firms-2026-09-09-2305-46106,51.25919,37.76223,322.24,3.33,50,2026-09-09T23:05:00Z,N20,Routine Flare
firms-2026-09-09-2322-46107,-4.70359,28.49573,334.68,3.84,50,2026-09-09T23:22:00Z,N20,Routine Flare
firms-2026-09-09-2305-46108,51.14064,37.92912,326.04,3.53,50,2026-09-09T23:05:00Z,N20,Routine Flare
firms-2026-09-09-2322-46109,-4.70291,28.49158,299.82,1.11,50,2026-09-09T23:22:00Z,N20,Routine Flare
firms-2026-09-09-2305-46110,51.33807,34.63487,309.89,1.87,50,2026-09-09T23:05:00Z,N20,Routine Flare
firms-2026-09-09-2322-46111,-4.70719,28.49514,333.9,7.55,50,2026-09-09T23:22:00Z,N20,Routine Flare
firms-2026-09-09-2305-46112,51.12255,37.99705,295.44,0.68,50,2026-09-09T23:05:00Z,N20,Routine Flare
firms-2026-09-09-2322-46113,-5.15273,31.21749,320.31,1.78,50,2026-09-09T23:22:00Z,N20,Routine Flare
firms-2026-09-09-2305-46114,51.33819,34.62774,303.13,2.97,50,2026-09-09T23:05:00Z,N20,Routine Flare
firms-2026-09-09-2305-46115,50.8554,35.47339,295.04,1.73,50,2026-09-09T23:05:00Z,N20,Routine Flare
firms-2026-09-09-2322-46116,-4.73717,28.45189,330.27,2.09,50,2026-09-09T23:22:00Z,N20,Routine Flare
firms-2026-09-09-2305-46117,50.85062,35.47285,315.95,1.73,50,2026-09-09T23:05:00Z,N20,Routine Flare
firms-2026-09-09-2322-46118,-4.7365,28.44773,301.73,2.09,50,2026-09-09T23:22:00Z,N20,Routine Flare
firms-2026-09-09-2305-46119,50.85064,35.47365,314.1,2.15,50,2026-09-09T23:05:00Z,N20,Routine Flare
firms-2026-09-09-2322-46120,-4.74011,28.44714,313.38,2.09,50,2026-09-09T23:22:00Z,N20,Routine Flare
firms-2026-09-09-2305-46121,50.37776,39.6354,300.5,1.13,50,2026-09-09T23:05:00Z,N20,Routine Flare
firms-2026-09-09-2322-46122,-4.74078,28.4513,303.31,2.09,50,2026-09-09T23:22:00Z,N20,Routine Flare
firms-2026-09-09-2305-46123,50.61412,36.60235,302.29,0.71,50,2026-09-09T23:05:00Z,N20,Routine Flare
firms-2026-09-09-2322-46124,-4.74372,28.44655,300.14,0.87,50,2026-09-09T23:22:00Z,N20,Routine Flare
firms-2026-09-09-2305-46125,50.43189,37.84687,335.27,3.12,50,2026-09-09T23:05:00Z,N20,Routine Flare
firms-2026-09-09-2322-46126,-5.28156,31.4935,303.77,0.48,50,2026-09-09T23:22:00Z,N20,Routine Flare
firms-2026-09-09-2305-46127,50.43139,37.85338,308.58,3.12,50,2026-09-09T23:05:00Z,N20,Routine Flare
firms-2026-09-09-2322-46128,-5.20102,30.94375,300.89,0.59,50,2026-09-09T23:22:00Z,N20,Routine Flare
firms-2026-09-09-2305-46129,50.15103,39.68179,306.01,1.25,50,2026-09-09T23:05:00Z,N20,Routine Flare
firms-2026-09-09-2322-46130,-5.20157,30.94723,306.8,0.63,50,2026-09-09T23:22:00Z,N20,Routine Flare
firms-2026-09-09-2305-46131,50.59477,31.3225,297.4,0.3,50,2026-09-09T23:05:00Z,N20,Routine Flare
firms-2026-09-09-2322-46132,-5.17377,30.68774,300.07,0.43,50,2026-09-09T23:22:00Z,N20,Routine Flare
firms-2026-09-09-2305-46133,49.7261,43.02677,311.35,1,50,2026-09-09T23:05:00Z,N20,Routine Flare
firms-2026-09-09-2322-46134,-4.80788,28.37759,303.27,0.65,50,2026-09-09T23:22:00Z,N20,Routine Flare
firms-2026-09-09-2305-46135,49.72535,43.03265,296.1,1,50,2026-09-09T23:05:00Z,N20,Routine Flare
firms-2026-09-09-2322-46136,-4.89946,28.89655,309.76,1.49,50,2026-09-09T23:22:00Z,N20,Routine Flare
firms-2026-09-09-2305-46137,50.45725,34.16646,322.99,2.08,50,2026-09-09T23:05:00Z,N20,Routine Flare
firms-2026-09-09-2305-46138,50.27777,36.93285,299,0.91,50,2026-09-09T23:05:00Z,N20,Routine Flare
firms-2026-09-09-2322-46139,-4.8978,28.86392,327.24,2.07,50,2026-09-09T23:22:00Z,N20,Routine Flare
firms-2026-09-09-2322-46140,-4.89843,28.86781,309.67,1.2,50,2026-09-09T23:22:00Z,N20,Routine Flare
firms-2026-09-09-2322-46141,-4.90195,28.8672,298.52,1.2,50,2026-09-09T23:22:00Z,N20,Routine Flare
firms-2026-09-09-2322-46142,-5.31581,31.43162,306.29,0.9,50,2026-09-09T23:22:00Z,N20,Routine Flare
firms-2026-09-09-2322-46143,-5.3169,31.43851,308.03,1.19,50,2026-09-09T23:22:00Z,N20,Routine Flare
firms-2026-09-09-2322-46144,-5.32021,31.43798,318.1,1.19,50,2026-09-09T23:22:00Z,N20,Routine Flare
firms-2026-09-09-2322-46145,-4.91152,28.83671,312.99,1.64,50,2026-09-09T23:22:00Z,N20,Routine Flare
firms-2026-09-09-2322-46146,-4.91223,28.84114,314.93,1.44,50,2026-09-09T23:22:00Z,N20,Routine Flare
firms-2026-09-09-2322-46147,-5.57991,33.02305,300.83,0.53,50,2026-09-09T23:22:00Z,N20,Routine Flare
firms-2026-09-09-2322-46148,-4.91644,28.82202,304.34,0.94,50,2026-09-09T23:22:00Z,N20,Routine Flare
firms-2026-09-09-2322-46149,-5.37486,31.6978,305.96,0.93,50,2026-09-09T23:22:00Z,N20,Routine Flare
firms-2026-09-09-2322-46150,-4.8507,28.29718,312.56,1.13,50,2026-09-09T23:22:00Z,N20,Routine Flare
firms-2026-09-09-2322-46151,-4.84775,28.29921,310.84,1.86,50,2026-09-09T23:22:00Z,N20,Routine Flare
firms-2026-09-09-2322-46152,-5.1625,30.17578,306.96,1.84,50,2026-09-09T23:22:00Z,N20,Routine Flare
firms-2026-09-09-2322-46153,-5.16586,30.17524,323.51,1.84,50,2026-09-09T23:22:00Z,N20,Routine Flare
firms-2026-09-09-2322-46154,-5.216,30.4438,340.6,2.66,50,2026-09-09T23:22:00Z,N20,Routine Flare
firms-2026-09-09-2322-46155,-5.21656,30.4473,301.49,2.66,50,2026-09-09T23:22:00Z,N20,Routine Flare
firms-2026-09-09-2322-46156,-5.73668,33.76707,298.38,0.49,50,2026-09-09T23:22:00Z,N20,Routine Flare
firms-2026-09-09-2322-46157,-4.96881,28.89936,300.09,1.27,50,2026-09-09T23:22:00Z,N20,Routine Flare
firms-2026-09-09-2322-46158,-5.21934,30.44327,309.94,1.26,50,2026-09-09T23:22:00Z,N20,Routine Flare
firms-2026-09-09-2322-46159,-4.92819,28.44968,304.16,0.87,50,2026-09-09T23:22:00Z,N20,Routine Flare
firms-2026-09-09-2322-46160,-4.92883,28.45364,306.78,1.38,50,2026-09-09T23:22:00Z,N20,Routine Flare
firms-2026-09-09-2322-46161,-4.70793,26.98267,308.51,1.63,50,2026-09-09T23:22:00Z,N20,Routine Flare
firms-2026-09-09-2322-46162,-4.5715,26.04601,304.68,0.7,50,2026-09-09T23:22:00Z,N20,Routine Flare
firms-2026-09-09-2322-46163,-5.41702,31.25665,304.88,0.55,50,2026-09-09T23:22:00Z,N20,Routine Flare
firms-2026-09-09-2322-46164,-5.03893,28.86368,307.64,1.19,50,2026-09-09T23:22:00Z,N20,Routine Flare
firms-2026-09-09-2322-46165,-5.42033,31.25613,302.08,0.55,50,2026-09-09T23:22:00Z,N20,Routine Flare
firms-2026-09-09-2322-46166,-5.42363,31.25561,304.02,0.79,50,2026-09-09T23:22:00Z,N20,Routine Flare
firms-2026-09-09-2322-46167,-5.428,31.28319,302.42,0.49,50,2026-09-09T23:22:00Z,N20,Routine Flare
firms-2026-09-09-2322-46168,-5.01404,28.66295,305.67,1.11,50,2026-09-09T23:22:00Z,N20,Routine Flare
firms-2026-09-09-2322-46169,-5.01761,28.66251,304.58,0.67,50,2026-09-09T23:22:00Z,N20,Routine Flare
firms-2026-09-09-2322-46170,-5.43519,31.26439,302.36,0.75,50,2026-09-09T23:22:00Z,N20,Routine Flare
firms-2026-09-09-2322-46171,-5.01695,28.66336,312.16,1.46,50,2026-09-09T23:22:00Z,N20,Routine Flare
firms-2026-09-09-2322-46172,-5.09654,28.99303,299.12,0.62,50,2026-09-09T23:22:00Z,N20,Routine Flare
firms-2026-09-09-2322-46173,-5.05598,28.65641,303.52,0.82,50,2026-09-09T23:22:00Z,N20,Routine Flare
firms-2026-09-09-2322-46174,-4.83386,27.16189,309.12,1.79,50,2026-09-09T23:22:00Z,N20,Routine Flare
firms-2026-09-09-2322-46175,-5.46485,31.06472,306.13,1.36,50,2026-09-09T23:22:00Z,N20,Routine Flare
firms-2026-09-09-2322-46176,-5.4676,31.06071,299.09,0.58,50,2026-09-09T23:22:00Z,N20,Routine Flare
firms-2026-09-09-2322-46177,-5.46815,31.06419,305.12,0.58,50,2026-09-09T23:22:00Z,N20,Routine Flare
firms-2026-09-09-2322-46178,-4.91056,27.58241,304.76,1.99,50,2026-09-09T23:22:00Z,N20,Routine Flare
firms-2026-09-09-2322-46179,-5.39791,30.60163,302.06,0.31,50,2026-09-09T23:22:00Z,N20,Routine Flare
firms-2026-09-09-2322-46180,-4.95565,27.81204,304.57,1.48,50,2026-09-09T23:22:00Z,N20,Routine Flare
firms-2026-09-09-2322-46181,-5.47808,31.0626,306.5,0.61,50,2026-09-09T23:22:00Z,N20,Routine Flare
firms-2026-09-09-2322-46182,-4.95511,27.78515,312.46,2.77,50,2026-09-09T23:22:00Z,N20,Routine Flare
firms-2026-09-09-2322-46183,-4.95508,27.7613,305.12,1.76,50,2026-09-09T23:22:00Z,N20,Routine Flare
firms-2026-09-09-2322-46184,-4.98115,27.89871,321.48,2.49,50,2026-09-09T23:22:00Z,N20,Routine Flare
firms-2026-09-09-2322-46185,-4.98193,27.90358,331.78,2.17,50,2026-09-09T23:22:00Z,N20,Routine Flare
firms-2026-09-09-2322-46186,-4.98486,27.89815,308.9,2.49,50,2026-09-09T23:22:00Z,N20,Routine Flare
firms-2026-09-09-2322-46187,-4.98564,27.90302,304.79,2.17,50,2026-09-09T23:22:00Z,N20,Routine Flare
firms-2026-09-09-2322-46188,-5.10665,28.6309,300.12,0.72,50,2026-09-09T23:22:00Z,N20,Routine Flare
firms-2026-09-09-2322-46189,-5.46001,30.77785,300,0.3,50,2026-09-09T23:22:00Z,N20,Routine Flare
firms-2026-09-09-2322-46190,-5.17024,28.8899,307.51,1.51,50,2026-09-09T23:22:00Z,N20,Routine Flare
firms-2026-09-09-2322-46191,-5.13084,28.56219,317.94,2.22,50,2026-09-09T23:22:00Z,N20,Routine Flare
firms-2026-09-09-2322-46192,-5.15481,28.70797,301.52,1.37,50,2026-09-09T23:22:00Z,N20,Routine Flare
firms-2026-09-09-2322-46193,-5.15902,28.71148,301.16,0.73,50,2026-09-09T23:22:00Z,N20,Routine Flare
firms-2026-09-09-2322-46194,-5.15993,28.69484,302.95,1.27,50,2026-09-09T23:22:00Z,N20,Routine Flare
firms-2026-09-09-2322-46195,-5.16414,28.69828,313.46,1.27,50,2026-09-09T23:22:00Z,N20,Routine Flare
firms-2026-09-09-2322-46196,-5.18832,28.84603,301.23,1.09,50,2026-09-09T23:22:00Z,N20,Routine Flare
firms-2026-09-09-2322-46197,-5.54717,31.06994,301.6,1.04,50,2026-09-09T23:22:00Z,N20,Routine Flare
firms-2026-09-09-2322-46198,-5.54882,31.08031,306.85,1.2,50,2026-09-09T23:22:00Z,N20,Routine Flare
firms-2026-09-09-2322-46199,-5.54936,31.08376,306.14,0.75,50,2026-09-09T23:22:00Z,N20,Routine Flare
firms-2026-09-09-2322-46200,-5.54991,31.08722,304.67,0.75,50,2026-09-09T23:22:00Z,N20,Routine Flare
firms-2026-09-09-2322-46201,-5.87334,33.15131,318.87,1.18,50,2026-09-09T23:22:00Z,N20,Routine Flare
firms-2026-09-09-2322-46202,-5.19183,28.84542,304.8,0.96,50,2026-09-09T23:22:00Z,N20,Routine Flare
firms-2026-09-09-2322-46203,-5.1925,28.84952,310.79,0.96,50,2026-09-09T23:22:00Z,N20,Routine Flare
firms-2026-09-09-2322-46204,-5.55212,31.07979,298.46,0.22,50,2026-09-09T23:22:00Z,N20,Routine Flare
firms-2026-09-09-2322-46205,-5.55158,31.05505,300.36,0.74,50,2026-09-09T23:22:00Z,N20,Routine Flare
firms-2026-09-09-2322-46206,-5.21116,28.8754,309.98,1.17,50,2026-09-09T23:22:00Z,N20,Routine Flare
firms-2026-09-09-2322-46207,-5.53176,30.84529,301.54,0.84,50,2026-09-09T23:22:00Z,N20,Routine Flare
firms-2026-09-09-2322-46208,-5.73578,32.11351,304.67,0.49,50,2026-09-09T23:22:00Z,N20,Routine Flare
firms-2026-09-09-2322-46209,-4.99694,27.47101,305.74,1.81,50,2026-09-09T23:22:00Z,N20,Routine Flare
firms-2026-09-09-2322-46210,-5.60277,31.14254,304.28,0.32,50,2026-09-09T23:22:00Z,N20,Routine Flare
firms-2026-09-09-2322-46211,-5.1605,28.36021,303.33,1.08,50,2026-09-09T23:22:00Z,N20,Routine Flare
firms-2026-09-09-2322-46212,-5.16187,28.36864,303.37,1.09,50,2026-09-09T23:22:00Z,N20,Routine Flare
firms-2026-09-09-2322-46213,-5.16409,28.35951,309.23,1.47,50,2026-09-09T23:22:00Z,N20,Routine Flare
firms-2026-09-09-2322-46214,-5.25138,28.85626,301.77,1,50,2026-09-09T23:22:00Z,N20,Routine Flare
firms-2026-09-09-2322-46215,-5.20651,28.55418,301.02,0.84,50,2026-09-09T23:22:00Z,N20,Routine Flare
firms-2026-09-09-2322-46216,-5.21073,28.55766,299.8,0.65,50,2026-09-09T23:22:00Z,N20,Routine Flare
firms-2026-09-09-2322-46217,-5.42925,29.92353,302.71,0.77,50,2026-09-09T23:22:00Z,N20,Routine Flare
firms-2026-09-09-2322-46218,-5.70559,31.66357,302.45,0.74,50,2026-09-09T23:22:00Z,N20,Routine Flare
firms-2026-09-09-2322-46219,-5.15826,28.16124,302.43,1.1,50,2026-09-09T23:22:00Z,N20,Routine Flare
firms-2026-09-09-2322-46220,-5.42223,29.7864,300.15,0.39,50,2026-09-09T23:22:00Z,N20,Routine Flare
firms-2026-09-09-2322-46221,-5.1587,28.16242,303.36,1.02,50,2026-09-09T23:22:00Z,N20,Routine Flare
firms-2026-09-09-2322-46222,-5.25803,28.69613,309.21,1.12,50,2026-09-09T23:22:00Z,N20,Routine Flare
firms-2026-09-09-2322-46223,-5.26065,28.71208,304.74,1.01,50,2026-09-09T23:22:00Z,N20,Routine Flare
firms-2026-09-09-2322-46224,-5.72045,31.51941,299.47,0.3,50,2026-09-09T23:22:00Z,N20,Routine Flare
firms-2026-09-09-2322-46225,-5.21962,28.35094,307.97,1.01,50,2026-09-09T23:22:00Z,N20,Routine Flare
firms-2026-09-09-2322-46226,-5.60683,30.67642,299.96,0.44,50,2026-09-09T23:22:00Z,N20,Routine Flare
firms-2026-09-09-2322-46227,-5.26172,28.38231,308.98,1.58,50,2026-09-09T23:22:00Z,N20,Routine Flare
firms-2026-09-09-2322-46228,-5.29221,28.57035,300.91,0.5,50,2026-09-09T23:22:00Z,N20,Routine Flare
firms-2026-09-09-2322-46229,-5.29278,28.36882,307.44,1.26,50,2026-09-09T23:22:00Z,N20,Routine Flare
firms-2026-09-09-2322-46230,-5.78361,31.36091,298.3,0.5,50,2026-09-09T23:22:00Z,N20,Routine Flare
firms-2026-09-09-2322-46231,-5.78528,31.35003,300.86,0.41,50,2026-09-09T23:22:00Z,N20,Routine Flare
firms-2026-09-09-2322-46232,-5.30529,28.34644,303.31,1.06,50,2026-09-09T23:22:00Z,N20,Routine Flare
firms-2026-09-09-2322-46233,-5.3082,28.34166,305.22,1.46,50,2026-09-09T23:22:00Z,N20,Routine Flare
firms-2026-09-09-2322-46234,-5.35608,28.63185,303.29,0.99,50,2026-09-09T23:22:00Z,N20,Routine Flare
firms-2026-09-09-2322-46235,-5.42951,29.07884,300.76,0.7,50,2026-09-09T23:22:00Z,N20,Routine Flare
firms-2026-09-09-2322-46236,-5.31613,28.34485,307.32,1.2,50,2026-09-09T23:22:00Z,N20,Routine Flare
firms-2026-09-09-2322-46237,-5.46907,29.2775,313.1,1.53,50,2026-09-09T23:22:00Z,N20,Routine Flare
firms-2026-09-09-2322-46238,-5.90661,31.94735,332.83,1.38,50,2026-09-09T23:22:00Z,N20,Routine Flare
firms-2026-09-09-2322-46239,-5.63573,30.24263,304.9,0.47,50,2026-09-09T23:22:00Z,N20,Routine Flare
firms-2026-09-09-2322-46240,-5.78717,31.19072,298.16,0.39,50,2026-09-09T23:22:00Z,N20,Routine Flare
firms-2026-09-09-2322-46241,-5.78771,31.19417,301.84,0.46,50,2026-09-09T23:22:00Z,N20,Routine Flare
firms-2026-09-09-2322-46242,-5.90716,31.95083,300.03,1.38,50,2026-09-09T23:22:00Z,N20,Routine Flare
firms-2026-09-09-2322-46243,-5.91156,31.95726,335.85,2.25,50,2026-09-09T23:22:00Z,N20,Routine Flare
firms-2026-09-09-2322-46244,-5.90993,31.94683,307.52,1.38,50,2026-09-09T23:22:00Z,N20,Routine Flare
firms-2026-09-09-2322-46245,-5.91047,31.95031,313.92,1.38,50,2026-09-09T23:22:00Z,N20,Routine Flare
firms-2026-09-09-2322-46246,-5.91102,31.95378,309.4,2.25,50,2026-09-09T23:22:00Z,N20,Routine Flare
firms-2026-09-09-2322-46247,-5.91488,31.95674,322.09,1.64,50,2026-09-09T23:22:00Z,N20,Routine Flare
firms-2026-09-09-2322-46248,-5.91379,31.94979,299.65,0.83,50,2026-09-09T23:22:00Z,N20,Routine Flare
firms-2026-09-09-2322-46249,-5.91433,31.95326,301.27,1.64,50,2026-09-09T23:22:00Z,N20,Routine Flare
firms-2026-09-09-2322-46250,-5.91874,31.95969,329.18,2.22,50,2026-09-09T23:22:00Z,N20,Routine Flare
firms-2026-09-09-2322-46251,-5.92206,31.95918,304.39,0.84,50,2026-09-09T23:22:00Z,N20,Routine Flare
firms-2026-09-09-2322-46252,-5.93025,32.01135,305.54,0.69,50,2026-09-09T23:22:00Z,N20,Routine Flare
firms-2026-09-09-2322-46253,-5.92538,31.95866,316.93,0.84,50,2026-09-09T23:22:00Z,N20,Routine Flare
firms-2026-09-09-2322-46254,-5.35467,28.3771,306.85,1.5,50,2026-09-09T23:22:00Z,N20,Routine Flare
firms-2026-09-09-2322-46255,-5.94904,32.02268,301.56,0.77,50,2026-09-09T23:22:00Z,N20,Routine Flare
firms-2026-09-09-2322-46256,-5.44803,28.86226,304.72,0.81,50,2026-09-09T23:22:00Z,N20,Routine Flare
firms-2026-09-09-2322-46257,-5.95345,32.02912,306.74,0.95,50,2026-09-09T23:22:00Z,N20,Routine Flare
firms-2026-09-09-2322-46258,-5.45227,28.86625,305.6,0.81,50,2026-09-09T23:22:00Z,N20,Routine Flare
firms-2026-09-09-2322-46259,-5.40157,28.5302,303.8,0.84,50,2026-09-09T23:22:00Z,N20,Routine Flare
firms-2026-09-09-2322-46260,-5.40514,28.52964,305.96,0.84,50,2026-09-09T23:22:00Z,N20,Routine Flare
firms-2026-09-09-2322-46261,-5.96286,32.02408,300.3,0.59,50,2026-09-09T23:22:00Z,N20,Routine Flare
firms-2026-09-09-2322-46262,-5.22958,27.39892,313.55,2.54,50,2026-09-09T23:22:00Z,N20,Routine Flare
firms-2026-09-09-2322-46263,-5.97279,32.04395,300.86,0.27,50,2026-09-09T23:22:00Z,N20,Routine Flare
firms-2026-09-09-2322-46264,-5.42875,28.60804,305.35,0.92,50,2026-09-09T23:22:00Z,N20,Routine Flare
firms-2026-09-09-2322-46265,-5.97611,32.04342,306.4,0.65,50,2026-09-09T23:22:00Z,N20,Routine Flare
firms-2026-09-09-2322-46266,-5.4024,28.39858,304.09,1,50,2026-09-09T23:22:00Z,N20,Routine Flare
firms-2026-09-09-2322-46267,-5.47264,28.76837,305.37,0.79,50,2026-09-09T23:22:00Z,N20,Routine Flare
firms-2026-09-09-2322-46268,-5.7229,30.33759,306.46,0.48,50,2026-09-09T23:22:00Z,N20,Routine Flare
firms-2026-09-09-2322-46269,-5.88497,31.35907,301.93,0.61,50,2026-09-09T23:22:00Z,N20,Routine Flare
firms-2026-09-09-2322-46270,-6.34521,34.29205,297.45,0.45,50,2026-09-09T23:22:00Z,N20,Routine Flare
firms-2026-09-09-2322-46271,-5.473,28.76896,303.28,0.77,50,2026-09-09T23:22:00Z,N20,Routine Flare
firms-2026-09-09-2322-46272,-5.6687,29.92202,303.36,0.56,50,2026-09-09T23:22:00Z,N20,Routine Flare
firms-2026-09-09-2322-46273,-5.55758,29.13121,299.26,0.38,50,2026-09-09T23:22:00Z,N20,Routine Flare
firms-2026-09-09-2322-46274,-5.19541,26.7462,303.72,0.82,50,2026-09-09T23:22:00Z,N20,Routine Flare
firms-2026-09-09-2322-46275,-5.89013,30.87663,301.12,0.45,50,2026-09-09T23:22:00Z,N20,Routine Flare
firms-2026-09-09-2322-46276,-5.89344,30.87612,298.95,0.37,50,2026-09-09T23:22:00Z,N20,Routine Flare
firms-2026-09-09-2322-46277,-5.44,28.02693,306.58,1.81,50,2026-09-09T23:22:00Z,N20,Routine Flare
firms-2026-09-09-2322-46278,-5.41081,27.79967,304.47,1.67,50,2026-09-09T23:22:00Z,N20,Routine Flare
firms-2026-09-09-2322-46279,-5.60967,29.01256,329.82,3.29,50,2026-09-09T23:22:00Z,N20,Routine Flare
firms-2026-09-09-2322-46280,-6.04636,31.64806,330.39,4.5,50,2026-09-09T23:22:00Z,N20,Routine Flare
firms-2026-09-09-2322-46281,-5.54863,28.43632,304.4,1.13,50,2026-09-09T23:22:00Z,N20,Routine Flare
firms-2026-09-09-2322-46282,-5.54934,28.44068,308.75,1.13,50,2026-09-09T23:22:00Z,N20,Routine Flare
firms-2026-09-09-2322-46283,-5.5845,28.65424,315.88,1.95,50,2026-09-09T23:22:00Z,N20,Routine Flare
firms-2026-09-09-2322-46284,-6.1727,32.32487,307.22,0.68,50,2026-09-09T23:22:00Z,N20,Routine Flare
firms-2026-09-09-2322-46285,-6.07609,31.66465,304.3,0.87,50,2026-09-09T23:22:00Z,N20,Routine Flare
firms-2026-09-09-2322-46286,-6.07664,31.66811,297.23,0.87,50,2026-09-09T23:22:00Z,N20,Routine Flare
firms-2026-09-09-2322-46287,-6.07718,31.67157,313.69,1.19,50,2026-09-09T23:22:00Z,N20,Routine Flare
firms-2026-09-09-2322-46288,-5.55989,28.3706,315.98,1.9,50,2026-09-09T23:22:00Z,N20,Routine Flare
firms-2026-09-09-2322-46289,-6.48637,34.18066,295.65,0.43,50,2026-09-09T23:22:00Z,N20,Routine Flare
firms-2026-09-09-2322-46290,-5.40742,27.37335,306.55,1.78,50,2026-09-09T23:22:00Z,N20,Routine Flare
firms-2026-09-09-2322-46291,-5.67931,28.72494,305.21,0.76,50,2026-09-09T23:22:00Z,N20,Routine Flare
firms-2026-09-09-2322-46292,-5.67323,28.66436,304.71,1.06,50,2026-09-09T23:22:00Z,N20,Routine Flare
firms-2026-09-09-2322-46293,-5.68286,28.72453,309.47,0.76,50,2026-09-09T23:22:00Z,N20,Routine Flare
firms-2026-09-09-2322-46294,-5.6798,28.72613,306.31,0.93,50,2026-09-09T23:22:00Z,N20,Routine Flare
firms-2026-09-09-2322-46295,-5.67342,28.6657,305.29,0.94,50,2026-09-09T23:22:00Z,N20,Routine Flare
firms-2026-09-09-2322-46296,-5.68335,28.7257,305.91,0.93,50,2026-09-09T23:22:00Z,N20,Routine Flare
firms-2026-09-09-2322-46297,-6.44858,33.50198,307.3,0.73,50,2026-09-09T23:22:00Z,N20,Routine Flare
firms-2026-09-09-2322-46298,-6.60332,34.53118,300.19,0.51,50,2026-09-09T23:22:00Z,N20,Routine Flare
firms-2026-09-09-2322-46299,-6.0663,31.02245,299.61,0.5,50,2026-09-09T23:22:00Z,N20,Routine Flare
firms-2026-09-09-2322-46300,-6.60952,34.54777,305.01,0.59,50,2026-09-09T23:22:00Z,N20,Routine Flare
firms-2026-09-09-2322-46301,-6.61317,34.54723,298.64,0.59,50,2026-09-09T23:22:00Z,N20,Routine Flare
firms-2026-09-09-2322-46302,-6.07622,31.02088,299.63,0.37,50,2026-09-09T23:22:00Z,N20,Routine Flare
firms-2026-09-09-2322-46303,-6.52177,33.79551,298,0.38,50,2026-09-09T23:22:00Z,N20,Routine Flare
firms-2026-09-09-2322-46304,-5.69596,28.55966,315.23,2.01,50,2026-09-09T23:22:00Z,N20,Routine Flare
firms-2026-09-09-2322-46305,-5.68911,28.4731,307.31,1.75,50,2026-09-09T23:22:00Z,N20,Routine Flare
firms-2026-09-09-2322-46306,-5.70307,28.55856,307.7,1.18,50,2026-09-09T23:22:00Z,N20,Routine Flare
firms-2026-09-09-2322-46307,-6.28808,32.12712,303.73,0.58,50,2026-09-09T23:22:00Z,N20,Routine Flare
firms-2026-09-09-2322-46308,-6.50929,33.52767,298.99,0.67,50,2026-09-09T23:22:00Z,N20,Routine Flare
firms-2026-09-09-2322-46309,-6.40662,32.84208,311.59,1.15,50,2026-09-09T23:22:00Z,N20,Routine Flare
firms-2026-09-09-2322-46310,-6.51218,33.52335,300.57,0.52,50,2026-09-09T23:22:00Z,N20,Routine Flare
firms-2026-09-09-2322-46311,-5.72712,28.50456,311.96,0.77,50,2026-09-09T23:22:00Z,N20,Routine Flare
firms-2026-09-09-2322-46312,-5.87226,29.22858,307.11,0.78,50,2026-09-09T23:22:00Z,N20,Routine Flare
firms-2026-09-09-2322-46313,-5.87142,29.22935,303.07,0.83,50,2026-09-09T23:22:00Z,N20,Routine Flare
firms-2026-09-09-2322-46314,-6.11269,30.71715,312.1,0.95,50,2026-09-09T23:22:00Z,N20,Routine Flare
firms-2026-09-09-2322-46315,-6.11323,30.7206,303.68,0.95,50,2026-09-09T23:22:00Z,N20,Routine Flare
firms-2026-09-09-2322-46316,-5.73309,28.19184,303.61,1.01,50,2026-09-09T23:22:00Z,N20,Routine Flare
firms-2026-09-09-2322-46317,-5.73671,28.19125,302.86,0.69,50,2026-09-09T23:22:00Z,N20,Routine Flare
firms-2026-09-09-2322-46318,-5.66908,27.71292,303.03,0.9,50,2026-09-09T23:22:00Z,N20,Routine Flare
firms-2026-09-09-2322-46319,-6.11671,30.44462,301.12,0.49,50,2026-09-09T23:22:00Z,N20,Routine Flare
firms-2026-09-09-2322-46320,-5.68688,27.7053,305.74,1.17,50,2026-09-09T23:22:00Z,N20,Routine Flare
firms-2026-09-09-2322-46321,-5.68983,27.70004,302.79,1.17,50,2026-09-09T23:22:00Z,N20,Routine Flare
firms-2026-09-09-2322-46322,-5.69056,27.70446,316.71,1.17,50,2026-09-09T23:22:00Z,N20,Routine Flare
firms-2026-09-09-2322-46323,-6.06674,29.91804,328.47,2.11,50,2026-09-09T23:22:00Z,N20,Routine Flare
firms-2026-09-09-2322-46324,-5.70121,27.65281,305.35,1.17,50,2026-09-09T23:22:00Z,N20,Routine Flare
firms-2026-09-09-2322-46325,-6.06617,29.91449,308.81,2.11,50,2026-09-09T23:22:00Z,N20,Routine Flare
firms-2026-09-09-2322-46326,-6.07011,29.91755,334.19,2.11,50,2026-09-09T23:22:00Z,N20,Routine Flare
firms-2026-09-09-2322-46327,-6.06954,29.91401,305.58,2.11,50,2026-09-09T23:22:00Z,N20,Routine Flare
firms-2026-09-09-2322-46328,-5.82857,28.3926,309.45,1.28,50,2026-09-09T23:22:00Z,N20,Routine Flare
firms-2026-09-09-2322-46329,-6.07349,29.91711,316.96,3.69,50,2026-09-09T23:22:00Z,N20,Routine Flare
firms-2026-09-09-2322-46330,-6.07686,29.91668,347.38,3.69,50,2026-09-09T23:22:00Z,N20,Routine Flare
firms-2026-09-09-2322-46331,-6.07968,29.91277,305.63,1,50,2026-09-09T23:22:00Z,N20,Routine Flare
firms-2026-09-09-2322-46332,-6.08024,29.91627,311.08,1,50,2026-09-09T23:22:00Z,N20,Routine Flare
firms-2026-09-09-2322-46333,-6.12969,30.2264,317.21,1.61,50,2026-09-09T23:22:00Z,N20,Routine Flare
firms-2026-09-09-2322-46334,-6.08133,29.90151,323.85,2.28,50,2026-09-09T23:22:00Z,N20,Routine Flare
firms-2026-09-09-2322-46335,-6.19548,30.61831,300.52,0.62,50,2026-09-09T23:22:00Z,N20,Routine Flare
firms-2026-09-09-2322-46336,-6.36907,31.54034,308.2,0.87,50,2026-09-09T23:22:00Z,N20,Routine Flare
firms-2026-09-09-2322-46337,-6.27613,30.93201,301.79,0.35,50,2026-09-09T23:22:00Z,N20,Routine Flare
firms-2026-09-09-2322-46338,-5.75519,27.64525,304.24,1.34,50,2026-09-09T23:22:00Z,N20,Routine Flare
firms-2026-09-09-2322-46339,-6.30641,30.99455,305.26,0.49,50,2026-09-09T23:22:00Z,N20,Routine Flare
firms-2026-09-09-2322-46340,-5.77736,27.66387,311.28,1.35,50,2026-09-09T23:22:00Z,N20,Routine Flare
firms-2026-09-09-2322-46341,-6.2085,30.23141,306.1,0.74,50,2026-09-09T23:22:00Z,N20,Routine Flare
firms-2026-09-09-2322-46342,-6.7151,33.27199,338.06,3.27,50,2026-09-09T23:22:00Z,N20,Routine Flare
firms-2026-09-09-2322-46343,-6.29543,30.54118,301.99,0.67,50,2026-09-09T23:22:00Z,N20,Routine Flare
firms-2026-09-09-2322-46344,-6.32121,30.5764,307.76,0.76,50,2026-09-09T23:22:00Z,N20,Routine Flare
firms-2026-09-09-2322-46345,-6.32176,30.57985,308.45,0.76,50,2026-09-09T23:22:00Z,N20,Routine Flare
firms-2026-09-09-2322-46346,-6.03672,28.75945,303.61,1.2,50,2026-09-09T23:22:00Z,N20,Routine Flare
firms-2026-09-09-2322-46347,-6.24858,29.8684,321.78,1.63,50,2026-09-09T23:22:00Z,N20,Routine Flare
firms-2026-09-09-2322-46348,-6.24976,29.87574,330.34,2.04,50,2026-09-09T23:22:00Z,N20,Routine Flare
firms-2026-09-09-2322-46349,-6.2531,29.87508,301.81,2.04,50,2026-09-09T23:22:00Z,N20,Routine Flare
firms-2026-09-09-2322-46350,-6.36158,30.55226,302.76,0.41,50,2026-09-09T23:22:00Z,N20,Routine Flare
firms-2026-09-09-2322-46351,-6.25644,29.87437,300.11,0.51,50,2026-09-09T23:22:00Z,N20,Routine Flare
firms-2026-09-09-2322-46352,-6.3649,30.55172,300.64,0.46,50,2026-09-09T23:22:00Z,N20,Routine Flare
firms-2026-09-09-2322-46353,-6.36932,30.55812,298,0.41,50,2026-09-09T23:22:00Z,N20,Routine Flare
firms-2026-09-09-2322-46354,-5.11499,22.93436,302.96,0.32,50,2026-09-09T23:22:00Z,N20,Routine Flare
firms-2026-09-09-2322-46355,-6.56194,31.62337,300.21,0.97,50,2026-09-09T23:22:00Z,N20,Routine Flare
firms-2026-09-09-2322-46356,-6.12685,28.87262,306.67,0.69,50,2026-09-09T23:22:00Z,N20,Routine Flare
firms-2026-09-09-2322-46357,-6.07021,28.47567,303.35,1.17,50,2026-09-09T23:22:00Z,N20,Routine Flare
firms-2026-09-09-2322-46358,-6.90915,33.73127,300.32,1.01,50,2026-09-09T23:22:00Z,N20,Routine Flare
firms-2026-09-09-2322-46359,-6.94619,33.97008,296.93,0.61,50,2026-09-09T23:22:00Z,N20,Routine Flare
firms-2026-09-09-2322-46360,-6.90989,33.73171,303.29,1.08,50,2026-09-09T23:22:00Z,N20,Routine Flare
firms-2026-09-09-2322-46361,-6.94574,33.97089,296.14,0.42,50,2026-09-09T23:22:00Z,N20,Routine Flare
firms-2026-09-09-2322-46362,-6.9493,33.97038,311.74,0.91,50,2026-09-09T23:22:00Z,N20,Routine Flare
firms-2026-09-09-2322-46363,-6.95286,33.96988,297.36,0.91,50,2026-09-09T23:22:00Z,N20,Routine Flare
firms-2026-09-09-2322-46364,-6.91451,33.69081,310.5,1.14,50,2026-09-09T23:22:00Z,N20,Routine Flare
firms-2026-09-09-2322-46365,-6.9151,33.69474,309.75,1.14,50,2026-09-09T23:22:00Z,N20,Routine Flare
firms-2026-09-09-2322-46366,-6.91569,33.69867,302.9,1.18,50,2026-09-09T23:22:00Z,N20,Routine Flare
firms-2026-09-09-2322-46367,-5.97082,27.65789,301.29,0.92,50,2026-09-09T23:22:00Z,N20,Routine Flare
firms-2026-09-09-2322-46368,-6.97421,33.96676,296.19,1.13,50,2026-09-09T23:22:00Z,N20,Routine Flare
firms-2026-09-09-2322-46369,-6.7584,32.53277,312.35,0.86,50,2026-09-09T23:22:00Z,N20,Routine Flare
firms-2026-09-09-2322-46370,-6.42294,30.31933,304.01,0.84,50,2026-09-09T23:22:00Z,N20,Routine Flare
firms-2026-09-09-2322-46371,-6.35049,29.84686,304.15,0.77,50,2026-09-09T23:22:00Z,N20,Routine Flare
firms-2026-09-09-2322-46372,-6.35559,29.8571,324.66,2.93,50,2026-09-09T23:22:00Z,N20,Routine Flare
firms-2026-09-09-2322-46373,-6.35385,29.84632,305.01,1.36,50,2026-09-09T23:22:00Z,N20,Routine Flare
firms-2026-09-09-2322-46374,-6.35617,29.86068,304.35,1.57,50,2026-09-09T23:22:00Z,N20,Routine Flare
firms-2026-09-09-2322-46375,-6.35953,29.86016,328.95,1.57,50,2026-09-09T23:22:00Z,N20,Routine Flare
firms-2026-09-09-2322-46376,-6.19487,28.8418,303.98,0.81,50,2026-09-09T23:22:00Z,N20,Routine Flare
firms-2026-09-09-2322-46377,-6.35722,29.84579,318.38,1.36,50,2026-09-09T23:22:00Z,N20,Routine Flare
firms-2026-09-09-2322-46378,-6.36059,29.84527,310.22,0.99,50,2026-09-09T23:22:00Z,N20,Routine Flare
firms-2026-09-09-2322-46379,-6.36117,29.84889,307.93,0.99,50,2026-09-09T23:22:00Z,N20,Routine Flare
firms-2026-09-09-2322-46380,-6.36684,29.86269,302.7,0.79,50,2026-09-09T23:22:00Z,N20,Routine Flare
firms-2026-09-09-2322-46381,-6.38952,29.93951,304.08,0.55,50,2026-09-09T23:22:00Z,N20,Routine Flare
firms-2026-09-09-2322-46382,-6.52014,30.75793,299.06,0.22,50,2026-09-09T23:22:00Z,N20,Routine Flare
firms-2026-09-09-2322-46383,-6.38143,29.86755,305.42,1.07,50,2026-09-09T23:22:00Z,N20,Routine Flare
firms-2026-09-09-2322-46384,-6.49748,30.55148,301.86,0.51,50,2026-09-09T23:22:00Z,N20,Routine Flare
firms-2026-09-09-2322-46385,-6.39254,29.8507,304.28,0.85,50,2026-09-09T23:22:00Z,N20,Routine Flare
firms-2026-09-09-2322-46386,-6.39532,29.84642,336,3.17,50,2026-09-09T23:22:00Z,N20,Routine Flare
firms-2026-09-09-2322-46387,-6.3959,29.85007,325.27,3.17,50,2026-09-09T23:22:00Z,N20,Routine Flare
firms-2026-09-09-2322-46388,-6.51186,30.55642,299.01,0.44,50,2026-09-09T23:22:00Z,N20,Routine Flare
firms-2026-09-09-2322-46389,-6.51849,30.55531,315.18,1.51,50,2026-09-09T23:22:00Z,N20,Routine Flare
firms-2026-09-09-2322-46390,-6.51948,30.54152,300.85,0.55,50,2026-09-09T23:22:00Z,N20,Routine Flare
firms-2026-09-09-2322-46391,-6.72948,31.82514,298.95,0.37,50,2026-09-09T23:22:00Z,N20,Routine Flare
firms-2026-09-09-2322-46392,-6.54608,30.58023,303.94,0.66,50,2026-09-09T23:22:00Z,N20,Routine Flare
firms-2026-09-09-2322-46393,-6.10479,27.71943,312.68,1.7,50,2026-09-09T23:22:00Z,N20,Routine Flare
firms-2026-09-09-2322-46394,-6.58682,30.45171,302.63,0.93,50,2026-09-09T23:22:00Z,N20,Routine Flare
firms-2026-09-09-2322-46395,-6.81793,31.80399,299.3,0.33,50,2026-09-09T23:22:00Z,N20,Routine Flare
firms-2026-09-09-2322-46396,-6.88094,32.20441,307.61,0.77,50,2026-09-09T23:22:00Z,N20,Routine Flare
firms-2026-09-09-2322-46397,-6.44358,29.38014,312.49,1.32,50,2026-09-09T23:22:00Z,N20,Routine Flare
firms-2026-09-09-2322-46398,-5.90679,26.03338,327.89,1.41,50,2026-09-09T23:22:00Z,N20,Routine Flare
firms-2026-09-09-2322-46399,-5.90742,26.03709,300.57,1.41,50,2026-09-09T23:22:00Z,N20,Routine Flare
firms-2026-09-09-2322-46400,-6.30458,28.38273,299.73,0.99,50,2026-09-09T23:22:00Z,N20,Routine Flare
firms-2026-09-09-2322-46401,-6.63407,30.38644,311.05,1.03,50,2026-09-09T23:22:00Z,N20,Routine Flare
firms-2026-09-09-2322-46402,-6.69577,30.66602,302.91,0.45,50,2026-09-09T23:22:00Z,N20,Routine Flare
firms-2026-09-09-2322-46403,-5.5569,23.71545,302.94,0.85,50,2026-09-09T23:22:00Z,N20,Routine Flare
firms-2026-09-09-2322-46404,-6.72006,30.64788,334.68,1.92,50,2026-09-09T23:22:00Z,N20,Routine Flare
firms-2026-09-09-2322-46405,-6.72061,30.65136,303.05,1.92,50,2026-09-09T23:22:00Z,N20,Routine Flare
firms-2026-09-09-2322-46406,-6.72337,30.64735,324.81,1.92,50,2026-09-09T23:22:00Z,N20,Routine Flare
firms-2026-09-09-2322-46407,-6.72282,30.64387,317.31,1.91,50,2026-09-09T23:22:00Z,N20,Routine Flare
firms-2026-09-09-2322-46408,-6.79787,30.85944,332.48,1.63,50,2026-09-09T23:22:00Z,N20,Routine Flare
firms-2026-09-09-2322-46409,-6.74691,30.54017,305.89,0.66,50,2026-09-09T23:22:00Z,N20,Routine Flare
firms-2026-09-09-2322-46410,-6.74859,30.55062,301.47,0.64,50,2026-09-09T23:22:00Z,N20,Routine Flare
firms-2026-09-09-2322-46411,-6.79732,30.85598,308.78,1.63,50,2026-09-09T23:22:00Z,N20,Routine Flare
firms-2026-09-09-2322-46412,-6.80118,30.85892,327.75,2.39,50,2026-09-09T23:22:00Z,N20,Routine Flare
firms-2026-09-09-2322-46413,-6.80173,30.86238,321.74,2.22,50,2026-09-09T23:22:00Z,N20,Routine Flare
firms-2026-09-09-2322-46414,-6.80504,30.86185,330.3,2.22,50,2026-09-09T23:22:00Z,N20,Routine Flare
firms-2026-09-09-2322-46415,-7.18349,33.29567,303.19,0.98,50,2026-09-09T23:22:00Z,N20,Routine Flare
firms-2026-09-09-2322-46416,-6.80835,30.86132,322.98,0.98,50,2026-09-09T23:22:00Z,N20,Routine Flare
firms-2026-09-09-2322-46417,-6.8089,30.86478,303.6,0.98,50,2026-09-09T23:22:00Z,N20,Routine Flare
firms-2026-09-09-2322-46418,-6.81221,30.86426,309.41,0.98,50,2026-09-09T23:22:00Z,N20,Routine Flare
firms-2026-09-09-2322-46419,-7.3038,34.04571,296.89,0.39,50,2026-09-09T23:22:00Z,N20,Routine Flare
firms-2026-09-09-2322-46420,-6.81551,30.86373,321.3,1.76,50,2026-09-09T23:22:00Z,N20,Routine Flare
firms-2026-09-09-2322-46421,-6.81882,30.8632,329.46,1.76,50,2026-09-09T23:22:00Z,N20,Routine Flare
firms-2026-09-09-2322-46422,-6.82213,30.86268,337.33,1.99,50,2026-09-09T23:22:00Z,N20,Routine Flare
firms-2026-09-09-2322-46423,-6.86819,31.15311,301.96,1.39,50,2026-09-09T23:22:00Z,N20,Routine Flare
firms-2026-09-09-2322-46424,-6.82489,30.85869,323.24,1.99,50,2026-09-09T23:22:00Z,N20,Routine Flare
firms-2026-09-09-2322-46425,-6.8715,31.15258,330.17,1.39,50,2026-09-09T23:22:00Z,N20,Routine Flare
firms-2026-09-09-2322-46426,-6.82544,30.86215,310.14,1.99,50,2026-09-09T23:22:00Z,N20,Routine Flare
firms-2026-09-09-2322-46427,-6.87095,31.14913,309.81,1.39,50,2026-09-09T23:22:00Z,N20,Routine Flare
firms-2026-09-09-2322-46428,-6.87426,31.1486,350.57,6.88,50,2026-09-09T23:22:00Z,N20,Routine Flare
firms-2026-09-09-2322-46429,-6.87371,31.14514,309.46,1.34,50,2026-09-09T23:22:00Z,N20,Routine Flare
firms-2026-09-09-2322-46430,-6.59479,29.38357,311.84,1.44,50,2026-09-09T23:22:00Z,N20,Routine Flare
firms-2026-09-09-2322-46431,-6.87702,31.14461,309.51,1.34,50,2026-09-09T23:22:00Z,N20,Routine Flare
firms-2026-09-09-2322-46432,-6.5982,29.38307,330.27,5.23,50,2026-09-09T23:22:00Z,N20,Routine Flare
firms-2026-09-09-2322-46433,-6.79006,30.57605,309.09,0.44,50,2026-09-09T23:22:00Z,N20,Routine Flare
firms-2026-09-09-2322-46434,-6.88033,31.14409,299.88,0.32,50,2026-09-09T23:22:00Z,N20,Routine Flare
firms-2026-09-09-2322-46435,-7.03854,32.10736,309.44,1.06,50,2026-09-09T23:22:00Z,N20,Routine Flare
firms-2026-09-09-2322-46436,-7.05021,32.11637,301.32,0.79,50,2026-09-09T23:22:00Z,N20,Routine Flare
firms-2026-09-09-2322-46437,-7.05355,32.11584,297.7,0.81,50,2026-09-09T23:22:00Z,N20,Routine Flare
firms-2026-09-09-2322-46438,-6.86181,30.87766,349.08,6.62,50,2026-09-09T23:22:00Z,N20,Routine Flare
firms-2026-09-09-2322-46439,-7.00408,31.75692,298.75,0.81,50,2026-09-09T23:22:00Z,N20,Routine Flare
firms-2026-09-09-2322-46440,-7.00464,31.76043,297.43,0.48,50,2026-09-09T23:22:00Z,N20,Routine Flare
firms-2026-09-09-2322-46441,-7.40522,34.27745,298.19,0.56,50,2026-09-09T23:22:00Z,N20,Routine Flare
firms-2026-09-09-2322-46442,-7.41143,34.29386,296.49,0.58,50,2026-09-09T23:22:00Z,N20,Routine Flare
firms-2026-09-09-2322-46443,-7.41209,34.29812,295.94,0.58,50,2026-09-09T23:22:00Z,N20,Routine Flare
firms-2026-09-09-2322-46444,-7.41441,34.28904,297.1,0.82,50,2026-09-09T23:22:00Z,N20,Routine Flare
firms-2026-09-09-2322-46445,-7.41507,34.29331,305.37,0.58,50,2026-09-09T23:22:00Z,N20,Routine Flare
firms-2026-09-09-2322-46446,-7.41572,34.29756,302.99,0.58,50,2026-09-09T23:22:00Z,N20,Routine Flare
firms-2026-09-09-2322-46447,-7.41637,34.30182,298.41,1.14,50,2026-09-09T23:22:00Z,N20,Routine Flare
firms-2026-09-09-2322-46448,-7.4187,34.29276,346.71,6.32,50,2026-09-09T23:22:00Z,N20,Routine Flare
firms-2026-09-09-2322-46449,-7.00914,31.65959,300.22,0.61,50,2026-09-09T23:22:00Z,N20,Routine Flare
firms-2026-09-09-2322-46450,-7.41739,34.28424,295.97,1.13,50,2026-09-09T23:22:00Z,N20,Routine Flare
firms-2026-09-09-2322-46451,-7.41804,34.2885,304.12,1.13,50,2026-09-09T23:22:00Z,N20,Routine Flare
firms-2026-09-09-2322-46452,-7.41935,34.29702,311.51,6.32,50,2026-09-09T23:22:00Z,N20,Routine Flare
firms-2026-09-09-2322-46453,-7.42,34.30126,297.88,1.08,50,2026-09-09T23:22:00Z,N20,Routine Flare
firms-2026-09-09-2322-46454,-8.10015,38.88321,310.09,3.78,50,2026-09-09T23:22:00Z,N20,Routine Flare
firms-2026-09-09-2322-46455,-7.42233,34.29221,350.5,6.32,50,2026-09-09T23:22:00Z,N20,Routine Flare
firms-2026-09-09-2322-46456,-8.10509,38.88247,320.29,3.78,50,2026-09-09T23:22:00Z,N20,Routine Flare
firms-2026-09-09-2322-46457,-7.42102,34.28368,297.68,1.13,50,2026-09-09T23:22:00Z,N20,Routine Flare
firms-2026-09-09-2322-46458,-7.42167,34.28796,309.49,1.13,50,2026-09-09T23:22:00Z,N20,Routine Flare
firms-2026-09-09-2322-46459,-7.42298,34.29647,312.98,6.32,50,2026-09-09T23:22:00Z,N20,Routine Flare
firms-2026-09-09-2322-46460,-7.4253,34.2874,323.41,1.67,50,2026-09-09T23:22:00Z,N20,Routine Flare
firms-2026-09-09-2322-46461,-7.42596,34.29166,336.93,3.62,50,2026-09-09T23:22:00Z,N20,Routine Flare
firms-2026-09-09-2322-46462,-7.01471,31.65174,301.02,0.99,50,2026-09-09T23:22:00Z,N20,Routine Flare
firms-2026-09-09-2322-46463,-7.01525,31.65518,315.9,0.99,50,2026-09-09T23:22:00Z,N20,Routine Flare
firms-2026-09-09-2322-46464,-7.42465,34.28313,297.45,1.67,50,2026-09-09T23:22:00Z,N20,Routine Flare
firms-2026-09-09-2322-46465,-6.65846,29.38858,307.72,0.93,50,2026-09-09T23:22:00Z,N20,Routine Flare
firms-2026-09-09-2322-46466,-7.42893,34.28685,318.6,1.67,50,2026-09-09T23:22:00Z,N20,Routine Flare
firms-2026-09-09-2322-46467,-7.42959,34.2911,308.73,3.62,50,2026-09-09T23:22:00Z,N20,Routine Flare
firms-2026-09-09-2322-46468,-6.9395,31.13079,347.52,6.25,50,2026-09-09T23:22:00Z,N20,Routine Flare
firms-2026-09-09-2322-46469,-6.94009,31.13423,355.54,6.25,50,2026-09-09T23:22:00Z,N20,Routine Flare
firms-2026-09-09-2322-46470,-6.94064,31.13769,340.19,4.73,50,2026-09-09T23:22:00Z,N20,Routine Flare
firms-2026-09-09-2322-46471,-7.42256,34.28895,328.31,2.02,50,2026-09-09T23:22:00Z,N20,Routine Flare
firms-2026-09-09-2322-46472,-7.42319,34.29322,341.57,3.48,50,2026-09-09T23:22:00Z,N20,Routine Flare
firms-2026-09-09-2322-46473,-6.65902,29.38853,302.64,0.77,50,2026-09-09T23:22:00Z,N20,Routine Flare
firms-2026-09-09-2322-46474,-6.93895,31.12733,306.42,3.31,50,2026-09-09T23:22:00Z,N20,Routine Flare
firms-2026-09-09-2322-46475,-7.42193,34.28468,298.13,2.02,50,2026-09-09T23:22:00Z,N20,Routine Flare
firms-2026-09-09-2322-46476,-7.42382,34.29748,305.3,3.48,50,2026-09-09T23:22:00Z,N20,Routine Flare
firms-2026-09-09-2322-46477,-6.94226,31.1268,338.99,3.31,50,2026-09-09T23:22:00Z,N20,Routine Flare
firms-2026-09-09-2322-46478,-6.94281,31.13027,332.24,6.25,50,2026-09-09T23:22:00Z,N20,Routine Flare
firms-2026-09-09-2322-46479,-7.42619,34.2884,335.42,2.02,50,2026-09-09T23:22:00Z,N20,Routine Flare
firms-2026-09-09-2322-46480,-7.42682,34.29266,320.78,3.48,50,2026-09-09T23:22:00Z,N20,Routine Flare
firms-2026-09-09-2322-46481,-7.42556,34.28412,297.97,2.02,50,2026-09-09T23:22:00Z,N20,Routine Flare
firms-2026-09-09-2322-46482,-7.42983,34.28784,313.06,2.06,50,2026-09-09T23:22:00Z,N20,Routine Flare
firms-2026-09-09-2322-46483,-7.43046,34.2921,302.4,0.74,50,2026-09-09T23:22:00Z,N20,Routine Flare
firms-2026-09-09-2322-46484,-7.43156,34.27445,299.16,0.82,50,2026-09-09T23:22:00Z,N20,Routine Flare
firms-2026-09-09-2322-46485,-7.43409,34.29154,298.51,0.74,50,2026-09-09T23:22:00Z,N20,Routine Flare
firms-2026-09-09-2322-46486,-7.43772,34.29099,306.03,1.45,50,2026-09-09T23:22:00Z,N20,Routine Flare
firms-2026-09-09-2322-46487,-7.44262,34.29901,334.39,4.55,50,2026-09-09T23:22:00Z,N20,Routine Flare
firms-2026-09-09-2322-46488,-6.95714,31.13509,307.21,0.73,50,2026-09-09T23:22:00Z,N20,Routine Flare
firms-2026-09-09-2322-46489,-7.44199,34.29473,309.75,1.45,50,2026-09-09T23:22:00Z,N20,Routine Flare
firms-2026-09-09-2322-46490,-6.95991,31.13111,329.58,11.33,50,2026-09-09T23:22:00Z,N20,Routine Flare
firms-2026-09-09-2322-46491,-7.44626,34.29848,334.34,2.61,50,2026-09-09T23:22:00Z,N20,Routine Flare
firms-2026-09-09-2322-46492,-6.96045,31.13457,312.5,11.85,50,2026-09-09T23:22:00Z,N20,Routine Flare
firms-2026-09-09-2322-46493,-6.96322,31.13058,346.01,11.33,50,2026-09-09T23:22:00Z,N20,Routine Flare
firms-2026-09-09-2322-46494,-6.96376,31.13404,326.04,11.85,50,2026-09-09T23:22:00Z,N20,Routine Flare
firms-2026-09-09-2322-46495,-7.4499,34.29794,303.75,2.61,50,2026-09-09T23:22:00Z,N20,Routine Flare
firms-2026-09-09-2322-46496,-8.1013,38.88097,308.36,1.79,50,2026-09-09T23:22:00Z,N20,Routine Flare
firms-2026-09-09-2322-46497,-8.10207,38.88665,314.68,2.26,50,2026-09-09T23:22:00Z,N20,Routine Flare
firms-2026-09-09-2322-46498,-6.96598,31.1266,336.35,6.69,50,2026-09-09T23:22:00Z,N20,Routine Flare
firms-2026-09-09-2322-46499,-6.96653,31.13006,344.95,6.69,50,2026-09-09T23:22:00Z,N20,Routine Flare
firms-2026-09-09-2322-46500,-7.45353,34.29741,311.1,2.09,50,2026-09-09T23:22:00Z,N20,Routine Flare
firms-2026-09-09-2322-46501,-8.10701,38.8859,304.22,2.6,50,2026-09-09T23:22:00Z,N20,Routine Flare
firms-2026-09-09-2322-46502,-7.31513,33.33095,298.61,0.47,50,2026-09-09T23:22:00Z,N20,Routine Flare
firms-2026-09-09-2322-46503,-6.4692,27.92858,302.12,1.6,50,2026-09-09T23:22:00Z,N20,Routine Flare
firms-2026-09-09-2322-46504,-6.70491,29.30531,337.29,9.28,50,2026-09-09T23:22:00Z,N20,Routine Flare
firms-2026-09-09-2322-46505,-7.04894,31.32975,305.11,0.67,50,2026-09-09T23:22:00Z,N20,Routine Flare
firms-2026-09-09-2322-46506,-7.12122,31.76699,304.47,0.59,50,2026-09-09T23:22:00Z,N20,Routine Flare
firms-2026-09-09-2322-46507,-7.12234,31.75248,298.62,0.39,50,2026-09-09T23:22:00Z,N20,Routine Flare
firms-2026-09-09-2322-46508,-7.12454,31.76647,304.18,0.59,50,2026-09-09T23:22:00Z,N20,Routine Flare
firms-2026-09-09-2322-46509,-6.66369,28.83154,298.94,0.37,50,2026-09-09T23:22:00Z,N20,Routine Flare
firms-2026-09-09-2322-46510,-6.82316,29.57942,301.48,0.37,50,2026-09-09T23:22:00Z,N20,Routine Flare
firms-2026-09-09-2322-46511,-7.19589,31.89865,314.34,1.03,50,2026-09-09T23:22:00Z,N20,Routine Flare
firms-2026-09-09-2322-46512,-7.19644,31.90215,307.7,1.87,50,2026-09-09T23:22:00Z,N20,Routine Flare
firms-2026-09-09-2322-46513,-7.20696,31.90405,327.26,2.61,50,2026-09-09T23:22:00Z,N20,Routine Flare
firms-2026-09-09-2322-46514,-6.79159,29.29942,297.28,0.39,50,2026-09-09T23:22:00Z,N20,Routine Flare
firms-2026-09-09-2322-46515,-7.2075,31.90747,300.09,0.81,50,2026-09-09T23:22:00Z,N20,Routine Flare
firms-2026-09-09-2322-46516,-7.21083,31.90696,310.34,1.24,50,2026-09-09T23:22:00Z,N20,Routine Flare
firms-2026-09-09-2322-46517,-7.07863,31.00233,305.12,0.69,50,2026-09-09T23:22:00Z,N20,Routine Flare
firms-2026-09-09-2322-46518,-6.8685,29.62403,303.89,1.52,50,2026-09-09T23:22:00Z,N20,Routine Flare
firms-2026-09-09-2322-46519,-6.86554,29.58428,298.41,0.54,50,2026-09-09T23:22:00Z,N20,Routine Flare
firms-2026-09-09-2322-46520,-6.23803,25.68986,325.31,1.14,50,2026-09-09T23:22:00Z,N20,Routine Flare
firms-2026-09-09-2322-46521,-6.24219,25.68907,304.76,1.14,50,2026-09-09T23:22:00Z,N20,Routine Flare
firms-2026-09-09-2322-46522,-6.6875,28.39658,312.32,0.96,50,2026-09-09T23:22:00Z,N20,Routine Flare
firms-2026-09-09-2322-46523,-6.76871,28.89761,299.29,0.75,50,2026-09-09T23:22:00Z,N20,Routine Flare
firms-2026-09-09-2322-46524,-7.63575,34.31894,295.66,0.58,50,2026-09-09T23:22:00Z,N20,Routine Flare
firms-2026-09-09-2322-46525,-7.64198,34.33532,297.78,1.07,50,2026-09-09T23:22:00Z,N20,Routine Flare
firms-2026-09-09-2322-46526,-7.64563,34.33477,306.85,1.07,50,2026-09-09T23:22:00Z,N20,Routine Flare
firms-2026-09-09-2322-46527,-7.08265,30.68575,304.75,1.05,50,2026-09-09T23:22:00Z,N20,Routine Flare
firms-2026-09-09-2322-46528,-7.64611,34.3367,301.82,1.02,50,2026-09-09T23:22:00Z,N20,Routine Flare
firms-2026-09-09-2322-46529,-6.92718,29.67762,312.07,1.71,50,2026-09-09T23:22:00Z,N20,Routine Flare
firms-2026-09-09-2322-46530,-7.13966,30.9149,304.17,0.62,50,2026-09-09T23:22:00Z,N20,Routine Flare
firms-2026-09-09-2322-46531,-7.16924,31.08036,300.92,0.47,50,2026-09-09T23:22:00Z,N20,Routine Flare
firms-2026-09-09-2322-46532,-7.6686,34.33736,296.08,0.58,50,2026-09-09T23:22:00Z,N20,Routine Flare
firms-2026-09-09-2322-46533,-6.60064,27.54702,305.72,1.04,50,2026-09-09T23:22:00Z,N20,Routine Flare
firms-2026-09-09-2322-46534,-6.60433,27.54636,308.17,1.04,50,2026-09-09T23:22:00Z,N20,Routine Flare
firms-2026-09-09-2322-46535,-7.68397,34.36536,297.65,0.74,50,2026-09-09T23:22:00Z,N20,Routine Flare
firms-2026-09-09-2322-46536,-6.95707,29.67007,299.22,0.61,50,2026-09-09T23:22:00Z,N20,Routine Flare
firms-2026-09-09-2322-46537,-6.95764,29.67357,299.91,0.61,50,2026-09-09T23:22:00Z,N20,Routine Flare
firms-2026-09-09-2322-46538,-6.95928,29.66237,299.72,0.59,50,2026-09-09T23:22:00Z,N20,Routine Flare
firms-2026-09-09-2322-46539,-7.16448,30.85774,311.02,1.02,50,2026-09-09T23:22:00Z,N20,Routine Flare
firms-2026-09-09-2322-46540,-7.16503,30.86121,311.23,1.14,50,2026-09-09T23:22:00Z,N20,Routine Flare
firms-2026-09-09-2322-46541,-7.54469,33.29735,300.2,0.55,50,2026-09-09T23:22:00Z,N20,Routine Flare
firms-2026-09-09-2322-46542,-6.99539,29.73626,311.24,1.03,50,2026-09-09T23:22:00Z,N20,Routine Flare
firms-2026-09-09-2322-46543,-6.99754,29.70676,302.98,0.65,50,2026-09-09T23:22:00Z,N20,Routine Flare
firms-2026-09-09-2322-46544,-7.21947,30.96957,310.87,1.31,50,2026-09-09T23:22:00Z,N20,Routine Flare
firms-2026-09-09-2322-46545,-7.77124,34.39765,298.82,1.31,50,2026-09-09T23:22:00Z,N20,Routine Flare
firms-2026-09-09-2322-46546,-7.47366,32.46732,298.87,0.64,50,2026-09-09T23:22:00Z,N20,Routine Flare
firms-2026-09-09-2322-46547,-7.21309,30.69363,307.11,1.44,50,2026-09-09T23:22:00Z,N20,Routine Flare
firms-2026-09-09-2322-46548,-7.51078,32.46172,298.56,0.48,50,2026-09-09T23:22:00Z,N20,Routine Flare
firms-2026-09-09-2322-46549,-7.26381,30.82058,313.3,1.28,50,2026-09-09T23:22:00Z,N20,Routine Flare
firms-2026-09-09-2322-46550,-7.57849,32.78815,328.56,2.95,50,2026-09-09T23:22:00Z,N20,Routine Flare
firms-2026-09-09-2322-46551,-7.13466,29.90547,331.16,3.08,50,2026-09-09T23:22:00Z,N20,Routine Flare
firms-2026-09-09-2322-46552,-7.51928,32.33857,298.42,0.49,50,2026-09-09T23:22:00Z,N20,Routine Flare
firms-2026-09-09-2322-46553,-7.13859,29.90861,322.57,1.36,50,2026-09-09T23:22:00Z,N20,Routine Flare
firms-2026-09-09-2322-46554,-7.52155,32.33097,312.43,1.89,50,2026-09-09T23:22:00Z,N20,Routine Flare
firms-2026-09-09-2322-46555,-7.53387,32.41022,305.99,0.6,50,2026-09-09T23:22:00Z,N20,Routine Flare
firms-2026-09-09-2322-46556,-6.45645,25.72483,331.54,3.67,50,2026-09-09T23:22:00Z,N20,Routine Flare
firms-2026-09-09-2322-46557,-6.45708,25.72861,311.4,0.8,50,2026-09-09T23:22:00Z,N20,Routine Flare
firms-2026-09-09-2322-46558,-7.14023,29.89742,309.26,0.94,50,2026-09-09T23:22:00Z,N20,Routine Flare
firms-2026-09-09-2322-46559,-7.14081,29.90109,310.02,0.94,50,2026-09-09T23:22:00Z,N20,Routine Flare
firms-2026-09-09-2322-46560,-7.14196,29.90825,302.64,1.36,50,2026-09-09T23:22:00Z,N20,Routine Flare
firms-2026-09-09-2322-46561,-7.14252,29.91176,314.71,1.62,50,2026-09-09T23:22:00Z,N20,Routine Flare
firms-2026-09-09-2322-46562,-7.52435,32.32687,306.39,0.89,50,2026-09-09T23:22:00Z,N20,Routine Flare
firms-2026-09-09-2322-46563,-7.53724,32.4097,298.71,0.6,50,2026-09-09T23:22:00Z,N20,Routine Flare
firms-2026-09-09-2322-46564,-7.14359,29.89696,329.65,1.81,50,2026-09-09T23:22:00Z,N20,Routine Flare
firms-2026-09-09-2322-46565,-7.14533,29.9079,299.18,0.44,50,2026-09-09T23:22:00Z,N20,Routine Flare
firms-2026-09-09-2322-46566,-7.14589,29.9114,303.99,0.97,50,2026-09-09T23:22:00Z,N20,Routine Flare
firms-2026-09-09-2322-46567,-7.52827,32.32993,299.25,1.31,50,2026-09-09T23:22:00Z,N20,Routine Flare
firms-2026-09-09-2322-46568,-7.5305,32.34426,297.85,0.22,50,2026-09-09T23:22:00Z,N20,Routine Flare
firms-2026-09-09-2322-46569,-7.54061,32.40916,309.05,0.99,50,2026-09-09T23:22:00Z,N20,Routine Flare
firms-2026-09-09-2322-46570,-7.14694,29.89649,315.27,1.81,50,2026-09-09T23:22:00Z,N20,Routine Flare
firms-2026-09-09-2322-46571,-7.14981,29.91445,309.08,0.97,50,2026-09-09T23:22:00Z,N20,Routine Flare
firms-2026-09-09-2322-46572,-7.53163,32.32941,319.45,1.31,50,2026-09-09T23:22:00Z,N20,Routine Flare
firms-2026-09-09-2322-46573,-7.15423,29.89923,321.46,1.41,50,2026-09-09T23:22:00Z,N20,Routine Flare
firms-2026-09-09-2322-46574,-7.15364,29.89549,310.3,1.41,50,2026-09-09T23:22:00Z,N20,Routine Flare
firms-2026-09-09-2322-46575,-7.65598,33.08575,308.7,0.79,50,2026-09-09T23:22:00Z,N20,Routine Flare
firms-2026-09-09-2322-46576,-7.15758,29.89873,321.87,1.53,50,2026-09-09T23:22:00Z,N20,Routine Flare
firms-2026-09-09-2322-46577,-7.15817,29.90245,320.17,1.37,50,2026-09-09T23:22:00Z,N20,Routine Flare
firms-2026-09-09-2322-46578,-7.15699,29.89498,303.95,1.53,50,2026-09-09T23:22:00Z,N20,Routine Flare
firms-2026-09-09-2322-46579,-7.55351,32.4034,299.5,0.29,50,2026-09-09T23:22:00Z,N20,Routine Flare
firms-2026-09-09-2322-46580,-7.36154,30.94306,306,0.75,50,2026-09-09T23:22:00Z,N20,Routine Flare
firms-2026-09-09-2322-46581,-7.18532,29.75785,313.59,1.2,50,2026-09-09T23:22:00Z,N20,Routine Flare
firms-2026-09-09-2322-46582,-6.38493,24.89556,310.12,2.8,50,2026-09-09T23:22:00Z,N20,Routine Flare
firms-2026-09-09-2322-46583,-6.38933,24.89486,331.14,2.8,50,2026-09-09T23:22:00Z,N20,Routine Flare
firms-2026-09-09-2322-46584,-6.39373,24.89414,344.03,11.52,50,2026-09-09T23:22:00Z,N20,Routine Flare
firms-2026-09-09-2322-46585,-7.21112,29.76835,307.15,0.53,50,2026-09-09T23:22:00Z,N20,Routine Flare
firms-2026-09-09-2322-46586,-6.54376,25.64922,342.6,2.57,50,2026-09-09T23:22:00Z,N20,Routine Flare
firms-2026-09-09-2322-46587,-6.54441,25.65312,336.68,4.02,50,2026-09-09T23:22:00Z,N20,Routine Flare
firms-2026-09-09-2322-46588,-6.54507,25.65705,332.56,4.02,50,2026-09-09T23:22:00Z,N20,Routine Flare
firms-2026-09-09-2322-46589,-6.5431,25.64534,300.78,2.57,50,2026-09-09T23:22:00Z,N20,Routine Flare
firms-2026-09-09-2322-46590,-6.54791,25.64846,343.3,46.27,50,2026-09-09T23:22:00Z,N20,Industrial Fire
firms-2026-09-09-2322-46591,-6.54856,25.65235,324.52,70.25,50,2026-09-09T23:22:00Z,N20,Industrial Fire
firms-2026-09-09-2322-46592,-6.54922,25.65627,344.81,70.25,50,2026-09-09T23:22:00Z,N20,Industrial Fire
firms-2026-09-09-2322-46593,-6.54726,25.6446,305.02,46.27,50,2026-09-09T23:22:00Z,N20,Industrial Fire
firms-2026-09-09-2322-46594,-7.50037,31.39298,298.61,0.67,50,2026-09-09T23:22:00Z,N20,Routine Flare
firms-2026-09-09-2322-46595,-7.50646,31.40997,300.28,0.5,50,2026-09-09T23:22:00Z,N20,Routine Flare
firms-2026-09-09-2322-46596,-7.73468,32.77948,301.87,0.34,50,2026-09-09T23:22:00Z,N20,Routine Flare
firms-2026-09-09-2322-46597,-7.19197,29.32611,317.77,2.02,50,2026-09-09T23:22:00Z,N20,Routine Flare
firms-2026-09-09-2322-46598,-7.19264,29.32644,317.4,1.95,50,2026-09-09T23:22:00Z,N20,Routine Flare
firms-2026-09-09-2322-46599,-7.64492,32.16922,300.04,0.69,50,2026-09-09T23:22:00Z,N20,Routine Flare
firms-2026-09-09-2322-46600,-7.64827,32.16873,307.92,0.69,50,2026-09-09T23:22:00Z,N20,Routine Flare
firms-2026-09-09-2322-46601,-7.73854,32.59838,310.8,1.16,50,2026-09-09T23:22:00Z,N20,Routine Flare
firms-2026-09-09-2322-46602,-7.16808,28.98375,295.19,0.19,50,2026-09-09T23:22:00Z,N20,Routine Flare
firms-2026-09-09-2322-46603,-7.68855,32.16278,344.82,7.12,50,2026-09-09T23:22:00Z,N20,Routine Flare
firms-2026-09-09-2322-46604,-7.68909,32.16631,320.13,2.56,50,2026-09-09T23:22:00Z,N20,Routine Flare
firms-2026-09-09-2322-46605,-7.69129,32.18048,303.92,0.84,50,2026-09-09T23:22:00Z,N20,Routine Flare
firms-2026-09-09-2322-46606,-7.693,32.16933,324.51,1.64,50,2026-09-09T23:22:00Z,N20,Routine Flare
firms-2026-09-09-2322-46607,-7.69245,32.1658,309.85,1.64,50,2026-09-09T23:22:00Z,N20,Routine Flare
firms-2026-09-09-2322-46608,-7.69355,32.17287,309.43,1.07,50,2026-09-09T23:22:00Z,N20,Routine Flare
firms-2026-09-09-2322-46609,-6.8473,26.88718,303.87,1.16,50,2026-09-09T23:22:00Z,N20,Routine Flare
firms-2026-09-09-2322-46610,-7.1689,28.81538,300.61,0.59,50,2026-09-09T23:22:00Z,N20,Routine Flare
firms-2026-09-09-2322-46611,-6.66266,25.71189,322.38,1.75,50,2026-09-09T23:22:00Z,N20,Routine Flare
firms-2026-09-09-2322-46612,-6.66329,25.71561,309.65,1.75,50,2026-09-09T23:22:00Z,N20,Routine Flare
firms-2026-09-09-2322-46613,-6.51375,24.58654,305.7,1.21,50,2026-09-09T23:22:00Z,N20,Routine Flare
firms-2026-09-09-2322-46614,-8.24061,35.34889,297.08,0.6,50,2026-09-09T23:22:00Z,N20,Routine Flare
firms-2026-09-09-2322-46615,-7.35223,29.57335,312.28,0.99,50,2026-09-09T23:22:00Z,N20,Routine Flare
firms-2026-09-09-2322-46616,-8.24164,35.35135,301.07,0.93,50,2026-09-09T23:22:00Z,N20,Routine Flare
firms-2026-09-09-2322-46617,-6.51567,24.58315,301.68,1.06,50,2026-09-09T23:22:00Z,N20,Routine Flare
firms-2026-09-09-2322-46618,-6.53763,24.3339,311.55,1.14,50,2026-09-09T23:22:00Z,N20,Routine Flare
firms-2026-09-09-2322-46619,-7.30209,28.89999,314.2,1.44,50,2026-09-09T23:22:00Z,N20,Routine Flare
firms-2026-09-09-2322-46620,-7.3027,28.90379,315.35,1.42,50,2026-09-09T23:22:00Z,N20,Routine Flare
firms-2026-09-09-2322-46621,-7.30614,28.90321,314.48,1.42,50,2026-09-09T23:22:00Z,N20,Routine Flare
firms-2026-09-09-2322-46622,-7.64404,30.84094,298.78,0.46,50,2026-09-09T23:22:00Z,N20,Routine Flare
firms-2026-09-09-2322-46623,-8.33991,35.342,307.82,1.97,50,2026-09-09T23:22:00Z,N20,Routine Flare
firms-2026-09-09-2322-46624,-8.34007,35.34076,306.37,1.2,50,2026-09-09T23:22:00Z,N20,Routine Flare
firms-2026-09-09-2322-46625,-7.50795,29.82092,327.13,3.09,50,2026-09-09T23:22:00Z,N20,Routine Flare
firms-2026-09-09-2322-46626,-7.50853,29.82449,326.14,3.1,50,2026-09-09T23:22:00Z,N20,Routine Flare
firms-2026-09-09-2322-46627,-6.8967,26.08421,303.76,0.46,50,2026-09-09T23:22:00Z,N20,Routine Flare
firms-2026-09-09-2322-46628,-7.99998,32.88885,298.27,0.41,50,2026-09-09T23:22:00Z,N20,Routine Flare
firms-2026-09-09-2322-46629,-7.68399,30.77112,301.12,1.05,50,2026-09-09T23:22:00Z,N20,Routine Flare
firms-2026-09-09-2322-46630,-6.83949,25.60063,321.89,1.7,50,2026-09-09T23:22:00Z,N20,Routine Flare
firms-2026-09-09-2322-46631,-6.84013,25.60436,330.53,3.69,50,2026-09-09T23:22:00Z,N20,Routine Flare
firms-2026-09-09-2322-46632,-6.84076,25.60809,340.56,3.69,50,2026-09-09T23:22:00Z,N20,Routine Flare
firms-2026-09-09-2322-46633,-7.6884,30.75618,299.86,0.28,50,2026-09-09T23:22:00Z,N20,Routine Flare
firms-2026-09-09-2322-46634,-6.84492,25.6074,329.58,3.69,50,2026-09-09T23:22:00Z,N20,Routine Flare
firms-2026-09-09-2322-46635,-6.84555,25.61111,307.42,2.45,50,2026-09-09T23:22:00Z,N20,Routine Flare
firms-2026-09-09-2322-46636,-7.09621,26.865,301.63,0.41,50,2026-09-09T23:22:00Z,N20,Routine Flare
firms-2026-09-09-2322-46637,-8.00728,32.55027,308.72,1.09,50,2026-09-09T23:22:00Z,N20,Routine Flare
firms-2026-09-09-2322-46638,-7.7413,30.76905,302.96,0.79,50,2026-09-09T23:22:00Z,N20,Routine Flare
firms-2026-09-09-2322-46639,-7.75775,30.87303,304.01,1.12,50,2026-09-09T23:22:00Z,N20,Routine Flare
firms-2026-09-09-2322-46640,-7.7594,30.88342,309.75,1.14,50,2026-09-09T23:22:00Z,N20,Routine Flare
firms-2026-09-09-2322-46641,-7.91212,31.83044,303.36,0.52,50,2026-09-09T23:22:00Z,N20,Routine Flare
firms-2026-09-09-2322-46642,-7.7663,30.86066,326.45,2.42,50,2026-09-09T23:22:00Z,N20,Routine Flare
firms-2026-09-09-2322-46643,-7.14808,26.99299,301.82,1.07,50,2026-09-09T23:22:00Z,N20,Routine Flare
firms-2026-09-09-2322-46644,-7.77789,30.82685,302.01,0.82,50,2026-09-09T23:22:00Z,N20,Routine Flare
firms-2026-09-09-2322-46645,-6.94205,25.71449,345.08,5.73,50,2026-09-09T23:22:00Z,N20,Routine Flare
firms-2026-09-09-2322-46646,-8.4761,35.36821,311.06,2.97,50,2026-09-09T23:22:00Z,N20,Routine Flare
firms-2026-09-09-2322-46647,-7.79992,30.83755,306.73,0.78,50,2026-09-09T23:22:00Z,N20,Routine Flare
firms-2026-09-09-2322-46648,-7.80047,30.84101,311.5,0.78,50,2026-09-09T23:22:00Z,N20,Routine Flare
firms-2026-09-09-2322-46649,-8.4716,35.17313,295.33,0.87,50,2026-09-09T23:22:00Z,N20,Routine Flare
firms-2026-09-09-2322-46650,-8.47233,35.17809,307.69,2.65,50,2026-09-09T23:22:00Z,N20,Routine Flare
firms-2026-09-09-2322-46651,-8.47619,35.17748,321.28,2.65,50,2026-09-09T23:22:00Z,N20,Routine Flare
firms-2026-09-09-2322-46652,-7.8368,30.87784,313.14,1.09,50,2026-09-09T23:22:00Z,N20,Routine Flare
firms-2026-09-09-2322-46653,-7.8401,30.87732,308.77,1.09,50,2026-09-09T23:22:00Z,N20,Routine Flare
firms-2026-09-09-2322-46654,-7.84065,30.88078,302.61,0.72,50,2026-09-09T23:22:00Z,N20,Routine Flare
firms-2026-09-09-2322-46655,-7.76611,30.26206,332.69,6.61,50,2026-09-09T23:22:00Z,N20,Routine Flare
firms-2026-09-09-2322-46656,-7.76666,30.26546,342.2,3.22,50,2026-09-09T23:22:00Z,N20,Routine Flare
firms-2026-09-09-2322-46657,-7.76721,30.26886,336.67,3.22,50,2026-09-09T23:22:00Z,N20,Routine Flare
firms-2026-09-09-2322-46658,-7.76556,30.25866,303.47,6.61,50,2026-09-09T23:22:00Z,N20,Routine Flare
firms-2026-09-09-2322-46659,-7.76888,30.25806,341.02,6.61,50,2026-09-09T23:22:00Z,N20,Routine Flare
firms-2026-09-09-2322-46660,-7.76943,30.26147,341.83,6.61,50,2026-09-09T23:22:00Z,N20,Routine Flare
firms-2026-09-09-2322-46661,-7.76833,30.25465,310.77,1.64,50,2026-09-09T23:22:00Z,N20,Routine Flare
firms-2026-09-09-2322-46662,-7.76998,30.2649,305.15,3.22,50,2026-09-09T23:22:00Z,N20,Routine Flare
firms-2026-09-09-2322-46663,-7.77219,30.25748,321.76,2.87,50,2026-09-09T23:22:00Z,N20,Routine Flare
firms-2026-09-09-2322-46664,-7.77275,30.26092,337.18,2.87,50,2026-09-09T23:22:00Z,N20,Routine Flare
firms-2026-09-09-2322-46665,-7.7733,30.26436,335.75,2.43,50,2026-09-09T23:22:00Z,N20,Routine Flare
firms-2026-09-09-2322-46666,-7.77606,30.26039,324.66,2.87,50,2026-09-09T23:22:00Z,N20,Routine Flare
firms-2026-09-09-2322-46667,-7.77773,30.27074,328.56,3.55,50,2026-09-09T23:22:00Z,N20,Routine Flare
firms-2026-09-09-2322-46668,-7.77662,30.26384,313.57,2.43,50,2026-09-09T23:22:00Z,N20,Routine Flare
firms-2026-09-09-2322-46669,-7.77717,30.26729,312.5,2.43,50,2026-09-09T23:22:00Z,N20,Routine Flare
firms-2026-09-09-2322-46670,-7.76852,30.19403,300.06,1.01,50,2026-09-09T23:22:00Z,N20,Routine Flare
firms-2026-09-09-2322-46671,-7.78019,30.26687,312.13,1.82,50,2026-09-09T23:22:00Z,N20,Routine Flare
firms-2026-09-09-2322-46672,-7.78074,30.27032,310.75,1.81,50,2026-09-09T23:22:00Z,N20,Routine Flare
firms-2026-09-09-2322-46673,-7.778,30.23188,337.79,9.54,50,2026-09-09T23:22:00Z,N20,Routine Flare
firms-2026-09-09-2322-46674,-7.78406,30.2698,324.11,1.81,50,2026-09-09T23:22:00Z,N20,Routine Flare
firms-2026-09-09-2322-46675,-7.77744,30.22836,309.11,9.54,50,2026-09-09T23:22:00Z,N20,Routine Flare
firms-2026-09-09-2322-46676,-7.78076,30.22787,303.21,0.37,50,2026-09-09T23:22:00Z,N20,Routine Flare
firms-2026-09-09-2322-46677,-7.78519,30.25553,304.75,0.82,50,2026-09-09T23:22:00Z,N20,Routine Flare
firms-2026-09-09-2322-46678,-7.78738,30.26928,309.48,2.03,50,2026-09-09T23:22:00Z,N20,Routine Flare
firms-2026-09-09-2322-46679,-7.80174,30.21012,297.69,0.28,50,2026-09-09T23:22:00Z,N20,Routine Flare
firms-2026-09-09-2322-46680,-7.80286,30.21712,303.97,0.55,50,2026-09-09T23:22:00Z,N20,Routine Flare
firms-2026-09-09-2322-46681,-7.91734,30.93604,302.1,0.46,50,2026-09-09T23:22:00Z,N20,Routine Flare
firms-2026-09-09-2322-46682,-7.92064,30.93551,302.16,0.8,50,2026-09-09T23:22:00Z,N20,Routine Flare
firms-2026-09-09-2322-46683,-7.92119,30.93898,303.96,0.87,50,2026-09-09T23:22:00Z,N20,Routine Flare
firms-2026-09-09-2322-46684,-7.9201,30.91076,308.9,0.93,50,2026-09-09T23:22:00Z,N20,Routine Flare
firms-2026-09-09-2322-46685,-7.92342,30.91023,301.05,0.81,50,2026-09-09T23:22:00Z,N20,Routine Flare
firms-2026-09-09-2322-46686,-7.92396,30.9137,314.14,0.81,50,2026-09-09T23:22:00Z,N20,Routine Flare
firms-2026-09-09-2322-46687,-8.00274,31.37046,298.87,0.62,50,2026-09-09T23:22:00Z,N20,Routine Flare
firms-2026-09-09-2322-46688,-7.93881,30.94328,340.38,5.86,50,2026-09-09T23:22:00Z,N20,Routine Flare
firms-2026-09-09-2322-46689,-7.93826,30.93982,305.58,1.79,50,2026-09-09T23:22:00Z,N20,Routine Flare
firms-2026-09-09-2322-46690,-8.04628,31.40996,326.07,1.57,50,2026-09-09T23:22:00Z,N20,Routine Flare
firms-2026-09-09-2322-46691,-8.04683,31.41344,311.02,1.57,50,2026-09-09T23:22:00Z,N20,Routine Flare
firms-2026-09-09-2322-46692,-7.99713,30.9908,302.1,0.4,50,2026-09-09T23:22:00Z,N20,Routine Flare
firms-2026-09-09-2322-46693,-7.75935,29.2956,298.91,0.5,50,2026-09-09T23:22:00Z,N20,Routine Flare
firms-2026-09-09-2322-46694,-7.92391,30.29355,333.58,12.84,50,2026-09-09T23:22:00Z,N20,Routine Flare
firms-2026-09-09-2322-46695,-7.92447,30.29708,320.92,2.37,50,2026-09-09T23:22:00Z,N20,Routine Flare
firms-2026-09-09-2322-46696,-7.92722,30.29302,340.7,2.38,50,2026-09-09T23:22:00Z,N20,Routine Flare
firms-2026-09-09-2322-46697,-7.92779,30.29654,303.21,1.22,50,2026-09-09T23:22:00Z,N20,Routine Flare
firms-2026-09-09-2322-46698,-7.92836,30.3001,314.13,1.22,50,2026-09-09T23:22:00Z,N20,Routine Flare
firms-2026-09-09-2322-46699,-7.93055,30.29252,311.47,2.38,50,2026-09-09T23:22:00Z,N20,Routine Flare
firms-2026-09-09-2322-46700,-7.93168,30.29958,306.32,1.22,50,2026-09-09T23:22:00Z,N20,Routine Flare
firms-2026-09-09-2322-46701,-8.06953,31.03935,338.99,4.56,50,2026-09-09T23:22:00Z,N20,Routine Flare
firms-2026-09-09-2322-46702,-8.61693,34.61204,297.73,0.41,50,2026-09-09T23:22:00Z,N20,Routine Flare
firms-2026-09-09-2322-46703,-7.95761,30.27027,302.23,0.59,50,2026-09-09T23:22:00Z,N20,Routine Flare
firms-2026-09-09-2322-46704,-8.1325,31.00806,341.37,7.38,50,2026-09-09T23:22:00Z,N20,Routine Flare
firms-2026-09-09-2322-46705,-8.13581,31.00754,335.17,3.75,50,2026-09-09T23:22:00Z,N20,Routine Flare
firms-2026-09-09-2322-46706,-8.13636,31.01101,343.05,5.73,50,2026-09-09T23:22:00Z,N20,Routine Flare
firms-2026-09-09-2322-46707,-7.99359,30.11423,298.02,0.44,50,2026-09-09T23:22:00Z,N20,Routine Flare
firms-2026-09-09-2322-46708,-7.97776,29.99453,297.7,0.33,50,2026-09-09T23:22:00Z,N20,Routine Flare
firms-2026-09-09-2322-46709,-8.06816,30.47412,304.27,0.48,50,2026-09-09T23:22:00Z,N20,Routine Flare
firms-2026-09-09-2322-46710,-7.1264,24.74273,300.61,0.75,50,2026-09-09T23:22:00Z,N20,Routine Flare
firms-2026-09-09-2322-46711,-7.99424,29.94831,300.01,0.71,50,2026-09-09T23:22:00Z,N20,Routine Flare
firms-2026-09-09-2322-46712,-8.07754,30.46905,303.91,0.51,50,2026-09-09T23:22:00Z,N20,Routine Flare
firms-2026-09-09-2322-46713,-8.18761,31.01352,324.3,1.46,50,2026-09-09T23:22:00Z,N20,Routine Flare
firms-2026-09-09-2322-46714,-8.18706,31.01006,303.12,1.46,50,2026-09-09T23:22:00Z,N20,Routine Flare
firms-2026-09-09-2322-46715,-8.23102,31.11684,313.16,1.08,50,2026-09-09T23:22:00Z,N20,Routine Flare
firms-2026-09-09-2322-46716,-8.05258,29.93191,302,0.4,50,2026-09-09T23:22:00Z,N20,Routine Flare
firms-2026-09-09-2322-46717,-8.13156,30.2536,302.39,0.93,50,2026-09-09T23:22:00Z,N20,Routine Flare
firms-2026-09-09-2322-46718,-8.18341,30.17349,302.74,0.77,50,2026-09-09T23:22:00Z,N20,Routine Flare
firms-2026-09-09-2322-46719,-8.18673,30.17295,310.01,0.95,50,2026-09-09T23:22:00Z,N20,Routine Flare
firms-2026-09-09-2322-46720,-8.18784,30.17994,300.66,1.13,50,2026-09-09T23:22:00Z,N20,Routine Flare
firms-2026-09-09-2322-46721,-8.18949,30.16892,300.02,0.95,50,2026-09-09T23:22:00Z,N20,Routine Flare
firms-2026-09-09-2322-46722,-8.19337,30.17188,321.31,2.29,50,2026-09-09T23:22:00Z,N20,Routine Flare
firms-2026-09-09-2322-46723,-8.19392,30.17537,327.86,2.29,50,2026-09-09T23:22:00Z,N20,Routine Flare
firms-2026-09-09-2322-46724,-8.20137,30.15995,302.48,1.1,50,2026-09-09T23:22:00Z,N20,Routine Flare
firms-2026-09-09-2322-46725,-8.24376,30.38217,300.97,0.53,50,2026-09-09T23:22:00Z,N20,Routine Flare
firms-2026-09-09-2322-46726,-8.24432,30.38564,302.06,0.53,50,2026-09-09T23:22:00Z,N20,Routine Flare
firms-2026-09-09-2322-46727,-8.24763,30.38511,300.85,0.9,50,2026-09-09T23:22:00Z,N20,Routine Flare
firms-2026-09-09-2322-46728,-8.25094,30.38459,307.33,0.9,50,2026-09-09T23:22:00Z,N20,Routine Flare
firms-2026-09-09-2322-46729,-8.25425,30.38406,300.63,0.5,50,2026-09-09T23:22:00Z,N20,Routine Flare
firms-2026-09-09-2322-46730,-7.74629,27.2258,310.55,2.32,50,2026-09-09T23:22:00Z,N20,Routine Flare
firms-2026-09-09-2322-46731,-7.57118,25.92734,301.65,0.54,50,2026-09-09T23:22:00Z,N20,Routine Flare
firms-2026-09-09-2322-46732,-7.57178,25.93091,307,0.94,50,2026-09-09T23:22:00Z,N20,Routine Flare
firms-2026-09-09-2322-46733,-7.57238,25.93446,301.65,0.94,50,2026-09-09T23:22:00Z,N20,Routine Flare
firms-2026-09-09-2322-46734,-7.57297,25.938,302.16,0.55,50,2026-09-09T23:22:00Z,N20,Routine Flare
firms-2026-09-09-2322-46735,-8.1481,29.21011,310.37,1.09,50,2026-09-09T23:22:00Z,N20,Routine Flare
firms-2026-09-09-2322-46736,-8.30872,30.19278,314.77,1.33,50,2026-09-09T23:22:00Z,N20,Routine Flare
firms-2026-09-09-2322-46737,-8.30237,30.13249,301.16,0.59,50,2026-09-09T23:22:00Z,N20,Routine Flare
firms-2026-09-09-2322-46738,-8.31192,30.19194,306.81,0.83,50,2026-09-09T23:22:00Z,N20,Routine Flare
firms-2026-09-09-2322-46739,-8.31248,30.19542,316.2,0.83,50,2026-09-09T23:22:00Z,N20,Routine Flare
firms-2026-09-09-2322-46740,-8.31471,30.20937,300.5,0.88,50,2026-09-09T23:22:00Z,N20,Routine Flare
firms-2026-09-09-2322-46741,-8.31579,30.19489,299.23,0.83,50,2026-09-09T23:22:00Z,N20,Routine Flare
firms-2026-09-09-2322-46742,-8.32187,30.19033,320.22,1.15,50,2026-09-09T23:22:00Z,N20,Routine Flare
firms-2026-09-09-2322-46743,-8.32131,30.18684,319.25,1.46,50,2026-09-09T23:22:00Z,N20,Routine Flare
firms-2026-09-09-2322-46744,-8.32243,30.19381,303.39,1.15,50,2026-09-09T23:22:00Z,N20,Routine Flare
firms-2026-09-09-2322-46745,-8.31396,30.11982,300.64,0.5,50,2026-09-09T23:22:00Z,N20,Routine Flare
firms-2026-09-09-2322-46746,-8.32854,30.21072,306.59,0.77,50,2026-09-09T23:22:00Z,N20,Routine Flare
firms-2026-09-09-2322-46747,-8.3291,30.2142,301.68,0.77,50,2026-09-09T23:22:00Z,N20,Routine Flare
firms-2026-09-09-2322-46748,-8.31672,30.11578,298.55,0.42,50,2026-09-09T23:22:00Z,N20,Routine Flare
firms-2026-09-09-2322-46749,-8.18542,29.21923,321.35,2.33,50,2026-09-09T23:22:00Z,N20,Routine Flare
firms-2026-09-09-2322-46750,-8.51038,31.22945,303.93,0.56,50,2026-09-09T23:22:00Z,N20,Routine Flare
firms-2026-09-09-2322-46751,-8.39171,30.3508,303.72,0.67,50,2026-09-09T23:22:00Z,N20,Routine Flare
firms-2026-09-09-2322-46752,-8.31932,29.85566,299.8,0.28,50,2026-09-09T23:22:00Z,N20,Routine Flare
firms-2026-09-09-2322-46753,-8.39831,30.32827,308.38,0.65,50,2026-09-09T23:22:00Z,N20,Routine Flare
firms-2026-09-09-2322-46754,-8.41603,30.41825,304.17,1.28,50,2026-09-09T23:22:00Z,N20,Routine Flare
firms-2026-09-09-2322-46755,-8.41934,30.4177,328.43,1.28,50,2026-09-09T23:22:00Z,N20,Routine Flare
firms-2026-09-09-2322-46756,-8.40327,30.31675,298.53,0.38,50,2026-09-09T23:22:00Z,N20,Routine Flare
firms-2026-09-09-2322-46757,-8.41879,30.41423,306.4,1.67,50,2026-09-09T23:22:00Z,N20,Routine Flare
firms-2026-09-09-2322-46758,-8.19645,28.92161,303.89,0.41,50,2026-09-09T23:22:00Z,N20,Routine Flare
firms-2026-09-09-2322-46759,-8.30594,29.53729,296.61,0.64,50,2026-09-09T23:22:00Z,N20,Routine Flare
firms-2026-09-09-2322-46760,-8.28747,29.09316,309.55,0.86,50,2026-09-09T23:22:00Z,N20,Routine Flare
firms-2026-09-09-2322-46761,-8.94234,33.24167,301.25,0.88,50,2026-09-09T23:22:00Z,N20,Routine Flare
firms-2026-09-09-2322-46762,-9.2387,34.92174,299.11,0.74,50,2026-09-09T23:22:00Z,N20,Routine Flare
firms-2026-09-09-2322-46763,-8.81254,31.92927,299.21,0.58,50,2026-09-09T23:22:00Z,N20,Routine Flare
firms-2026-09-09-2322-46764,-8.13417,27.681,299.19,0.43,50,2026-09-09T23:22:00Z,N20,Routine Flare
firms-2026-09-09-2322-46765,-8.07405,27.27956,332.4,11.56,50,2026-09-09T23:22:00Z,N20,Routine Flare
firms-2026-09-09-2322-46766,-8.35448,28.96525,312.36,1.18,50,2026-09-09T23:22:00Z,N20,Routine Flare
firms-2026-09-09-2322-46767,-8.07773,27.27891,340.82,17.88,50,2026-09-09T23:22:00Z,N20,Industrial Fire
firms-2026-09-09-2322-46768,-8.67044,30.75827,301.14,0.74,50,2026-09-09T23:22:00Z,N20,Routine Flare
firms-2026-09-09-2322-46769,-7.64022,24.28633,302.9,1.16,50,2026-09-09T23:22:00Z,N20,Routine Flare
firms-2026-09-09-2322-46770,-7.641,24.29093,303.43,1.16,50,2026-09-09T23:22:00Z,N20,Routine Flare
firms-2026-09-09-2322-46771,-8.78371,31.17528,306.06,0.8,50,2026-09-09T23:22:00Z,N20,Routine Flare
firms-2026-09-09-2322-46772,-8.76913,30.93173,303.93,0.74,50,2026-09-09T23:22:00Z,N20,Routine Flare
firms-2026-09-09-2322-46773,-9.29186,34.10567,337.06,10.48,50,2026-09-09T23:22:00Z,N20,Routine Flare
firms-2026-09-09-2322-46774,-9.29253,34.11015,313.21,10.48,50,2026-09-09T23:22:00Z,N20,Routine Flare
firms-2026-09-09-2322-46775,-9.29616,34.10933,297.74,1.31,50,2026-09-09T23:22:00Z,N20,Routine Flare
firms-2026-09-09-2322-46776,-8.70351,30.2401,308.73,0.79,50,2026-09-09T23:22:00Z,N20,Routine Flare
firms-2026-09-09-2322-46777,-8.78088,30.72698,298.62,0.26,50,2026-09-09T23:22:00Z,N20,Routine Flare
firms-2026-09-09-2322-46778,-8.70683,30.23956,306.91,0.84,50,2026-09-09T23:22:00Z,N20,Routine Flare
firms-2026-09-09-2322-46779,-9.37251,34.54834,302.39,1.48,50,2026-09-09T23:22:00Z,N20,Routine Flare
firms-2026-09-09-2322-46780,-9.06396,32.45397,304.15,0.89,50,2026-09-09T23:22:00Z,N20,Routine Flare
firms-2026-09-09-2322-46781,-9.07135,32.45665,296.94,0.41,50,2026-09-09T23:22:00Z,N20,Routine Flare
firms-2026-09-09-2322-46782,-8.96529,31.53461,304.62,0.98,50,2026-09-09T23:22:00Z,N20,Routine Flare
firms-2026-09-09-2322-46783,-8.82961,30.60485,305.16,0.64,50,2026-09-09T23:22:00Z,N20,Routine Flare
firms-2026-09-09-2322-46784,-8.83016,30.60832,307.79,1.2,50,2026-09-09T23:22:00Z,N20,Routine Flare
firms-2026-09-09-2322-46785,-8.83127,30.61527,301.57,0.46,50,2026-09-09T23:22:00Z,N20,Routine Flare
firms-2026-09-09-2322-46786,-8.83292,30.60432,319.5,1.56,50,2026-09-09T23:22:00Z,N20,Routine Flare
firms-2026-09-09-2322-46787,-8.83347,30.60779,299.94,0.96,50,2026-09-09T23:22:00Z,N20,Routine Flare
firms-2026-09-09-2322-46788,-8.84008,30.60674,298.14,0.54,50,2026-09-09T23:22:00Z,N20,Routine Flare
firms-2026-09-09-2322-46789,-8.84063,30.61022,304.28,0.54,50,2026-09-09T23:22:00Z,N20,Routine Flare
firms-2026-09-09-2322-46790,-8.84284,30.60273,298.5,0.65,50,2026-09-09T23:22:00Z,N20,Routine Flare
firms-2026-09-09-2322-46791,-8.84394,30.60968,296.93,0.54,50,2026-09-09T23:22:00Z,N20,Routine Flare
firms-2026-09-09-2322-46792,-8.5524,28.78143,315.24,0.87,50,2026-09-09T23:22:00Z,N20,Routine Flare
firms-2026-09-09-2322-46793,-8.553,28.78513,301.38,0.87,50,2026-09-09T23:22:00Z,N20,Routine Flare
firms-2026-09-09-2322-46794,-9.09772,32.19292,314.96,1.72,50,2026-09-09T23:22:00Z,N20,Routine Flare
firms-2026-09-09-2322-46795,-9.37702,34.02485,315.32,2.09,50,2026-09-09T23:22:00Z,N20,Routine Flare
firms-2026-09-09-2322-46796,-8.59015,28.79742,302.8,0.67,50,2026-09-09T23:22:00Z,N20,Routine Flare
firms-2026-09-09-2322-46797,-9.19064,32.52593,302.12,0.62,50,2026-09-09T23:22:00Z,N20,Routine Flare
firms-2026-09-09-2322-46798,-9.2202,32.71838,298.49,0.49,50,2026-09-09T23:22:00Z,N20,Routine Flare
firms-2026-09-09-2322-46799,-8.26469,26.70686,331.95,6.8,50,2026-09-09T23:22:00Z,N20,Routine Flare
firms-2026-09-09-2322-46800,-8.87808,30.44032,300.56,0.76,50,2026-09-09T23:22:00Z,N20,Routine Flare
firms-2026-09-09-2322-46801,-9.20837,32.55007,309.76,1.3,50,2026-09-09T23:22:00Z,N20,Routine Flare
firms-2026-09-09-2322-46802,-9.21121,32.54578,306.98,1.08,50,2026-09-09T23:22:00Z,N20,Routine Flare
firms-2026-09-09-2322-46803,-8.92105,30.30486,340.96,2.26,50,2026-09-09T23:22:00Z,N20,Routine Flare
firms-2026-09-09-2322-46804,-8.15435,25.64797,335.54,3.4,50,2026-09-09T23:22:00Z,N20,Routine Flare
firms-2026-09-09-2322-46805,-8.15494,25.65143,324.59,3.4,50,2026-09-09T23:22:00Z,N20,Routine Flare
firms-2026-09-09-2322-46806,-8.92436,30.30433,299.86,2.26,50,2026-09-09T23:22:00Z,N20,Routine Flare
firms-2026-09-09-2322-46807,-8.92492,30.30781,308.02,1.23,50,2026-09-09T23:22:00Z,N20,Routine Flare
firms-2026-09-09-2322-46808,-8.15845,25.64754,303.44,1.24,50,2026-09-09T23:22:00Z,N20,Routine Flare
firms-2026-09-09-2322-46809,-8.94699,30.31855,303.04,0.33,50,2026-09-09T23:22:00Z,N20,Routine Flare
firms-2026-09-09-2322-46810,-8.94917,30.28959,325.07,2.16,50,2026-09-09T23:22:00Z,N20,Routine Flare
firms-2026-09-09-2322-46811,-8.95248,30.28906,300.75,0.67,50,2026-09-09T23:22:00Z,N20,Routine Flare
firms-2026-09-09-2322-46812,-8.95304,30.29254,307.52,0.67,50,2026-09-09T23:22:00Z,N20,Routine Flare
firms-2026-09-09-2322-46813,-9.32592,32.58644,308.1,1.08,50,2026-09-09T23:22:00Z,N20,Routine Flare
firms-2026-09-09-2322-46814,-9.7715,35.54081,314.9,2.02,50,2026-09-09T23:22:00Z,N20,Routine Flare
firms-2026-09-09-2322-46815,-9.12816,31.12022,295.26,0.24,50,2026-09-09T23:22:00Z,N20,Routine Flare
firms-2026-09-09-2322-46816,-9.12925,31.1272,295.04,0.79,50,2026-09-09T23:22:00Z,N20,Routine Flare
firms-2026-09-09-2322-46817,-9.13256,31.12667,298.26,1.09,50,2026-09-09T23:22:00Z,N20,Routine Flare
firms-2026-09-09-2322-46818,-8.01709,24.27845,309.38,1.39,50,2026-09-09T23:22:00Z,N20,Routine Flare
firms-2026-09-09-2322-46819,-8.01786,24.28287,299.05,1.19,50,2026-09-09T23:22:00Z,N20,Routine Flare
firms-2026-09-09-2322-46820,-9.03365,30.24349,302.42,0.45,50,2026-09-09T23:22:00Z,N20,Routine Flare
firms-2026-09-09-2322-46821,-8.04065,24.22896,300.58,0.76,50,2026-09-09T23:22:00Z,N20,Routine Flare
firms-2026-09-09-2322-46822,-9.72732,34.6214,298.86,1.06,50,2026-09-09T23:22:00Z,N20,Routine Flare
firms-2026-09-09-2322-46823,-8.51728,26.82693,313,2.69,50,2026-09-09T23:22:00Z,N20,Routine Flare
firms-2026-09-09-2322-46824,-8.52172,26.83035,329.83,4.59,50,2026-09-09T23:22:00Z,N20,Routine Flare
firms-2026-09-09-2322-46825,-8.51813,26.82901,319.55,2.75,50,2026-09-09T23:22:00Z,N20,Routine Flare
firms-2026-09-09-2322-46826,-8.52181,26.82798,329.19,4.44,50,2026-09-09T23:22:00Z,N20,Routine Flare
firms-2026-09-09-2322-46827,-9.07704,30.13278,320.24,1.8,50,2026-09-09T23:22:00Z,N20,Routine Flare
firms-2026-09-09-2322-46828,-9.0798,30.12876,300.25,0.69,50,2026-09-09T23:22:00Z,N20,Routine Flare
firms-2026-09-09-2322-46829,-9.09197,30.14113,327.89,2.89,50,2026-09-09T23:22:00Z,N20,Routine Flare
firms-2026-09-09-2322-46830,-9.09584,30.14408,309.85,2.03,50,2026-09-09T23:22:00Z,N20,Routine Flare
firms-2026-09-09-2322-46831,-9.13714,30.06213,301.32,0.51,50,2026-09-09T23:22:00Z,N20,Routine Flare
firms-2026-09-09-2322-46832,-9.14857,29.98513,300.57,0.93,50,2026-09-09T23:22:00Z,N20,Routine Flare
firms-2026-09-09-2322-46833,-8.78402,27.66438,301.19,1.05,50,2026-09-09T23:22:00Z,N20,Routine Flare
firms-2026-09-09-2322-46834,-8.7876,27.66378,307.79,1.17,50,2026-09-09T23:22:00Z,N20,Routine Flare
firms-2026-09-09-2322-46835,-8.78829,27.66791,301.13,0.76,50,2026-09-09T23:22:00Z,N20,Routine Flare
firms-2026-09-09-2322-46836,-8.78138,27.49457,329.35,3.15,50,2026-09-09T23:22:00Z,N20,Routine Flare
firms-2026-09-09-2322-46837,-8.78208,27.49875,301.29,0.64,50,2026-09-09T23:22:00Z,N20,Routine Flare
firms-2026-09-09-2322-46838,-8.78569,27.49816,298.56,0.64,50,2026-09-09T23:22:00Z,N20,Routine Flare
firms-2026-09-09-2322-46839,-9.66916,33.05258,303.16,0.98,50,2026-09-09T23:22:00Z,N20,Routine Flare
firms-2026-09-09-2322-46840,-8.95675,28.48704,301.47,0.48,50,2026-09-09T23:22:00Z,N20,Routine Flare
firms-2026-09-09-2322-46841,-9.2085,29.82777,301.69,0.53,50,2026-09-09T23:22:00Z,N20,Routine Flare
firms-2026-09-09-2322-46842,-9.21182,29.82723,303.52,0.75,50,2026-09-09T23:22:00Z,N20,Routine Flare
firms-2026-09-09-2322-46843,-9.34183,30.49409,295.87,0.39,50,2026-09-09T23:22:00Z,N20,Routine Flare
firms-2026-09-09-2322-46844,-9.1712,29.38971,304.57,0.83,50,2026-09-09T23:22:00Z,N20,Routine Flare
firms-2026-09-09-2322-46845,-9.45603,31.09019,314.81,1.39,50,2026-09-09T23:22:00Z,N20,Routine Flare
firms-2026-09-09-2322-46846,-9.36656,30.35094,305.57,0.78,50,2026-09-09T23:22:00Z,N20,Routine Flare
firms-2026-09-09-2322-46847,-9.31853,29.92189,296.61,0.34,50,2026-09-09T23:22:00Z,N20,Routine Flare
firms-2026-09-09-2322-46848,-9.28804,29.71017,329.03,4.5,50,2026-09-09T23:22:00Z,N20,Routine Flare
firms-2026-09-09-2322-46849,-9.28861,29.7137,327.09,4.5,50,2026-09-09T23:22:00Z,N20,Routine Flare
firms-2026-09-09-2322-46850,-8.95732,27.6776,316.64,1.01,50,2026-09-09T23:22:00Z,N20,Routine Flare
firms-2026-09-09-2322-46851,-9.30092,29.74791,339.96,5.04,50,2026-09-09T23:22:00Z,N20,Routine Flare
firms-2026-09-09-2322-46852,-9.30424,29.74738,322.86,5.04,50,2026-09-09T23:22:00Z,N20,Routine Flare
firms-2026-09-09-2322-46853,-9.30481,29.7509,300.09,1.09,50,2026-09-09T23:22:00Z,N20,Routine Flare
firms-2026-09-09-2322-46854,-9.32484,29.72932,297.33,0.64,50,2026-09-09T23:22:00Z,N20,Routine Flare
firms-2026-09-09-2322-46855,-9.5181,30.94396,300.19,0.41,50,2026-09-09T23:22:00Z,N20,Routine Flare
firms-2026-09-09-2322-46856,-9.61771,31.58515,295.35,0.43,50,2026-09-09T23:22:00Z,N20,Routine Flare
firms-2026-09-09-2322-46857,-8.66447,25.67281,317.52,1.62,50,2026-09-09T23:22:00Z,N20,Routine Flare
firms-2026-09-09-2322-46858,-8.66507,25.67628,305.53,0.77,50,2026-09-09T23:22:00Z,N20,Routine Flare
firms-2026-09-09-2322-46859,-9.36053,29.78135,300.5,0.69,50,2026-09-09T23:22:00Z,N20,Routine Flare
firms-2026-09-09-2322-46860,-9.53529,30.85888,298.6,0.42,50,2026-09-09T23:22:00Z,N20,Routine Flare
firms-2026-09-09-2322-46861,-9.5529,30.90618,308.34,0.71,50,2026-09-09T23:22:00Z,N20,Routine Flare
firms-2026-09-09-2322-46862,-9.55676,30.90914,298.2,0.71,50,2026-09-09T23:22:00Z,N20,Routine Flare
firms-2026-09-09-2322-46863,-8.49809,24.52201,298.88,0.8,50,2026-09-09T23:22:00Z,N20,Routine Flare
firms-2026-09-09-2322-46864,-9.56007,30.90861,296.82,0.3,50,2026-09-09T23:22:00Z,N20,Routine Flare
firms-2026-09-09-2322-46865,-9.46246,30.12065,311.15,1.11,50,2026-09-09T23:22:00Z,N20,Routine Flare
firms-2026-09-09-2322-46866,-8.73454,25.64709,307.92,1.23,50,2026-09-09T23:22:00Z,N20,Routine Flare
firms-2026-09-09-2322-46867,-9.33412,29.25579,302.22,0.68,50,2026-09-09T23:22:00Z,N20,Routine Flare
firms-2026-09-09-2322-46868,-9.29223,28.9533,306.19,0.9,50,2026-09-09T23:22:00Z,N20,Routine Flare
firms-2026-09-09-2322-46869,-8.58437,24.66087,300.56,0.56,50,2026-09-09T23:22:00Z,N20,Routine Flare
firms-2026-09-09-2322-46870,-9.35688,29.21532,303.84,1.08,50,2026-09-09T23:22:00Z,N20,Routine Flare
firms-2026-09-09-2322-46871,-8.58236,24.66267,299.83,0.35,50,2026-09-09T23:22:00Z,N20,Routine Flare
firms-2026-09-09-2322-46872,-9.36142,29.22198,302.43,0.53,50,2026-09-09T23:22:00Z,N20,Routine Flare
firms-2026-09-09-2322-46873,-9.77961,31.79884,298.13,0.26,50,2026-09-09T23:22:00Z,N20,Routine Flare
firms-2026-09-09-2322-46874,-9.32378,28.90705,304.4,0.59,50,2026-09-09T23:22:00Z,N20,Routine Flare
firms-2026-09-09-2322-46875,-9.34396,29.00912,300.28,0.47,50,2026-09-09T23:22:00Z,N20,Routine Flare
firms-2026-09-09-2322-46876,-8.95979,26.5499,307.14,0.91,50,2026-09-09T23:22:00Z,N20,Routine Flare
firms-2026-09-09-2322-46877,-8.96055,26.55432,317.81,1.89,50,2026-09-09T23:22:00Z,N20,Routine Flare
firms-2026-09-09-2322-46878,-9.38723,29.06194,311.09,1.16,50,2026-09-09T23:22:00Z,N20,Routine Flare
firms-2026-09-09-2322-46879,-9.4494,29.42504,302.1,0.33,50,2026-09-09T23:22:00Z,N20,Routine Flare
firms-2026-09-09-2322-46880,-9.45275,29.42452,299.43,0.41,50,2026-09-09T23:22:00Z,N20,Routine Flare
firms-2026-09-09-2322-46881,-9.51624,29.75597,333.39,4.37,50,2026-09-09T23:22:00Z,N20,Routine Flare
firms-2026-09-09-2322-46882,-8.30545,22.53551,332.1,3.3,50,2026-09-09T23:22:00Z,N20,Routine Flare
firms-2026-09-09-2322-46883,-8.30619,22.53975,338.46,5.29,50,2026-09-09T23:22:00Z,N20,Routine Flare
firms-2026-09-09-2322-46884,-8.30495,22.53268,301.37,3.3,50,2026-09-09T23:22:00Z,N20,Routine Flare
firms-2026-09-09-2322-46885,-9.51956,29.75541,305.32,1.18,50,2026-09-09T23:22:00Z,N20,Routine Flare
firms-2026-09-09-2322-46886,-8.31117,22.5388,318.26,5.29,50,2026-09-09T23:22:00Z,N20,Routine Flare
firms-2026-09-09-2322-46887,-8.31389,22.52495,299.3,0.9,50,2026-09-09T23:22:00Z,N20,Routine Flare
firms-2026-09-09-2322-46888,-8.86634,25.66298,298.27,0.35,50,2026-09-09T23:22:00Z,N20,Routine Flare
firms-2026-09-09-2322-46889,-9.289,28.22019,307.75,0.94,50,2026-09-09T23:22:00Z,N20,Routine Flare
firms-2026-09-09-2322-46890,-9.47364,29.36225,299.75,0.84,50,2026-09-09T23:22:00Z,N20,Routine Flare
firms-2026-09-09-2322-46891,-9.45509,29.22539,325.22,1.63,50,2026-09-09T23:22:00Z,N20,Routine Flare
firms-2026-09-09-2322-46892,-9.22264,27.79175,298.76,0.73,50,2026-09-09T23:22:00Z,N20,Routine Flare
firms-2026-09-09-2322-46893,-9.01226,26.48987,309,2.16,50,2026-09-09T23:22:00Z,N20,Routine Flare
firms-2026-09-09-2322-46894,-9.46075,29.23912,304.07,0.6,50,2026-09-09T23:22:00Z,N20,Routine Flare
firms-2026-09-09-2322-46895,-9.22254,27.79256,300.7,0.78,50,2026-09-09T23:22:00Z,N20,Routine Flare
firms-2026-09-09-2322-46896,-9.46267,29.23872,305.86,0.96,50,2026-09-09T23:22:00Z,N20,Routine Flare
firms-2026-09-09-2322-46897,-9.55812,29.78496,309.39,1.01,50,2026-09-09T23:22:00Z,N20,Routine Flare
firms-2026-09-09-2322-46898,-8.30603,22.53793,344.92,5.19,50,2026-09-09T23:22:00Z,N20,Routine Flare
firms-2026-09-09-2322-46899,-8.30499,22.53229,310.61,5.19,50,2026-09-09T23:22:00Z,N20,Routine Flare
firms-2026-09-09-2322-46900,-8.86765,25.66241,301.41,0.36,50,2026-09-09T23:22:00Z,N20,Routine Flare
firms-2026-09-09-2322-46901,-9.50132,29.41265,300.96,0.78,50,2026-09-09T23:22:00Z,N20,Routine Flare
firms-2026-09-09-2322-46902,-8.31101,22.53698,317.48,2.18,50,2026-09-09T23:22:00Z,N20,Routine Flare
firms-2026-09-09-2322-46903,-9.01566,26.49145,310.63,2.64,50,2026-09-09T23:22:00Z,N20,Routine Flare
firms-2026-09-09-2322-46904,-9.50408,29.40852,301.47,0.58,50,2026-09-09T23:22:00Z,N20,Routine Flare
firms-2026-09-09-2322-46905,-9.50466,29.4121,300.89,1.03,50,2026-09-09T23:22:00Z,N20,Routine Flare
firms-2026-09-09-2322-46906,-9.50858,29.41511,315.76,1.03,50,2026-09-09T23:22:00Z,N20,Routine Flare
firms-2026-09-09-2322-46907,-9.56573,29.74758,298.38,0.57,50,2026-09-09T23:22:00Z,N20,Routine Flare
firms-2026-09-09-2322-46908,-8.66775,24.38052,303.41,1.55,50,2026-09-09T23:22:00Z,N20,Routine Flare
firms-2026-09-09-2322-46909,-9.62071,30.02662,300.01,0.4,50,2026-09-09T23:22:00Z,N20,Routine Flare
firms-2026-09-09-2322-46910,-9.63244,30.10002,299.03,0.77,50,2026-09-09T23:22:00Z,N20,Routine Flare
firms-2026-09-09-2322-46911,-9.6363,30.10296,297.98,0.61,50,2026-09-09T23:22:00Z,N20,Routine Flare
firms-2026-09-09-2322-46912,-9.53139,29.40762,329.14,2.2,50,2026-09-09T23:22:00Z,N20,Routine Flare
firms-2026-09-09-2322-46913,-8.15185,21.40786,297.95,0.99,50,2026-09-09T23:22:00Z,N20,Routine Flare
firms-2026-09-09-2322-46914,-9.13734,27.00202,300.97,1.26,50,2026-09-09T23:22:00Z,N20,Routine Flare
firms-2026-09-09-2322-46915,-8.72199,24.53595,315.13,1.57,50,2026-09-09T23:22:00Z,N20,Routine Flare
firms-2026-09-09-2322-46916,-8.7263,24.53513,297.56,0.24,50,2026-09-09T23:22:00Z,N20,Routine Flare
firms-2026-09-09-2322-46917,-9.6578,30.08874,301.58,0.67,50,2026-09-09T23:22:00Z,N20,Routine Flare
firms-2026-09-09-2322-46918,-10.39126,34.91512,298.99,1.59,50,2026-09-09T23:22:00Z,N20,Routine Flare
firms-2026-09-09-2322-46919,-9.57837,29.57146,314.77,1.42,50,2026-09-09T23:22:00Z,N20,Routine Flare
firms-2026-09-09-2322-46920,-9.66056,30.08471,302.64,0.55,50,2026-09-09T23:22:00Z,N20,Routine Flare
firms-2026-09-09-2322-46921,-9.66111,30.08821,307.77,0.89,50,2026-09-09T23:22:00Z,N20,Routine Flare
firms-2026-09-09-2322-46922,-9.66167,30.0917,301.8,0.89,50,2026-09-09T23:22:00Z,N20,Routine Flare
firms-2026-09-09-2322-46923,-9.66387,30.08418,299.31,0.55,50,2026-09-09T23:22:00Z,N20,Routine Flare
firms-2026-09-09-2322-46924,-9.66443,30.08768,318,0.89,50,2026-09-09T23:22:00Z,N20,Routine Flare
firms-2026-09-09-2322-46925,-9.66498,30.09117,305.54,0.89,50,2026-09-09T23:22:00Z,N20,Routine Flare
firms-2026-09-09-2322-46926,-9.06143,26.39179,308.66,1.93,50,2026-09-09T23:22:00Z,N20,Routine Flare
firms-2026-09-09-2322-46927,-9.06373,26.40542,309.96,2.14,50,2026-09-09T23:22:00Z,N20,Routine Flare
firms-2026-09-09-2322-46928,-9.06533,26.41487,309.5,2.03,50,2026-09-09T23:22:00Z,N20,Routine Flare
firms-2026-09-09-2322-46929,-9.55814,29.40328,303.74,0.74,50,2026-09-09T23:22:00Z,N20,Routine Flare
firms-2026-09-09-2322-46930,-9.66774,30.08715,299.77,0.43,50,2026-09-09T23:22:00Z,N20,Routine Flare
firms-2026-09-09-2322-46931,-9.06678,26.40017,319.59,2.14,50,2026-09-09T23:22:00Z,N20,Routine Flare
firms-2026-09-09-2322-46932,-9.66937,30.07612,300.3,0.79,50,2026-09-09T23:22:00Z,N20,Routine Flare
firms-2026-09-09-2322-46933,-9.07059,26.39946,310.35,1.12,50,2026-09-09T23:22:00Z,N20,Routine Flare
firms-2026-09-09-2322-46934,-9.07521,26.40357,306.17,1.12,50,2026-09-09T23:22:00Z,N20,Routine Flare
firms-2026-09-09-2322-46935,-9.66764,30.02261,301.04,0.27,50,2026-09-09T23:22:00Z,N20,Routine Flare
firms-2026-09-09-2322-46936,-9.1103,26.51986,306.46,0.73,50,2026-09-09T23:22:00Z,N20,Routine Flare
firms-2026-09-09-2322-46937,-9.49037,28.83385,312.51,0.48,50,2026-09-09T23:22:00Z,N20,Routine Flare
firms-2026-09-09-2322-46938,-9.7009,30.14629,298.45,0.42,50,2026-09-09T23:22:00Z,N20,Routine Flare
firms-2026-09-09-2322-46939,-9.16193,26.76076,307.34,1.27,50,2026-09-09T23:22:00Z,N20,Routine Flare
firms-2026-09-09-2322-46940,-9.59901,29.44413,297.5,0.52,50,2026-09-09T23:22:00Z,N20,Routine Flare
firms-2026-09-09-2322-46941,-9.16263,26.75896,306.28,1.09,50,2026-09-09T23:22:00Z,N20,Routine Flare
firms-2026-09-09-2322-46942,-9.69833,29.91776,296.64,0.42,50,2026-09-09T23:22:00Z,N20,Routine Flare
firms-2026-09-09-2322-46943,-9.70164,29.91722,322.53,1.81,50,2026-09-09T23:22:00Z,N20,Routine Flare
firms-2026-09-09-2322-46944,-9.14336,26.55667,319.83,1.73,50,2026-09-09T23:22:00Z,N20,Routine Flare
firms-2026-09-09-2322-46945,-9.14636,26.55148,315.71,1.72,50,2026-09-09T23:22:00Z,N20,Routine Flare
firms-2026-09-09-2322-46946,-9.14716,26.55617,308.75,1.73,50,2026-09-09T23:22:00Z,N20,Routine Flare
firms-2026-09-09-2322-46947,-9.4022,28.06492,299.62,0.75,50,2026-09-09T23:22:00Z,N20,Routine Flare
firms-2026-09-09-2322-46948,-10.16826,32.69721,298.52,0.47,50,2026-09-09T23:22:00Z,N20,Routine Flare
firms-2026-09-09-2322-46949,-9.17869,26.44328,332.54,2.81,50,2026-09-09T23:22:00Z,N20,Routine Flare
firms-2026-09-09-2322-46950,-9.17951,26.44815,304.48,2.81,50,2026-09-09T23:22:00Z,N20,Routine Flare
firms-2026-09-09-2322-46951,-9.02591,25.51862,304.96,0.96,50,2026-09-09T23:22:00Z,N20,Routine Flare
firms-2026-09-09-2322-46952,-9.75608,29.78953,299.56,0.55,50,2026-09-09T23:22:00Z,N20,Routine Flare
firms-2026-09-09-2322-46953,-9.01395,25.25066,302.81,1.01,50,2026-09-09T23:22:00Z,N20,Routine Flare
firms-2026-09-09-2322-46954,-9.66275,29.11062,306.14,0.83,50,2026-09-09T23:22:00Z,N20,Routine Flare
firms-2026-09-09-2322-46955,-9.7297,29.52182,299,0.5,50,2026-09-09T23:22:00Z,N20,Routine Flare
firms-2026-09-09-2322-46956,-9.01489,25.23929,303.99,1.2,50,2026-09-09T23:22:00Z,N20,Routine Flare
firms-2026-09-09-2322-46957,-9.01677,25.24996,302.66,0.9,50,2026-09-09T23:22:00Z,N20,Routine Flare
firms-2026-09-09-2322-46958,-9.39762,27.43227,298.48,0.66,50,2026-09-09T23:22:00Z,N20,Routine Flare
firms-2026-09-09-2322-46959,-9.73037,29.44145,305.31,0.68,50,2026-09-09T23:22:00Z,N20,Routine Flare
firms-2026-09-09-2322-46960,-9.29572,26.76583,324.12,3.57,50,2026-09-09T23:22:00Z,N20,Routine Flare
firms-2026-09-09-2322-46961,-9.81765,29.91968,302.37,0.9,50,2026-09-09T23:22:00Z,N20,Routine Flare
firms-2026-09-09-2322-46962,-9.75751,29.52454,307.07,1.06,50,2026-09-09T23:22:00Z,N20,Routine Flare
firms-2026-09-09-2322-46963,-9.82153,29.92265,310.95,0.9,50,2026-09-09T23:22:00Z,N20,Routine Flare
firms-2026-09-09-2322-46964,-9.65369,28.8647,300.23,0.28,50,2026-09-09T23:22:00Z,N20,Routine Flare
firms-2026-09-09-2322-46965,-9.8254,29.92561,297.33,0.52,50,2026-09-09T23:22:00Z,N20,Routine Flare
firms-2026-09-09-2322-46966,-9.83427,29.93855,311.81,1.3,50,2026-09-09T23:22:00Z,N20,Routine Flare
firms-2026-09-09-2322-46967,-10.27636,32.76526,321.66,1.27,50,2026-09-09T23:22:00Z,N20,Routine Flare
firms-2026-09-09-2322-46968,-9.44792,27.53428,298.16,0.32,50,2026-09-09T23:22:00Z,N20,Routine Flare
firms-2026-09-09-2322-46969,-9.85251,29.94634,305.73,0.97,50,2026-09-09T23:22:00Z,N20,Routine Flare
firms-2026-09-09-2322-46970,-9.85307,29.94984,303.07,0.7,50,2026-09-09T23:22:00Z,N20,Routine Flare
firms-2026-09-09-2322-46971,-9.8547,29.93879,330.39,4.25,50,2026-09-09T23:22:00Z,N20,Routine Flare
firms-2026-09-09-2322-46972,-9.85582,29.9458,329.96,5.61,50,2026-09-09T23:22:00Z,N20,Routine Flare
firms-2026-09-09-2322-46973,-9.85526,29.9423,313.19,5.61,50,2026-09-09T23:22:00Z,N20,Routine Flare
firms-2026-09-09-2322-46974,-9.67836,28.78107,300.83,0.57,50,2026-09-09T23:22:00Z,N20,Routine Flare
firms-2026-09-09-2322-46975,-8.85536,23.8748,300.62,0.76,50,2026-09-09T23:22:00Z,N20,Routine Flare
firms-2026-09-09-2322-46976,-8.87504,23.88106,317.05,2.36,50,2026-09-09T23:22:00Z,N20,Routine Flare
firms-2026-09-09-2322-46977,-8.87584,23.88563,307.94,1.76,50,2026-09-09T23:22:00Z,N20,Routine Flare
firms-2026-09-09-2322-46978,-9.46164,27.35018,302.23,0.44,50,2026-09-09T23:22:00Z,N20,Routine Flare
firms-2026-09-09-2322-46979,-9.70351,28.80716,304.21,0.78,50,2026-09-09T23:22:00Z,N20,Routine Flare
firms-2026-09-09-2322-46980,-9.86652,29.77858,308.08,1.69,50,2026-09-09T23:22:00Z,N20,Routine Flare
firms-2026-09-09-2322-46981,-8.87229,23.88393,306.67,1.72,50,2026-09-09T23:22:00Z,N20,Routine Flare
firms-2026-09-09-2322-46982,-8.8768,23.88315,318.72,1.72,50,2026-09-09T23:22:00Z,N20,Routine Flare
firms-2026-09-09-2322-46983,-8.95329,24.0003,300.57,0.9,50,2026-09-09T23:22:00Z,N20,Routine Flare
firms-2026-09-09-2322-46984,-9.50452,27.17884,307.94,1.11,50,2026-09-09T23:22:00Z,N20,Routine Flare
firms-2026-09-09-2322-46985,-9.80157,28.93477,302.63,1.18,50,2026-09-09T23:22:00Z,N20,Routine Flare
firms-2026-09-09-2322-46986,-9.80554,28.93785,317.57,1.18,50,2026-09-09T23:22:00Z,N20,Routine Flare
firms-2026-09-09-2322-46987,-9.61308,27.74242,305.38,0.58,50,2026-09-09T23:22:00Z,N20,Routine Flare
firms-2026-09-09-2322-46988,-9.6166,27.74179,296.5,0.58,50,2026-09-09T23:22:00Z,N20,Routine Flare
firms-2026-09-09-2322-46989,-9.83041,29.02721,300.77,0.78,50,2026-09-09T23:22:00Z,N20,Routine Flare
firms-2026-09-09-2322-46990,-9.39784,26.31434,322.48,1.89,50,2026-09-09T23:22:00Z,N20,Routine Flare
firms-2026-09-09-2322-46991,-9.39701,26.30938,309.98,1.79,50,2026-09-09T23:22:00Z,N20,Routine Flare
firms-2026-09-09-2322-46992,-9.3987,26.31952,302.06,1.89,50,2026-09-09T23:22:00Z,N20,Routine Flare
firms-2026-09-09-2322-46993,-10.27429,31.55251,322.26,2.01,50,2026-09-09T23:22:00Z,N20,Routine Flare
firms-2026-09-09-2322-46994,-9.4404,26.40868,304.83,1.37,50,2026-09-09T23:22:00Z,N20,Routine Flare
firms-2026-09-09-2322-46995,-9.26368,25.27414,310.09,1.02,50,2026-09-09T23:22:00Z,N20,Routine Flare
firms-2026-09-09-2322-46996,-9.26585,25.26245,309.43,0.82,50,2026-09-09T23:22:00Z,N20,Routine Flare
firms-2026-09-09-2322-46997,-11.3419,38.83764,307.09,0.76,50,2026-09-09T23:22:00Z,N20,Routine Flare
firms-2026-09-09-2322-46998,-9.27105,25.0972,301.48,0.97,50,2026-09-09T23:22:00Z,N20,Routine Flare
firms-2026-09-09-2322-46999,-9.89539,28.75678,304.47,0.35,50,2026-09-09T23:22:00Z,N20,Routine Flare
firms-2026-09-09-2322-47000,-9.98994,29.25589,298.61,0.45,50,2026-09-09T23:22:00Z,N20,Routine Flare
firms-2026-09-09-2322-47001,-9.31268,25.03161,311.45,1.58,50,2026-09-09T23:22:00Z,N20,Routine Flare
firms-2026-09-09-2322-47002,-9.50484,26.13011,311.91,1.66,50,2026-09-09T23:22:00Z,N20,Routine Flare
firms-2026-09-09-2322-47003,-9.50571,26.13514,308.38,1.66,50,2026-09-09T23:22:00Z,N20,Routine Flare
firms-2026-09-09-2322-47004,-9.5087,26.12945,315.96,1.66,50,2026-09-09T23:22:00Z,N20,Routine Flare
firms-2026-09-09-2322-47005,-9.50956,26.13444,316.8,1.66,50,2026-09-09T23:22:00Z,N20,Routine Flare
firms-2026-09-09-2322-47006,-10.27709,30.76174,305.14,0.71,50,2026-09-09T23:22:00Z,N20,Routine Flare
firms-2026-09-09-2322-47007,-9.34683,25.15309,311.85,1.38,50,2026-09-09T23:22:00Z,N20,Routine Flare
firms-2026-09-09-2322-47008,-9.34963,25.1449,301.75,0.66,50,2026-09-09T23:22:00Z,N20,Routine Flare
firms-2026-09-09-2322-47009,-9.35029,25.14866,301.23,0.66,50,2026-09-09T23:22:00Z,N20,Routine Flare
firms-2026-09-09-2322-47010,-9.35095,25.15243,306.13,1.07,50,2026-09-09T23:22:00Z,N20,Routine Flare
firms-2026-09-09-2322-47011,-9.4802,25.84848,320.86,2.75,50,2026-09-09T23:22:00Z,N20,Routine Flare
firms-2026-09-09-2322-47012,-10.06458,29.34294,301.07,0.64,50,2026-09-09T23:22:00Z,N20,Routine Flare
firms-2026-09-09-2322-47013,-10.07691,29.35558,303.45,0.93,50,2026-09-09T23:22:00Z,N20,Routine Flare
firms-2026-09-09-2322-47014,-10.08358,29.35446,301.45,0.81,50,2026-09-09T23:22:00Z,N20,Routine Flare
firms-2026-09-09-2322-47015,-10.08692,29.3539,307.15,0.78,50,2026-09-09T23:22:00Z,N20,Routine Flare
firms-2026-09-09-2322-47016,-10.12215,29.53029,300.45,0.38,50,2026-09-09T23:22:00Z,N20,Routine Flare
firms-2026-09-09-2322-47017,-9.38011,25.05128,303.76,0.77,50,2026-09-09T23:22:00Z,N20,Routine Flare
firms-2026-09-09-2322-47018,-9.50339,25.77106,304.84,0.79,50,2026-09-09T23:22:00Z,N20,Routine Flare
firms-2026-09-09-2322-47019,-9.38425,25.05056,308.63,1.27,50,2026-09-09T23:22:00Z,N20,Routine Flare
firms-2026-09-09-2322-47020,-9.62102,26.32638,327.74,4.03,50,2026-09-09T23:22:00Z,N20,Routine Flare
firms-2026-09-09-2322-47021,-9.62023,26.32166,318.49,4.03,50,2026-09-09T23:22:00Z,N20,Routine Flare
firms-2026-09-09-2322-47022,-9.62482,26.32573,308.89,2.03,50,2026-09-09T23:22:00Z,N20,Routine Flare
firms-2026-09-09-2322-47023,-9.62373,26.32397,330.57,4.65,50,2026-09-09T23:22:00Z,N20,Routine Flare
firms-2026-09-09-2322-47024,-10.16803,29.35202,316.31,1.99,50,2026-09-09T23:22:00Z,N20,Routine Flare
firms-2026-09-09-2322-47025,-10.1598,29.27998,303.89,0.79,50,2026-09-09T23:22:00Z,N20,Routine Flare
firms-2026-09-09-2322-47026,-9.85607,27.39544,305.05,1.14,50,2026-09-09T23:22:00Z,N20,Routine Flare
firms-2026-09-09-2322-47027,-9.65551,26.18926,319.21,2.44,50,2026-09-09T23:22:00Z,N20,Routine Flare
firms-2026-09-09-2322-47028,-10.13082,29.03778,298.32,0.49,50,2026-09-09T23:22:00Z,N20,Routine Flare
firms-2026-09-09-2322-47029,-10.0162,28.27277,313.9,0.91,50,2026-09-09T23:22:00Z,N20,Routine Flare
firms-2026-09-09-2322-47030,-10.01683,28.27657,299.17,0.91,50,2026-09-09T23:22:00Z,N20,Routine Flare
firms-2026-09-09-2322-47031,-10.02496,28.28302,326.42,2.54,50,2026-09-09T23:22:00Z,N20,Routine Flare
firms-2026-09-09-2322-47032,-10.03653,28.28887,301.1,1.2,50,2026-09-09T23:22:00Z,N20,Routine Flare
firms-2026-09-09-2322-47033,-10.04403,28.29148,332.27,5.79,50,2026-09-09T23:22:00Z,N20,Routine Flare
firms-2026-09-09-2322-47034,-10.04747,28.29089,347.93,5.79,50,2026-09-09T23:22:00Z,N20,Routine Flare
firms-2026-09-09-2322-47035,-10.03348,28.1836,298.55,0.31,50,2026-09-09T23:22:00Z,N20,Routine Flare
firms-2026-09-09-2322-47036,-10.05091,28.2903,300.8,0.7,50,2026-09-09T23:22:00Z,N20,Routine Flare
firms-2026-09-09-2322-47037,-10.26066,29.58787,296.78,0.52,50,2026-09-09T23:22:00Z,N20,Routine Flare
firms-2026-09-09-2322-47038,-10.14228,28.74015,305.59,0.79,50,2026-09-09T23:22:00Z,N20,Routine Flare
firms-2026-09-09-2322-47039,-9.43596,24.50208,319.92,2.76,50,2026-09-09T23:22:00Z,N20,Routine Flare
firms-2026-09-09-2322-47040,-10.18427,28.86883,316.24,1.65,50,2026-09-09T23:22:00Z,N20,Routine Flare
firms-2026-09-09-2322-47041,-10.17866,28.81342,300.18,0.42,50,2026-09-09T23:22:00Z,N20,Routine Flare
firms-2026-09-09-2322-47042,-10.17927,28.81713,300.77,0.42,50,2026-09-09T23:22:00Z,N20,Routine Flare
firms-2026-09-09-2322-47043,-10.18765,28.86826,318.09,1.65,50,2026-09-09T23:22:00Z,N20,Routine Flare
firms-2026-09-09-2322-47044,-9.4467,24.51277,301.72,1,50,2026-09-09T23:22:00Z,N20,Routine Flare
firms-2026-09-09-2322-47045,-9.44811,24.49588,300.91,1.32,50,2026-09-09T23:22:00Z,N20,Routine Flare
firms-2026-09-09-2322-47046,-9.4567,24.54426,317.76,2.57,50,2026-09-09T23:22:00Z,N20,Routine Flare
firms-2026-09-09-2322-47047,-9.45595,24.5152,327.55,3.02,50,2026-09-09T23:22:00Z,N20,Routine Flare
firms-2026-09-09-2322-47048,-9.45667,24.51923,317.55,2.39,50,2026-09-09T23:22:00Z,N20,Routine Flare
firms-2026-09-09-2322-47049,-10.20293,28.87695,305.9,0.69,50,2026-09-09T23:22:00Z,N20,Routine Flare
firms-2026-09-09-2322-47050,-9.46951,24.54199,299.16,1.32,50,2026-09-09T23:22:00Z,N20,Routine Flare
firms-2026-09-09-2322-47051,-9.47801,24.54027,304.16,0.7,50,2026-09-09T23:22:00Z,N20,Routine Flare
firms-2026-09-09-2322-47052,-9.34575,23.74052,300.77,1.02,50,2026-09-09T23:22:00Z,N20,Routine Flare
firms-2026-09-09-2322-47053,-9.34737,23.74961,305.85,1.67,50,2026-09-09T23:22:00Z,N20,Routine Flare
firms-2026-09-09-2322-47054,-10.21546,28.82629,300.16,0.46,50,2026-09-09T23:22:00Z,N20,Routine Flare
firms-2026-09-09-2322-47055,-10.21843,28.84451,299.91,0.78,50,2026-09-09T23:22:00Z,N20,Routine Flare
firms-2026-09-09-2322-47056,-10.64093,31.48483,320.28,1.67,50,2026-09-09T23:22:00Z,N20,Routine Flare
firms-2026-09-09-2322-47057,-10.59882,31.21312,298.49,0.34,50,2026-09-09T23:22:00Z,N20,Routine Flare
firms-2026-09-09-2322-47058,-9.74693,25.9489,323.82,2.54,50,2026-09-09T23:22:00Z,N20,Routine Flare
firms-2026-09-09-2322-47059,-9.74612,25.94413,311.68,2.54,50,2026-09-09T23:22:00Z,N20,Routine Flare
firms-2026-09-09-2322-47060,-10.96238,33.53801,299.72,0.8,50,2026-09-09T23:22:00Z,N20,Routine Flare
firms-2026-09-09-2322-47061,-10.5702,30.94217,296.55,0.49,50,2026-09-09T23:22:00Z,N20,Routine Flare
firms-2026-09-09-2322-47062,-10.23632,28.8266,300.07,0.73,50,2026-09-09T23:22:00Z,N20,Routine Flare
firms-2026-09-09-2322-47063,-10.2381,28.83757,301.04,0.67,50,2026-09-09T23:22:00Z,N20,Routine Flare
firms-2026-09-09-2322-47064,-10.24029,28.8297,298.13,0.45,50,2026-09-09T23:22:00Z,N20,Routine Flare
firms-2026-09-09-2322-47065,-10.24207,28.84065,299.64,1.09,50,2026-09-09T23:22:00Z,N20,Routine Flare
firms-2026-09-09-2322-47066,-10.24367,28.82915,298.68,0.45,50,2026-09-09T23:22:00Z,N20,Routine Flare
firms-2026-09-09-2322-47067,-10.24426,28.83281,298.33,0.51,50,2026-09-09T23:22:00Z,N20,Routine Flare
firms-2026-09-09-2322-47068,-9.58751,24.79475,315.02,1.58,50,2026-09-09T23:22:00Z,N20,Routine Flare
firms-2026-09-09-2322-47069,-10.7143,31.71423,300.85,0.71,50,2026-09-09T23:22:00Z,N20,Routine Flare
firms-2026-09-09-2322-47070,-9.58822,24.79498,323.07,1.6,50,2026-09-09T23:22:00Z,N20,Routine Flare
firms-2026-09-09-2322-47071,-9.59242,24.7943,299.52,1.6,50,2026-09-09T23:22:00Z,N20,Routine Flare
firms-2026-09-09-2322-47072,-9.59312,24.79821,298.87,0.68,50,2026-09-09T23:22:00Z,N20,Routine Flare
firms-2026-09-09-2322-47073,-10.10688,27.74553,350.58,4.9,50,2026-09-09T23:22:00Z,N20,Routine Flare
firms-2026-09-09-2322-47074,-10.10755,27.74952,323.2,1.42,50,2026-09-09T23:22:00Z,N20,Routine Flare
firms-2026-09-09-2322-47075,-10.10822,27.75351,295.24,1.42,50,2026-09-09T23:22:00Z,N20,Routine Flare
firms-2026-09-09-2322-47076,-10.1124,27.75689,322.06,2.58,50,2026-09-09T23:22:00Z,N20,Routine Flare
firms-2026-09-09-2322-47077,-10.11039,27.74495,295.81,4.9,50,2026-09-09T23:22:00Z,N20,Routine Flare
firms-2026-09-09-2322-47078,-10.11106,27.74893,300.01,1.42,50,2026-09-09T23:22:00Z,N20,Routine Flare
firms-2026-09-09-2322-47079,-10.71896,31.53145,311.84,1.2,50,2026-09-09T23:22:00Z,N20,Routine Flare
firms-2026-09-09-2322-47080,-10.71951,31.53505,311.08,0.97,50,2026-09-09T23:22:00Z,N20,Routine Flare
firms-2026-09-09-2322-47081,-10.11524,27.75232,345.27,12,50,2026-09-09T23:22:00Z,N20,Routine Flare
firms-2026-09-09-2322-47082,-10.11591,27.7563,351.12,6.4,50,2026-09-09T23:22:00Z,N20,Routine Flare
firms-2026-09-09-2322-47083,-10.11657,27.76028,332.81,6.4,50,2026-09-09T23:22:00Z,N20,Routine Flare
firms-2026-09-09-2322-47084,-10.36947,29.25279,299.37,0.37,50,2026-09-09T23:22:00Z,N20,Routine Flare
firms-2026-09-09-2322-47085,-9.48239,23.95054,299.57,0.82,50,2026-09-09T23:22:00Z,N20,Routine Flare
firms-2026-09-09-2322-47086,-9.4344,23.60219,303.43,0.82,50,2026-09-09T23:22:00Z,N20,Routine Flare
firms-2026-09-09-2322-47087,-10.21546,28.16181,308.35,0.97,50,2026-09-09T23:22:00Z,N20,Routine Flare
firms-2026-09-09-2322-47088,-10.75753,31.55856,297.52,0.39,50,2026-09-09T23:22:00Z,N20,Routine Flare
firms-2026-09-09-2322-47089,-10.21891,28.16122,302.24,0.7,50,2026-09-09T23:22:00Z,N20,Routine Flare
firms-2026-09-09-2322-47090,-9.84419,25.85786,311.86,1.34,50,2026-09-09T23:22:00Z,N20,Routine Flare
firms-2026-09-09-2322-47091,-10.34148,28.84665,304.19,0.74,50,2026-09-09T23:22:00Z,N20,Routine Flare
firms-2026-09-09-2322-47092,-9.84808,25.85714,302.14,0.55,50,2026-09-09T23:22:00Z,N20,Routine Flare
firms-2026-09-09-2322-47093,-11.65153,37.51651,305.59,1.63,50,2026-09-09T23:22:00Z,N20,Routine Flare
firms-2026-09-09-2322-47094,-10.20245,27.77829,296.11,0.35,50,2026-09-09T23:22:00Z,N20,Routine Flare
firms-2026-09-09-2322-47095,-11.64742,37.51538,302.18,2.24,50,2026-09-09T23:22:00Z,N20,Routine Flare
firms-2026-09-09-2322-47096,-9.31781,22.60028,306.05,0.74,50,2026-09-09T23:22:00Z,N20,Routine Flare
firms-2026-09-09-2322-47097,-10.41735,28.81545,299.27,0.4,50,2026-09-09T23:22:00Z,N20,Routine Flare
firms-2026-09-09-2322-47098,-9.67077,24.40187,308.8,1.16,50,2026-09-09T23:22:00Z,N20,Routine Flare
firms-2026-09-09-2322-47099,-9.67434,24.39701,300.74,1.16,50,2026-09-09T23:22:00Z,N20,Routine Flare
firms-2026-09-09-2322-47100,-10.8351,31.40276,300.57,0.34,50,2026-09-09T23:22:00Z,N20,Routine Flare
firms-2026-09-09-2322-47101,-11.69371,37.31834,351.06,14.36,50,2026-09-09T23:22:00Z,N20,Routine Flare
firms-2026-09-09-2322-47102,-11.69437,37.32331,302.32,2.63,50,2026-09-09T23:22:00Z,N20,Routine Flare
firms-2026-09-09-2322-47103,-9.61117,23.83184,301.98,0.98,50,2026-09-09T23:22:00Z,N20,Routine Flare
firms-2026-09-09-2322-47104,-9.61196,23.8364,304.3,0.98,50,2026-09-09T23:22:00Z,N20,Routine Flare
firms-2026-09-09-2322-47105,-9.61642,23.83555,301.98,0.98,50,2026-09-09T23:22:00Z,N20,Routine Flare
firms-2026-09-09-2322-47106,-10.85746,31.32572,299.56,0.27,50,2026-09-09T23:22:00Z,N20,Routine Flare
firms-2026-09-09-2322-47107,-9.57316,23.48107,331.73,5.17,50,2026-09-09T23:22:00Z,N20,Routine Flare
firms-2026-09-09-2322-47108,-10.28002,27.58863,305.69,0.48,50,2026-09-09T23:22:00Z,N20,Routine Flare
firms-2026-09-09-2322-47109,-10.28021,27.59002,304.73,0.68,50,2026-09-09T23:22:00Z,N20,Routine Flare
firms-2026-09-09-2322-47110,-9.57275,23.47948,323.73,2.89,50,2026-09-09T23:22:00Z,N20,Routine Flare
firms-2026-09-09-2322-47111,-9.57361,23.48421,312.15,2.89,50,2026-09-09T23:22:00Z,N20,Routine Flare
firms-2026-09-09-2322-47112,-11.16235,33.08971,314.08,1.84,50,2026-09-09T23:22:00Z,N20,Routine Flare
firms-2026-09-09-2322-47113,-9.85393,24.97065,303.69,1.3,50,2026-09-09T23:22:00Z,N20,Routine Flare
firms-2026-09-09-2322-47114,-10.46449,28.37461,304.23,0.64,50,2026-09-09T23:22:00Z,N20,Routine Flare
firms-2026-09-09-2322-47115,-9.74292,24.01635,302.84,1.69,50,2026-09-09T23:22:00Z,N20,Routine Flare
firms-2026-09-09-2322-47116,-11.86489,37.57958,302.4,1.98,50,2026-09-09T23:22:00Z,N20,Routine Flare
firms-2026-09-09-2322-47117,-10.10446,25.99372,323.49,3.92,50,2026-09-09T23:22:00Z,N20,Routine Flare
firms-2026-09-09-2322-47118,-12.01647,38.26308,306.75,0.73,50,2026-09-09T23:22:00Z,N20,Routine Flare
firms-2026-09-09-2322-47119,-12.30153,40.47327,305.25,0.81,50,2026-09-09T23:22:00Z,N20,Routine Flare
firms-2026-09-09-2322-47120,-10.27009,26.5376,328.08,10.89,50,2026-09-09T23:22:00Z,N20,Routine Flare
firms-2026-09-09-2322-47121,-10.27085,26.54211,313.45,14.84,50,2026-09-09T23:22:00Z,N20,Routine Flare
firms-2026-09-09-2322-47122,-12.04307,38.27139,303.82,0.7,50,2026-09-09T23:22:00Z,N20,Routine Flare
firms-2026-09-09-2322-47123,-12.06163,38.25709,305.92,0.44,50,2026-09-09T23:22:00Z,N20,Routine Flare
firms-2026-09-09-2322-47124,-10.49583,27.71061,297.12,0.42,50,2026-09-09T23:22:00Z,N20,Routine Flare
firms-2026-09-09-2322-47125,-10.06394,25.11689,338.26,4.26,50,2026-09-09T23:22:00Z,N20,Routine Flare
firms-2026-09-09-2322-47126,-10.89371,30.15028,296.29,0.56,50,2026-09-09T23:22:00Z,N20,Routine Flare
firms-2026-09-09-2322-47127,-10.59724,28.26388,302.27,0.7,50,2026-09-09T23:22:00Z,N20,Routine Flare
firms-2026-09-09-2322-47128,-10.9705,30.59374,300.91,1.36,50,2026-09-09T23:22:00Z,N20,Routine Flare
firms-2026-09-09-2322-47129,-10.97106,30.59725,319.36,1.36,50,2026-09-09T23:22:00Z,N20,Routine Flare
firms-2026-09-09-2322-47130,-10.08229,25.05664,298.82,0.32,50,2026-09-09T23:22:00Z,N20,Routine Flare
firms-2026-09-09-2322-47131,-9.2969,20.38268,298.73,0.57,50,2026-09-09T23:22:00Z,N20,Routine Flare
firms-2026-09-09-2322-47132,-10.71183,28.40686,300.29,0.45,50,2026-09-09T23:22:00Z,N20,Routine Flare
firms-2026-09-09-2322-47133,-10.72692,28.43496,310.7,1.1,50,2026-09-09T23:22:00Z,N20,Routine Flare
firms-2026-09-09-2322-47134,-10.25673,25.40648,303.59,0.98,50,2026-09-09T23:22:00Z,N20,Routine Flare
firms-2026-09-09-2322-47135,-10.68258,27.8495,298.35,1.06,50,2026-09-09T23:22:00Z,N20,Routine Flare
firms-2026-09-09-2322-47136,-10.68539,27.84489,325.45,2.96,50,2026-09-09T23:22:00Z,N20,Routine Flare
firms-2026-09-09-2322-47137,-10.68604,27.84881,317.29,1.06,50,2026-09-09T23:22:00Z,N20,Routine Flare
firms-2026-09-09-2322-47138,-11.31668,31.50901,309.2,1.15,50,2026-09-09T23:22:00Z,N20,Routine Flare
firms-2026-09-09-2322-47139,-10.83191,28.39098,307.44,0.7,50,2026-09-09T23:22:00Z,N20,Routine Flare
firms-2026-09-09-2322-47140,-10.30711,25.14563,299.44,0.53,50,2026-09-09T23:22:00Z,N20,Routine Flare
firms-2026-09-09-2322-47141,-10.37192,25.46602,303.64,0.73,50,2026-09-09T23:22:00Z,N20,Routine Flare
firms-2026-09-09-2322-47142,-10.94882,28.80272,311.91,1.22,50,2026-09-09T23:22:00Z,N20,Routine Flare
firms-2026-09-09-2322-47143,-10.38767,25.46265,309,1.45,50,2026-09-09T23:22:00Z,N20,Routine Flare
firms-2026-09-09-2322-47144,-10.38741,25.41425,333.14,4.87,50,2026-09-09T23:22:00Z,N20,Routine Flare
firms-2026-09-09-2322-47145,-10.73364,27.352,308.52,1.06,50,2026-09-09T23:22:00Z,N20,Routine Flare
firms-2026-09-09-2322-47146,-10.8863,28.25113,329.69,3.21,50,2026-09-09T23:22:00Z,N20,Routine Flare
firms-2026-09-09-2322-47147,-10.88691,28.2549,315.31,1.67,50,2026-09-09T23:22:00Z,N20,Routine Flare
firms-2026-09-09-2322-47148,-10.80723,27.57636,304.84,0.9,50,2026-09-09T23:22:00Z,N20,Routine Flare
firms-2026-09-09-2322-47149,-10.81713,27.57064,301.29,0.66,50,2026-09-09T23:22:00Z,N20,Routine Flare
firms-2026-09-09-2322-47150,-10.82196,27.57804,310.79,1.47,50,2026-09-09T23:22:00Z,N20,Routine Flare
firms-2026-09-09-2322-47151,-10.81766,27.57232,302.29,0.86,50,2026-09-09T23:22:00Z,N20,Routine Flare
firms-2026-09-09-2322-47152,-10.82185,27.57571,305.19,0.74,50,2026-09-09T23:22:00Z,N20,Routine Flare
firms-2026-09-09-2322-47153,-10.82253,27.57971,299.32,0.74,50,2026-09-09T23:22:00Z,N20,Routine Flare
firms-2026-09-09-2322-47154,-10.43888,25.18225,310.65,1.02,50,2026-09-09T23:22:00Z,N20,Routine Flare
firms-2026-09-09-2322-47155,-10.43952,25.18589,306.66,1.02,50,2026-09-09T23:22:00Z,N20,Routine Flare
firms-2026-09-09-2322-47156,-10.96672,28.25034,297.25,0.28,50,2026-09-09T23:22:00Z,N20,Routine Flare
firms-2026-09-09-2322-47157,-10.4482,25.18803,320.13,1.58,50,2026-09-09T23:22:00Z,N20,Routine Flare
firms-2026-09-09-2322-47158,-10.44757,25.18443,305.29,1.1,50,2026-09-09T23:22:00Z,N20,Routine Flare
firms-2026-09-09-2322-47159,-12.09783,35.66568,337.01,5.34,50,2026-09-09T23:22:00Z,N20,Routine Flare
firms-2026-09-09-2322-47160,-10.34276,24.51733,299.66,0.74,50,2026-09-09T23:22:00Z,N20,Routine Flare
firms-2026-09-09-2322-47161,-12.10202,35.66498,295.34,0.57,50,2026-09-09T23:22:00Z,N20,Routine Flare
firms-2026-09-09-2322-47162,-10.46865,25.16236,320.71,1.71,50,2026-09-09T23:22:00Z,N20,Routine Flare
firms-2026-09-09-2322-47163,-9.56037,20.15765,299.74,0.3,50,2026-09-09T23:22:00Z,N20,Routine Flare
firms-2026-09-09-2322-47164,-10.46927,25.16592,314.15,1.71,50,2026-09-09T23:22:00Z,N20,Routine Flare
firms-2026-09-09-2322-47165,-10.47268,25.16164,310.68,1.1,50,2026-09-09T23:22:00Z,N20,Routine Flare
firms-2026-09-09-2322-47166,-10.92275,27.48549,299.66,0.55,50,2026-09-09T23:22:00Z,N20,Routine Flare
firms-2026-09-09-2322-47167,-12.51633,38.39842,300.83,0.35,50,2026-09-09T23:22:00Z,N20,Routine Flare
firms-2026-09-09-2322-47168,-12.54408,38.41319,301.21,0.78,50,2026-09-09T23:22:00Z,N20,Routine Flare
firms-2026-09-09-2322-47169,-10.98587,27.71066,299.51,0.59,50,2026-09-09T23:22:00Z,N20,Routine Flare
firms-2026-09-09-2322-47170,-10.79804,26.48927,305.61,0.77,50,2026-09-09T23:22:00Z,N20,Routine Flare
firms-2026-09-09-2322-47171,-10.80174,26.4886,307.29,1.21,50,2026-09-09T23:22:00Z,N20,Routine Flare
firms-2026-09-09-2322-47172,-10.77485,26.21737,300.57,0.7,50,2026-09-09T23:22:00Z,N20,Routine Flare
firms-2026-09-09-2322-47173,-12.5549,37.89752,300.11,0.95,50,2026-09-09T23:22:00Z,N20,Routine Flare
firms-2026-09-09-2322-47174,-12.55696,37.90187,300.94,1.26,50,2026-09-09T23:22:00Z,N20,Routine Flare
firms-2026-09-09-2322-47175,-12.63777,38.35028,306.83,0.77,50,2026-09-09T23:22:00Z,N20,Routine Flare
firms-2026-09-09-2322-47176,-12.63815,38.3533,302.31,0.73,50,2026-09-09T23:22:00Z,N20,Routine Flare
firms-2026-09-09-2322-47177,-12.64361,38.35562,306,0.73,50,2026-09-09T23:22:00Z,N20,Routine Flare
firms-2026-09-09-2322-47178,-10.85591,26.30459,297.18,0.31,50,2026-09-09T23:22:00Z,N20,Routine Flare
firms-2026-09-09-2322-47179,-12.66547,38.36481,300.17,0.45,50,2026-09-09T23:22:00Z,N20,Routine Flare
firms-2026-09-09-2322-47180,-12.66901,38.35165,302.22,0.39,50,2026-09-09T23:22:00Z,N20,Routine Flare
firms-2026-09-09-2322-47181,-12.6694,38.35478,301.89,0.5,50,2026-09-09T23:22:00Z,N20,Routine Flare
firms-2026-09-09-2322-47182,-12.66979,38.35787,301.32,0.5,50,2026-09-09T23:22:00Z,N20,Routine Flare
firms-2026-09-09-2322-47183,-11.06747,27.44093,301.28,0.47,50,2026-09-09T23:22:00Z,N20,Routine Flare
firms-2026-09-09-2322-47184,-11.22397,28.34229,301.08,0.58,50,2026-09-09T23:22:00Z,N20,Routine Flare
firms-2026-09-09-2322-47185,-11.22737,28.34171,333.5,3.68,50,2026-09-09T23:22:00Z,N20,Routine Flare
firms-2026-09-09-2322-47186,-11.22798,28.34544,317.82,1.11,50,2026-09-09T23:22:00Z,N20,Routine Flare
firms-2026-09-09-2322-47187,-11.23077,28.34114,336.55,3.68,50,2026-09-09T23:22:00Z,N20,Routine Flare
firms-2026-09-09-2322-47188,-11.23138,28.34485,313.23,1.11,50,2026-09-09T23:22:00Z,N20,Routine Flare
firms-2026-09-09-2322-47189,-11.23199,28.34857,299.86,1.11,50,2026-09-09T23:22:00Z,N20,Routine Flare
firms-2026-09-09-2322-47190,-11.2326,28.35228,305.2,0.77,50,2026-09-09T23:22:00Z,N20,Routine Flare
firms-2026-09-09-2322-47191,-11.23442,28.3634,303.06,0.74,50,2026-09-09T23:22:00Z,N20,Routine Flare
firms-2026-09-09-2322-47192,-11.23721,28.35911,300.24,0.46,50,2026-09-09T23:22:00Z,N20,Routine Flare
firms-2026-09-09-2322-47193,-11.2394,28.35111,301.58,0.75,50,2026-09-09T23:22:00Z,N20,Routine Flare
firms-2026-09-09-2322-47194,-10.93444,26.49546,300.35,0.61,50,2026-09-09T23:22:00Z,N20,Routine Flare
firms-2026-09-09-2322-47195,-11.24341,28.35424,303.65,0.69,50,2026-09-09T23:22:00Z,N20,Routine Flare
firms-2026-09-09-2322-47196,-11.92973,32.7352,298.21,0.5,50,2026-09-09T23:22:00Z,N20,Routine Flare
firms-2026-09-09-2322-47197,-10.7838,25.58682,303.38,1.14,50,2026-09-09T23:22:00Z,N20,Routine Flare
firms-2026-09-09-2322-47198,-11.16599,27.86118,299.97,0.85,50,2026-09-09T23:22:00Z,N20,Routine Flare
firms-2026-09-09-2322-47199,-11.10605,27.45495,299.57,0.41,50,2026-09-09T23:22:00Z,N20,Routine Flare
firms-2026-09-09-2322-47200,-10.64283,24.621,305.22,0.76,50,2026-09-09T23:22:00Z,N20,Routine Flare
firms-2026-09-09-2322-47201,-10.8297,25.69146,300.71,1.02,50,2026-09-09T23:22:00Z,N20,Routine Flare
firms-2026-09-09-2322-47202,-11.23487,28.08977,300.16,0.56,50,2026-09-09T23:22:00Z,N20,Routine Flare
firms-2026-09-09-2322-47203,-11.23514,28.07029,308.37,2.1,50,2026-09-09T23:22:00Z,N20,Routine Flare
firms-2026-09-09-2322-47204,-11.23794,28.06592,332.01,2.1,50,2026-09-09T23:22:00Z,N20,Routine Flare
firms-2026-09-09-2322-47205,-10.83095,25.69381,298.6,0.96,50,2026-09-09T23:22:00Z,N20,Routine Flare
firms-2026-09-09-2322-47206,-10.64416,24.62108,305.45,0.75,50,2026-09-09T23:22:00Z,N20,Routine Flare
firms-2026-09-09-2322-47207,-11.21649,27.91631,314.48,1.04,50,2026-09-09T23:22:00Z,N20,Routine Flare
firms-2026-09-09-2322-47208,-11.21994,27.91572,298.95,1.04,50,2026-09-09T23:22:00Z,N20,Routine Flare
firms-2026-09-09-2322-47209,-11.17024,27.46929,298.97,0.59,50,2026-09-09T23:22:00Z,N20,Routine Flare
firms-2026-09-09-2322-47210,-11.21274,27.70187,305.32,0.52,50,2026-09-09T23:22:00Z,N20,Routine Flare
firms-2026-09-09-2322-47211,-11.15431,27.33115,312.14,1.6,50,2026-09-09T23:22:00Z,N20,Routine Flare
firms-2026-09-09-2322-47212,-11.17593,27.46007,297.71,0.44,50,2026-09-09T23:22:00Z,N20,Routine Flare
firms-2026-09-09-2322-47213,-10.79892,25.16251,307.8,0.69,50,2026-09-09T23:22:00Z,N20,Routine Flare
firms-2026-09-09-2322-47214,-10.81276,25.07474,316.69,1.79,50,2026-09-09T23:22:00Z,N20,Routine Flare
firms-2026-09-09-2322-47215,-10.86016,25.35061,298.33,0.71,50,2026-09-09T23:22:00Z,N20,Routine Flare
firms-2026-09-09-2322-47216,-10.86411,25.3499,296.24,0.53,50,2026-09-09T23:22:00Z,N20,Routine Flare
firms-2026-09-09-2322-47217,-11.21418,27.42888,302.86,0.66,50,2026-09-09T23:22:00Z,N20,Routine Flare
firms-2026-09-09-2322-47218,-10.86719,25.12127,309.57,1.15,50,2026-09-09T23:22:00Z,N20,Routine Flare
firms-2026-09-09-2322-47219,-12.93996,38.99166,298.89,0.67,50,2026-09-09T23:22:00Z,N20,Routine Flare
firms-2026-09-09-2322-47220,-12.94528,38.99082,302.31,0.67,50,2026-09-09T23:22:00Z,N20,Routine Flare
firms-2026-09-09-2322-47221,-11.05585,26.1123,299.43,0.67,50,2026-09-09T23:22:00Z,N20,Routine Flare
firms-2026-09-09-2322-47222,-11.05665,26.11698,301.05,0.67,50,2026-09-09T23:22:00Z,N20,Routine Flare
firms-2026-09-09-2322-47223,-11.08125,26.26023,305.53,1,50,2026-09-09T23:22:00Z,N20,Routine Flare
firms-2026-09-09-2322-47224,-12.77629,37.47289,338.94,8.45,50,2026-09-09T23:22:00Z,N20,Routine Flare
firms-2026-09-09-2322-47225,-10.79215,24.52807,300.06,0.51,50,2026-09-09T23:22:00Z,N20,Routine Flare
firms-2026-09-09-2322-47226,-11.06635,26.10556,298.4,0.27,50,2026-09-09T23:22:00Z,N20,Routine Flare
firms-2026-09-09-2322-47227,-11.19178,26.84271,309.76,1.77,50,2026-09-09T23:22:00Z,N20,Routine Flare
firms-2026-09-09-2322-47228,-12.7859,37.47158,300.37,1.54,50,2026-09-09T23:22:00Z,N20,Routine Flare
firms-2026-09-09-2322-47229,-10.79633,24.52731,312.68,1.09,50,2026-09-09T23:22:00Z,N20,Routine Flare
firms-2026-09-09-2322-47230,-12.93019,38.43976,300.08,0.86,50,2026-09-09T23:22:00Z,N20,Routine Flare
firms-2026-09-09-2322-47231,-11.49298,28.35836,309.17,0.93,50,2026-09-09T23:22:00Z,N20,Routine Flare
firms-2026-09-09-2322-47232,-11.49319,28.35527,308.14,2.09,50,2026-09-09T23:22:00Z,N20,Routine Flare
firms-2026-09-09-2322-47233,-11.4938,28.35898,310.46,2.09,50,2026-09-09T23:22:00Z,N20,Routine Flare
firms-2026-09-09-2322-47234,-11.4972,28.3584,339.43,2.09,50,2026-09-09T23:22:00Z,N20,Routine Flare
firms-2026-09-09-2322-47235,-10.88613,24.68615,306.05,0.65,50,2026-09-09T23:22:00Z,N20,Routine Flare
firms-2026-09-09-2322-47236,-11.61211,28.86839,300.92,0.59,50,2026-09-09T23:22:00Z,N20,Routine Flare
firms-2026-09-09-2322-47237,-10.95826,24.99713,302.37,0.27,50,2026-09-09T23:22:00Z,N20,Routine Flare
firms-2026-09-09-2322-47238,-11.6137,28.85701,306.4,0.89,50,2026-09-09T23:22:00Z,N20,Routine Flare
firms-2026-09-09-2322-47239,-11.61546,28.86782,300.54,0.59,50,2026-09-09T23:22:00Z,N20,Routine Flare
firms-2026-09-09-2322-47240,-11.61704,28.85644,297.65,0.4,50,2026-09-09T23:22:00Z,N20,Routine Flare
firms-2026-09-09-2322-47241,-12.24916,32.86923,305.44,0.61,50,2026-09-09T23:22:00Z,N20,Routine Flare
firms-2026-09-09-2322-47242,-13.09685,39.13584,335.16,3.01,50,2026-09-09T23:22:00Z,N20,Routine Flare
firms-2026-09-09-2322-47243,-13.09727,39.13931,325.52,3.01,50,2026-09-09T23:22:00Z,N20,Routine Flare
firms-2026-09-09-2322-47244,-13.10253,39.13741,312.03,3.01,50,2026-09-09T23:22:00Z,N20,Routine Flare
firms-2026-09-09-2322-47245,-13.10297,39.14107,298.71,1.62,50,2026-09-09T23:22:00Z,N20,Routine Flare
firms-2026-09-09-2322-47246,-11.37022,27.10301,297.58,0.65,50,2026-09-09T23:22:00Z,N20,Routine Flare
firms-2026-09-09-2322-47247,-11.3709,27.10712,304.99,0.65,50,2026-09-09T23:22:00Z,N20,Routine Flare
firms-2026-09-09-2322-47248,-11.52902,27.99821,301.28,0.64,50,2026-09-09T23:22:00Z,N20,Routine Flare
firms-2026-09-09-2322-47249,-11.60185,28.24956,308.97,0.94,50,2026-09-09T23:22:00Z,N20,Routine Flare
firms-2026-09-09-2322-47250,-11.6108,28.28247,302.96,0.66,50,2026-09-09T23:22:00Z,N20,Routine Flare
firms-2026-09-09-2322-47251,-11.61911,28.31162,313.39,1.02,50,2026-09-09T23:22:00Z,N20,Routine Flare
firms-2026-09-09-2322-47252,-11.15864,25.49602,312.32,2.15,50,2026-09-09T23:22:00Z,N20,Routine Flare
firms-2026-09-09-2322-47253,-11.60991,28.08624,306.76,0.71,50,2026-09-09T23:22:00Z,N20,Routine Flare
firms-2026-09-09-2324-47254,-11.17595,25.40977,300.19,1.13,50,2026-09-09T23:24:00Z,N20,Routine Flare
firms-2026-09-09-2324-47255,-11.17988,25.40908,305.08,1.13,50,2026-09-09T23:24:00Z,N20,Routine Flare
firms-2026-09-09-2324-47256,-11.62982,28.03626,301.45,0.31,50,2026-09-09T23:24:00Z,N20,Routine Flare
firms-2026-09-09-2324-47257,-11.71073,28.53107,299.22,0.37,50,2026-09-09T23:24:00Z,N20,Routine Flare
firms-2026-09-09-2324-47258,-13.0042,37.20528,303.11,0.56,50,2026-09-09T23:24:00Z,N20,Routine Flare
firms-2026-09-09-2324-47259,-11.15992,25.17486,299.78,0.15,50,2026-09-09T23:24:00Z,N20,Routine Flare
firms-2026-09-09-2324-47260,-11.67955,28.12498,302.58,0.66,50,2026-09-09T23:24:00Z,N20,Routine Flare
firms-2026-09-09-2324-47261,-11.68359,28.12817,303.71,0.66,50,2026-09-09T23:24:00Z,N20,Routine Flare
firms-2026-09-09-2324-47262,-13.00522,37.20281,304.22,0.7,50,2026-09-09T23:24:00Z,N20,Routine Flare
firms-2026-09-09-2324-47263,-11.71492,28.25359,298.03,0.68,50,2026-09-09T23:24:00Z,N20,Routine Flare
firms-2026-09-09-2324-47264,-10.52469,21.49244,297.43,0.45,50,2026-09-09T23:24:00Z,N20,Routine Flare
firms-2026-09-09-2324-47265,-10.53041,21.49456,309.88,0.68,50,2026-09-09T23:24:00Z,N20,Routine Flare
firms-2026-09-09-2324-47266,-11.69245,27.99088,298.64,0.68,50,2026-09-09T23:24:00Z,N20,Routine Flare
firms-2026-09-09-2324-47267,-11.69868,27.98593,298.01,1.03,50,2026-09-09T23:24:00Z,N20,Routine Flare
firms-2026-09-09-2324-47268,-11.70554,27.98476,300.74,0.64,50,2026-09-09T23:24:00Z,N20,Routine Flare
firms-2026-09-09-2324-47269,-11.91945,29.29698,298.12,0.45,50,2026-09-09T23:24:00Z,N20,Routine Flare
firms-2026-09-09-2324-47270,-11.92001,29.30053,301.96,0.67,50,2026-09-09T23:24:00Z,N20,Routine Flare
firms-2026-09-09-2324-47271,-11.75556,28.13912,298.98,0.45,50,2026-09-09T23:24:00Z,N20,Routine Flare
firms-2026-09-09-2324-47272,-10.69664,21.99608,313.03,3.1,50,2026-09-09T23:24:00Z,N20,Routine Flare
firms-2026-09-09-2324-47273,-10.62842,21.53616,342.98,3.81,50,2026-09-09T23:24:00Z,N20,Routine Flare
firms-2026-09-09-2324-47274,-11.32883,25.47864,312.81,1.37,50,2026-09-09T23:24:00Z,N20,Routine Flare
firms-2026-09-09-2324-47275,-11.33275,25.47801,298.55,1.37,50,2026-09-09T23:24:00Z,N20,Routine Flare
firms-2026-09-09-2324-47276,-11.32856,25.47675,314.5,2.23,50,2026-09-09T23:24:00Z,N20,Routine Flare
firms-2026-09-09-2324-47277,-10.69692,21.99498,310.58,1.91,50,2026-09-09T23:24:00Z,N20,Routine Flare
firms-2026-09-09-2324-47278,-10.71908,22.08481,300.05,1.52,50,2026-09-09T23:24:00Z,N20,Routine Flare
firms-2026-09-09-2324-47279,-10.62528,21.53622,318.84,1.23,50,2026-09-09T23:24:00Z,N20,Routine Flare
firms-2026-09-09-2324-47280,-10.62978,21.532,297.08,1.23,50,2026-09-09T23:24:00Z,N20,Routine Flare
firms-2026-09-09-2324-47281,-10.63038,21.53519,319.31,1.23,50,2026-09-09T23:24:00Z,N20,Routine Flare
firms-2026-09-09-2324-47282,-10.63099,21.53836,299.22,2.61,50,2026-09-09T23:24:00Z,N20,Routine Flare
firms-2026-09-09-2324-47283,-12.75199,34.24644,307.84,1.48,50,2026-09-09T23:24:00Z,N20,Routine Flare
firms-2026-09-09-2324-47284,-12.42715,31.83545,298.3,0.74,50,2026-09-09T23:24:00Z,N20,Routine Flare
firms-2026-09-09-2324-47285,-12.00965,29.14005,302.3,0.63,50,2026-09-09T23:24:00Z,N20,Routine Flare
firms-2026-09-09-2324-47286,-12.43058,31.83493,303.83,0.69,50,2026-09-09T23:24:00Z,N20,Routine Flare
firms-2026-09-09-2324-47287,-11.91491,28.47052,318.85,3.57,50,2026-09-09T23:24:00Z,N20,Routine Flare
firms-2026-09-09-2324-47288,-11.91829,28.46996,334.37,3.57,50,2026-09-09T23:24:00Z,N20,Routine Flare
firms-2026-09-09-2324-47289,-12.00062,28.91415,303.05,0.56,50,2026-09-09T23:24:00Z,N20,Routine Flare
firms-2026-09-09-2324-47290,-11.82675,27.76018,305.2,0.75,50,2026-09-09T23:24:00Z,N20,Routine Flare
firms-2026-09-09-2324-47291,-11.82738,27.76403,296.08,0.3,50,2026-09-09T23:24:00Z,N20,Routine Flare
firms-2026-09-09-2324-47292,-11.66567,26.71503,300.11,0.6,50,2026-09-09T23:24:00Z,N20,Routine Flare
firms-2026-09-09-2324-47293,-13.50015,39.27162,305.84,1.25,50,2026-09-09T23:24:00Z,N20,Routine Flare
firms-2026-09-09-2324-47294,-11.76366,27.07321,296.72,0.46,50,2026-09-09T23:24:00Z,N20,Routine Flare
firms-2026-09-09-2324-47295,-12.02447,28.60228,298.5,0.38,50,2026-09-09T23:24:00Z,N20,Routine Flare
firms-2026-09-09-2324-47296,-12.02842,28.60536,300.44,1.01,50,2026-09-09T23:24:00Z,N20,Routine Flare
firms-2026-09-09-2324-47297,-12.61329,32.23376,307.95,1.07,50,2026-09-09T23:24:00Z,N20,Routine Flare
firms-2026-09-09-2324-47298,-12.65119,32.46302,307.16,0.81,50,2026-09-09T23:24:00Z,N20,Routine Flare
firms-2026-09-09-2324-47299,-12.65471,32.46247,304.59,0.92,50,2026-09-09T23:24:00Z,N20,Routine Flare
firms-2026-09-09-2324-47300,-13.34446,37.30905,302.04,0.91,50,2026-09-09T23:24:00Z,N20,Routine Flare
firms-2026-09-09-2324-47301,-11.80659,27.02334,299.29,0.41,50,2026-09-09T23:24:00Z,N20,Routine Flare
firms-2026-09-09-2324-47302,-12.6354,32.23837,313.28,0.8,50,2026-09-09T23:24:00Z,N20,Routine Flare
firms-2026-09-09-2324-47303,-11.81015,27.02273,300.35,0.41,50,2026-09-09T23:24:00Z,N20,Routine Flare
firms-2026-09-09-2324-47304,-12.63889,32.23784,298.93,0.8,50,2026-09-09T23:24:00Z,N20,Routine Flare
firms-2026-09-09-2324-47305,-11.81098,27.00563,332.06,3.42,50,2026-09-09T23:24:00Z,N20,Routine Flare
firms-2026-09-09-2324-47306,-11.80926,27.00375,327.28,2.39,50,2026-09-09T23:24:00Z,N20,Routine Flare
firms-2026-09-09-2324-47307,-11.80997,27.00788,303.02,0.91,50,2026-09-09T23:24:00Z,N20,Routine Flare
firms-2026-09-09-2324-47308,-11.81353,27.00726,298.24,0.91,50,2026-09-09T23:24:00Z,N20,Routine Flare
firms-2026-09-09-2324-47309,-13.34423,37.30896,301.91,1.51,50,2026-09-09T23:24:00Z,N20,Routine Flare
firms-2026-09-09-2324-47310,-12.15708,28.77055,299.28,0.7,50,2026-09-09T23:24:00Z,N20,Routine Flare
firms-2026-09-09-2324-47311,-12.20912,28.87994,326.37,2.29,50,2026-09-09T23:24:00Z,N20,Routine Flare
firms-2026-09-09-2324-47312,-13.73355,39.58311,299.27,0.88,50,2026-09-09T23:24:00Z,N20,Routine Flare
firms-2026-09-09-2324-47313,-13.73402,39.58698,307.12,0.88,50,2026-09-09T23:24:00Z,N20,Routine Flare
firms-2026-09-09-2324-47314,-12.21246,28.87938,297.23,0.67,50,2026-09-09T23:24:00Z,N20,Routine Flare
firms-2026-09-09-2324-47315,-12.21304,28.88297,302.63,0.67,50,2026-09-09T23:24:00Z,N20,Routine Flare
firms-2026-09-09-2324-47316,-13.67495,39.06028,295.87,1.62,50,2026-09-09T23:24:00Z,N20,Routine Flare
firms-2026-09-09-2324-47317,-13.73231,39.58722,311.76,1.58,50,2026-09-09T23:24:00Z,N20,Routine Flare
firms-2026-09-09-2324-47318,-12.20953,28.46706,300.3,0.76,50,2026-09-09T23:24:00Z,N20,Routine Flare
firms-2026-09-09-2324-47319,-11.30235,23.18247,305.62,0.79,50,2026-09-09T23:24:00Z,N20,Routine Flare
firms-2026-09-09-2324-47320,-12.0981,27.7279,296.52,0.49,50,2026-09-09T23:24:00Z,N20,Routine Flare
firms-2026-09-09-2324-47321,-13.07955,34.01991,297.17,0.51,50,2026-09-09T23:24:00Z,N20,Routine Flare
firms-2026-09-09-2324-47322,-13.08268,34.0144,306.72,1.64,50,2026-09-09T23:24:00Z,N20,Routine Flare
firms-2026-09-09-2324-47323,-12.33927,29.01228,295.77,0.52,50,2026-09-09T23:24:00Z,N20,Routine Flare
firms-2026-09-09-2324-47324,-12.3426,29.01173,304.77,0.53,50,2026-09-09T23:24:00Z,N20,Routine Flare
firms-2026-09-09-2324-47325,-12.02683,26.87416,323.09,2.77,50,2026-09-09T23:24:00Z,N20,Routine Flare
firms-2026-09-09-2324-47326,-11.17697,21.99658,297.26,0.83,50,2026-09-09T23:24:00Z,N20,Routine Flare
firms-2026-09-09-2324-47327,-12.00218,26.57792,314.59,1.51,50,2026-09-09T23:24:00Z,N20,Routine Flare
firms-2026-09-09-2324-47328,-12.15218,27.20574,296.46,0.76,50,2026-09-09T23:24:00Z,N20,Routine Flare
firms-2026-09-09-2324-47329,-12.30412,28.04071,300.95,0.69,50,2026-09-09T23:24:00Z,N20,Routine Flare
firms-2026-09-09-2324-47330,-12.30473,28.04447,299.15,0.84,50,2026-09-09T23:24:00Z,N20,Routine Flare
firms-2026-09-09-2324-47331,-12.07615,26.3959,328.71,37.98,50,2026-09-09T23:24:00Z,N20,Industrial Fire
firms-2026-09-09-2324-47332,-12.08346,26.39451,298.76,1.2,50,2026-09-09T23:24:00Z,N20,Routine Flare
firms-2026-09-09-2324-47333,-12.19857,26.83183,296.85,0.64,50,2026-09-09T23:24:00Z,N20,Routine Flare
firms-2026-09-09-2324-47334,-13.35332,34.20367,302.56,0.79,50,2026-09-09T23:24:00Z,N20,Routine Flare
firms-2026-09-09-2324-47335,-12.36791,27.496,296.29,0.61,50,2026-09-09T23:24:00Z,N20,Routine Flare
firms-2026-09-09-2324-47336,-13.56866,35.11695,312.19,1.36,50,2026-09-09T23:24:00Z,N20,Routine Flare
firms-2026-09-09-2324-47337,-12.62657,28.58859,300.72,0.67,50,2026-09-09T23:24:00Z,N20,Routine Flare
firms-2026-09-09-2324-47338,-14.17601,39.86216,300.56,0.98,50,2026-09-09T23:24:00Z,N20,Routine Flare
firms-2026-09-09-2324-47339,-12.21298,25.95007,338.11,5.59,50,2026-09-09T23:24:00Z,N20,Routine Flare
firms-2026-09-09-2324-47340,-13.17355,31.86947,302.5,0.7,50,2026-09-09T23:24:00Z,N20,Routine Flare
firms-2026-09-09-2324-47341,-12.21164,25.89774,297.9,0.74,50,2026-09-09T23:24:00Z,N20,Routine Flare
firms-2026-09-09-2324-47342,-11.81059,23.51398,300.95,0.65,50,2026-09-09T23:24:00Z,N20,Routine Flare
firms-2026-09-09-2324-47343,-12.33862,26.4605,308.22,1.01,50,2026-09-09T23:24:00Z,N20,Routine Flare
firms-2026-09-09-2324-47344,-13.06905,30.69108,313.38,1.06,50,2026-09-09T23:24:00Z,N20,Routine Flare
firms-2026-09-09-2324-47345,-12.65833,28.10114,306.78,1.79,50,2026-09-09T23:24:00Z,N20,Routine Flare
firms-2026-09-09-2324-47346,-12.4453,26.81824,296.79,0.77,50,2026-09-09T23:24:00Z,N20,Routine Flare
firms-2026-09-09-2324-47347,-13.04098,30.42075,307.9,0.85,50,2026-09-09T23:24:00Z,N20,Routine Flare
firms-2026-09-09-2324-47348,-13.47952,33.2774,295.08,0.2,50,2026-09-09T23:24:00Z,N20,Routine Flare
firms-2026-09-09-2324-47349,-12.31535,25.89112,318.32,2.19,50,2026-09-09T23:24:00Z,N20,Routine Flare
firms-2026-09-09-2324-47350,-14.13572,37.87313,297.28,0.41,50,2026-09-09T23:24:00Z,N20,Routine Flare
firms-2026-09-09-2324-47351,-13.53088,33.29271,296.47,0.69,50,2026-09-09T23:24:00Z,N20,Routine Flare
firms-2026-09-09-2324-47352,-12.51258,26.75914,299.72,0.8,50,2026-09-09T23:24:00Z,N20,Routine Flare
firms-2026-09-09-2324-47353,-12.51616,26.7585,298.98,0.73,50,2026-09-09T23:24:00Z,N20,Routine Flare
firms-2026-09-09-2324-47354,-12.50783,26.66481,298.28,0.92,50,2026-09-09T23:24:00Z,N20,Routine Flare
firms-2026-09-09-2324-47355,-12.27101,25.24632,299.63,0.33,50,2026-09-09T23:24:00Z,N20,Routine Flare
firms-2026-09-09-2324-47356,-13.29765,31.5073,305.63,0.51,50,2026-09-09T23:24:00Z,N20,Routine Flare
firms-2026-09-09-2324-47357,-12.2708,25.24395,298.29,0.61,50,2026-09-09T23:24:00Z,N20,Routine Flare
firms-2026-09-09-2324-47358,-12.63506,27.24966,296.33,0.27,50,2026-09-09T23:24:00Z,N20,Routine Flare
firms-2026-09-09-2324-47359,-12.74482,27.83993,300.04,0.94,50,2026-09-09T23:24:00Z,N20,Routine Flare
firms-2026-09-09-2324-47360,-12.5634,26.61251,313.14,1,50,2026-09-09T23:24:00Z,N20,Routine Flare
firms-2026-09-09-2324-47361,-11.45157,20.32994,300.77,0.72,50,2026-09-09T23:24:00Z,N20,Routine Flare
firms-2026-09-09-2324-47362,-11.16611,18.7565,301.08,2.26,50,2026-09-09T23:24:00Z,N20,Routine Flare
firms-2026-09-09-2324-47363,-11.16785,18.7654,307.15,2.33,50,2026-09-09T23:24:00Z,N20,Routine Flare
firms-2026-09-09-2324-47364,-12.55,26.26862,325.38,3.11,50,2026-09-09T23:24:00Z,N20,Routine Flare
firms-2026-09-09-2324-47365,-12.5757,26.35411,297.26,0.33,50,2026-09-09T23:24:00Z,N20,Routine Flare
firms-2026-09-09-2324-47366,-12.61955,26.6157,298.24,0.7,50,2026-09-09T23:24:00Z,N20,Routine Flare
firms-2026-09-09-2324-47367,-12.57573,26.35594,301.94,0.84,50,2026-09-09T23:24:00Z,N20,Routine Flare
firms-2026-09-09-2324-47368,-13.64258,33.0885,309.3,1.25,50,2026-09-09T23:24:00Z,N20,Routine Flare
firms-2026-09-09-2324-47369,-13.08473,29.34047,307.6,1.01,50,2026-09-09T23:24:00Z,N20,Routine Flare
firms-2026-09-09-2324-47370,-11.16826,18.76351,299.1,2.31,50,2026-09-09T23:24:00Z,N20,Routine Flare
firms-2026-09-09-2324-47371,-11.16914,18.76788,304.09,1.89,50,2026-09-09T23:24:00Z,N20,Routine Flare
firms-2026-09-09-2324-47372,-13.18804,29.88472,313.05,0.92,50,2026-09-09T23:24:00Z,N20,Routine Flare
firms-2026-09-09-2324-47373,-12.96657,28.48317,308.88,1.02,50,2026-09-09T23:24:00Z,N20,Routine Flare
firms-2026-09-09-2324-47374,-12.96716,28.48681,316.51,1.44,50,2026-09-09T23:24:00Z,N20,Routine Flare
firms-2026-09-09-2324-47375,-13.83249,34.20017,297.44,0.73,50,2026-09-09T23:24:00Z,N20,Routine Flare
firms-2026-09-09-2324-47376,-11.24812,18.84955,297.47,0.3,50,2026-09-09T23:24:00Z,N20,Routine Flare
firms-2026-09-09-2324-47377,-11.25409,18.84817,304.21,0.7,50,2026-09-09T23:24:00Z,N20,Routine Flare
firms-2026-09-09-2324-47378,-11.27481,18.85833,297.52,1.13,50,2026-09-09T23:24:00Z,N20,Routine Flare
firms-2026-09-09-2324-47379,-12.68216,26.56236,298.61,0.53,50,2026-09-09T23:24:00Z,N20,Routine Flare
firms-2026-09-09-2324-47380,-12.69077,26.61327,300.19,0.63,50,2026-09-09T23:24:00Z,N20,Routine Flare
firms-2026-09-09-2324-47381,-12.69149,26.6175,301.59,0.63,50,2026-09-09T23:24:00Z,N20,Routine Flare
firms-2026-09-09-2324-47382,-12.72196,26.77619,301.86,0.7,50,2026-09-09T23:24:00Z,N20,Routine Flare
firms-2026-09-09-2324-47383,-12.69442,26.569,299.93,0.54,50,2026-09-09T23:24:00Z,N20,Routine Flare
firms-2026-09-09-2324-47384,-12.79212,27.10806,301.05,0.6,50,2026-09-09T23:24:00Z,N20,Routine Flare
firms-2026-09-09-2324-47385,-11.65251,20.57015,296.4,0.32,50,2026-09-09T23:24:00Z,N20,Routine Flare
firms-2026-09-09-2324-47386,-12.97339,27.71529,324.52,1.82,50,2026-09-09T23:24:00Z,N20,Routine Flare
firms-2026-09-09-2324-47387,-14.48267,38.00243,298.84,0.78,50,2026-09-09T23:24:00Z,N20,Routine Flare
firms-2026-09-09-2324-47388,-13.25666,29.03583,296.45,0.2,50,2026-09-09T23:24:00Z,N20,Routine Flare
firms-2026-09-09-2324-47389,-12.19771,22.94085,327.27,4.12,50,2026-09-09T23:24:00Z,N20,Routine Flare
firms-2026-09-09-2324-47390,-13.2033,28.68513,327.63,2.64,50,2026-09-09T23:24:00Z,N20,Routine Flare
firms-2026-09-09-2324-47391,-11.11246,17.13834,302.12,0.81,50,2026-09-09T23:24:00Z,N20,Routine Flare
firms-2026-09-09-2324-47392,-13.03782,27.44877,297.49,0.44,50,2026-09-09T23:24:00Z,N20,Routine Flare
firms-2026-09-09-2324-47393,-12.83861,26.1362,298.16,0.24,50,2026-09-09T23:24:00Z,N20,Routine Flare
firms-2026-09-09-2324-47394,-12.86908,26.27118,297.51,0.44,50,2026-09-09T23:24:00Z,N20,Routine Flare
firms-2026-09-09-2324-47395,-13.06054,27.39272,300.15,0.64,50,2026-09-09T23:24:00Z,N20,Routine Flare
firms-2026-09-09-2324-47396,-12.36513,23.30076,301.44,1.16,50,2026-09-09T23:24:00Z,N20,Routine Flare
firms-2026-09-09-2324-47397,-13.16602,27.96981,299.29,0.5,50,2026-09-09T23:24:00Z,N20,Routine Flare
firms-2026-09-09-2324-47398,-13.0556,27.27649,296.73,0.33,50,2026-09-09T23:24:00Z,N20,Routine Flare
firms-2026-09-09-2324-47399,-12.36381,23.29783,299.42,0.77,50,2026-09-09T23:24:00Z,N20,Routine Flare
firms-2026-09-09-2324-47400,-12.3666,23.28828,338.98,6.89,50,2026-09-09T23:24:00Z,N20,Routine Flare
firms-2026-09-09-2324-47401,-12.36744,23.2928,341.58,6.89,50,2026-09-09T23:24:00Z,N20,Routine Flare
firms-2026-09-09-2324-47402,-12.36827,23.29724,345.68,7.5,50,2026-09-09T23:24:00Z,N20,Routine Flare
firms-2026-09-09-2324-47403,-12.36907,23.30157,340.46,7.5,50,2026-09-09T23:24:00Z,N20,Routine Flare
firms-2026-09-09-2324-47404,-12.3699,23.30604,316.27,2.65,50,2026-09-09T23:24:00Z,N20,Routine Flare
firms-2026-09-09-2324-47405,-12.37603,23.31451,299.83,0.87,50,2026-09-09T23:24:00Z,N20,Routine Flare
firms-2026-09-09-2324-47406,-13.19386,27.96512,316.47,1.31,50,2026-09-09T23:24:00Z,N20,Routine Flare
firms-2026-09-09-2324-47407,-13.71057,31.2293,297.07,0.74,50,2026-09-09T23:24:00Z,N20,Routine Flare
firms-2026-09-09-2324-47408,-13.19849,27.972,302.03,0.74,50,2026-09-09T23:24:00Z,N20,Routine Flare
firms-2026-09-09-2324-47409,-12.70573,25.08301,300.34,0.85,50,2026-09-09T23:24:00Z,N20,Routine Flare
firms-2026-09-09-2324-47410,-12.35309,23.0663,339.25,5.68,50,2026-09-09T23:24:00Z,N20,Routine Flare
firms-2026-09-09-2324-47411,-12.35394,23.07089,324.71,5.68,50,2026-09-09T23:24:00Z,N20,Routine Flare
firms-2026-09-09-2324-47412,-11.25589,17.31397,299.96,1.98,50,2026-09-09T23:24:00Z,N20,Routine Flare
firms-2026-09-09-2324-47413,-11.25817,17.32512,297.06,1.8,50,2026-09-09T23:24:00Z,N20,Routine Flare
firms-2026-09-09-2324-47414,-14.61957,37.62939,299.67,1.12,50,2026-09-09T23:24:00Z,N20,Routine Flare
firms-2026-09-09-2324-47415,-12.88609,25.82193,301.7,0.95,50,2026-09-09T23:24:00Z,N20,Routine Flare
firms-2026-09-09-2324-47416,-13.34053,28.54321,303.35,0.74,50,2026-09-09T23:24:00Z,N20,Routine Flare
firms-2026-09-09-2324-47417,-13.41718,28.97594,298.62,0.35,50,2026-09-09T23:24:00Z,N20,Routine Flare
firms-2026-09-09-2324-47418,-12.79439,25.17563,302.02,0.81,50,2026-09-09T23:24:00Z,N20,Routine Flare
firms-2026-09-09-2324-47419,-12.79741,25.16988,307.22,1.31,50,2026-09-09T23:24:00Z,N20,Routine Flare
firms-2026-09-09-2324-47420,-12.80129,25.16913,310.5,1.31,50,2026-09-09T23:24:00Z,N20,Routine Flare
firms-2026-09-09-2324-47421,-12.79446,25.17364,306.85,1.32,50,2026-09-09T23:24:00Z,N20,Routine Flare
firms-2026-09-09-2324-47422,-12.79834,25.1729,304.39,1.32,50,2026-09-09T23:24:00Z,N20,Routine Flare
firms-2026-09-09-2324-47423,-12.80132,25.16716,301.97,0.7,50,2026-09-09T23:24:00Z,N20,Routine Flare
firms-2026-09-09-2324-47424,-12.80222,25.17215,299.47,0.7,50,2026-09-09T23:24:00Z,N20,Routine Flare
firms-2026-09-09-2324-47425,-13.92998,31.83241,301.31,0.43,50,2026-09-09T23:24:00Z,N20,Routine Flare
firms-2026-09-09-2324-47426,-13.78569,30.78276,295.8,0.42,50,2026-09-09T23:24:00Z,N20,Routine Flare
firms-2026-09-09-2324-47427,-13.78961,30.78586,325.13,2.12,50,2026-09-09T23:24:00Z,N20,Routine Flare
firms-2026-09-09-2324-47428,-13.79016,30.78949,298.46,0.9,50,2026-09-09T23:24:00Z,N20,Routine Flare
firms-2026-09-09-2324-47429,-12.10012,20.61585,295.17,0.29,50,2026-09-09T23:24:00Z,N20,Routine Flare
firms-2026-09-09-2324-47430,-12.10077,20.61918,295.26,0.29,50,2026-09-09T23:24:00Z,N20,Routine Flare
firms-2026-09-09-2324-47431,-11.46386,17.41282,297.4,2.55,50,2026-09-09T23:24:00Z,N20,Routine Flare
firms-2026-09-09-2324-47432,-11.40396,16.98894,309.71,2.18,50,2026-09-09T23:24:00Z,N20,Routine Flare
firms-2026-09-09-2324-47433,-13.70397,29.5389,295.15,0.48,50,2026-09-09T23:24:00Z,N20,Routine Flare
firms-2026-09-09-2324-47434,-13.70453,29.54244,298.19,0.47,50,2026-09-09T23:24:00Z,N20,Routine Flare
firms-2026-09-09-2324-47435,-14.60763,35.73784,309.76,1.08,50,2026-09-09T23:24:00Z,N20,Routine Flare
firms-2026-09-09-2324-47436,-13.65118,29.10071,296.65,0.41,50,2026-09-09T23:24:00Z,N20,Routine Flare
firms-2026-09-09-2324-47437,-12.08954,20.0967,296.78,0.6,50,2026-09-09T23:24:00Z,N20,Routine Flare
firms-2026-09-09-2324-47438,-14.87633,37.52822,312.47,1.89,50,2026-09-09T23:24:00Z,N20,Routine Flare
firms-2026-09-09-2324-47439,-14.87694,37.52715,313.47,2.4,50,2026-09-09T23:24:00Z,N20,Routine Flare
firms-2026-09-09-2324-47440,-13.38343,27.14898,297.79,0.6,50,2026-09-09T23:24:00Z,N20,Routine Flare
firms-2026-09-09-2324-47441,-12.0897,20.09741,296.35,1.2,50,2026-09-09T23:24:00Z,N20,Routine Flare
firms-2026-09-09-2324-47442,-12.28631,21.04497,298.37,1,50,2026-09-09T23:24:00Z,N20,Routine Flare
firms-2026-09-09-2324-47443,-12.28691,21.0481,314.93,1.39,50,2026-09-09T23:24:00Z,N20,Routine Flare
firms-2026-09-09-2324-47444,-13.30064,26.46946,311.29,1.31,50,2026-09-09T23:24:00Z,N20,Routine Flare
firms-2026-09-09-2324-47445,-11.59439,17.36005,312.58,2.81,50,2026-09-09T23:24:00Z,N20,Routine Flare
firms-2026-09-09-2324-47446,-11.57084,17.21169,299.13,1.36,50,2026-09-09T23:24:00Z,N20,Routine Flare
firms-2026-09-09-2324-47447,-13.50972,27.6486,316.8,1.64,50,2026-09-09T23:24:00Z,N20,Routine Flare
firms-2026-09-09-2324-47448,-14.1508,31.50532,314.5,1.45,50,2026-09-09T23:24:00Z,N20,Routine Flare
firms-2026-09-09-2324-47449,-14.71564,35.39136,316.25,1.87,50,2026-09-09T23:24:00Z,N20,Routine Flare
firms-2026-09-09-2324-47450,-13.6755,28.12018,301.16,0.63,50,2026-09-09T23:24:00Z,N20,Routine Flare
firms-2026-09-09-2324-47451,-13.67532,28.05584,314.72,1.54,50,2026-09-09T23:24:00Z,N20,Routine Flare
firms-2026-09-09-2324-47452,-12.3391,20.56117,297.16,0.53,50,2026-09-09T23:24:00Z,N20,Routine Flare
firms-2026-09-09-2324-47453,-13.90235,29.41947,340.49,3.37,50,2026-09-09T23:24:00Z,N20,Routine Flare
firms-2026-09-09-2324-47454,-13.3655,26.16827,308.27,1.15,50,2026-09-09T23:24:00Z,N20,Routine Flare
firms-2026-09-09-2324-47455,-13.90566,29.41892,309.27,3.37,50,2026-09-09T23:24:00Z,N20,Routine Flare
firms-2026-09-09-2324-47456,-12.36008,20.58468,316.49,1.54,50,2026-09-09T23:24:00Z,N20,Routine Flare
firms-2026-09-09-2324-47457,-11.87641,18.05691,299.65,0.64,50,2026-09-09T23:24:00Z,N20,Routine Flare
firms-2026-09-09-2324-47458,-11.87749,18.06233,301.05,0.64,50,2026-09-09T23:24:00Z,N20,Routine Flare
firms-2026-09-09-2324-47459,-12.37004,20.57945,297.86,1,50,2026-09-09T23:24:00Z,N20,Routine Flare
firms-2026-09-09-2324-47460,-13.8788,29.14334,330.76,2.73,50,2026-09-09T23:24:00Z,N20,Routine Flare
firms-2026-09-09-2324-47461,-13.70335,27.99389,301.8,0.63,50,2026-09-09T23:24:00Z,N20,Routine Flare
firms-2026-09-09-2324-47462,-11.87557,18.06592,301.41,1.63,50,2026-09-09T23:24:00Z,N20,Routine Flare
firms-2026-09-09-2324-47463,-13.65642,27.39247,305.26,1.15,50,2026-09-09T23:24:00Z,N20,Routine Flare
firms-2026-09-09-2324-47464,-13.66051,27.39573,297.24,0.52,50,2026-09-09T23:24:00Z,N20,Routine Flare
firms-2026-09-09-2324-47465,-13.66396,27.39512,299.53,0.52,50,2026-09-09T23:24:00Z,N20,Routine Flare
firms-2026-09-09-2324-47466,-13.85948,28.16815,297.19,0.44,50,2026-09-09T23:24:00Z,N20,Routine Flare
firms-2026-09-09-2324-47467,-13.92554,28.38162,301.92,0.54,50,2026-09-09T23:24:00Z,N20,Routine Flare
firms-2026-09-09-2324-47468,-15.06259,36.11089,312.49,1.49,50,2026-09-09T23:24:00Z,N20,Routine Flare
firms-2026-09-09-2324-47469,-13.16815,23.83465,330.87,3.67,50,2026-09-09T23:24:00Z,N20,Routine Flare
firms-2026-09-09-2324-47470,-13.95308,28.40306,302.14,0.57,50,2026-09-09T23:24:00Z,N20,Routine Flare
firms-2026-09-09-2324-47471,-13.17306,23.8378,298.76,0.91,50,2026-09-09T23:24:00Z,N20,Routine Flare
firms-2026-09-09-2324-47472,-13.17378,23.84177,311.87,1.01,50,2026-09-09T23:24:00Z,N20,Routine Flare
firms-2026-09-09-2324-47473,-13.17869,23.84492,298.52,1.01,50,2026-09-09T23:24:00Z,N20,Routine Flare
firms-2026-09-09-2324-47474,-13.16375,23.66477,320.75,2.88,50,2026-09-09T23:24:00Z,N20,Routine Flare
firms-2026-09-09-2324-47475,-13.83661,27.56616,340.48,4.16,50,2026-09-09T23:24:00Z,N20,Routine Flare
firms-2026-09-09-2324-47476,-13.83724,27.56996,312.06,1.26,50,2026-09-09T23:24:00Z,N20,Routine Flare
firms-2026-09-09-2324-47477,-13.168,23.66401,302.68,1.46,50,2026-09-09T23:24:00Z,N20,Routine Flare
firms-2026-09-09-2324-47478,-13.10315,23.17798,308.45,1.38,50,2026-09-09T23:24:00Z,N20,Routine Flare
firms-2026-09-09-2324-47479,-14.33333,30.46585,300.09,1.22,50,2026-09-09T23:24:00Z,N20,Routine Flare
firms-2026-09-09-2324-47480,-14.33779,30.4726,304.08,0.7,50,2026-09-09T23:24:00Z,N20,Routine Flare
firms-2026-09-09-2324-47481,-13.82877,27.29182,301.03,0.66,50,2026-09-09T23:24:00Z,N20,Routine Flare
firms-2026-09-09-2324-47482,-13.10224,23.1756,299.96,1.07,50,2026-09-09T23:24:00Z,N20,Routine Flare
firms-2026-09-09-2324-47483,-12.68196,20.76616,299.24,0.69,50,2026-09-09T23:24:00Z,N20,Routine Flare
firms-2026-09-09-2324-47484,-12.68713,20.76503,296.12,0.78,50,2026-09-09T23:24:00Z,N20,Routine Flare
firms-2026-09-09-2324-47485,-12.69291,20.76703,298.62,0.43,50,2026-09-09T23:24:00Z,N20,Routine Flare
firms-2026-09-09-2324-47486,-12.71344,20.70557,295.77,0.28,50,2026-09-09T23:24:00Z,N20,Routine Flare
firms-2026-09-09-2324-47487,-12.71861,20.70435,300.79,0.72,50,2026-09-09T23:24:00Z,N20,Routine Flare
firms-2026-09-09-2324-47488,-14.04888,28.15477,298.11,0.32,50,2026-09-09T23:24:00Z,N20,Routine Flare
firms-2026-09-09-2259-47489,69.37263,88.11565,332,4.06,50,2026-09-09T22:59:00Z,N20,Routine Flare
firms-2026-09-09-2259-47490,69.36876,88.12469,295.92,3.16,50,2026-09-09T22:59:00Z,N20,Routine Flare
firms-2026-09-09-2259-47491,69.36826,88.11935,327.08,4.29,50,2026-09-09T22:59:00Z,N20,Routine Flare
firms-2026-09-09-2259-47492,69.37213,88.11016,302.26,2.67,50,2026-09-09T22:59:00Z,N20,Routine Flare
firms-2026-09-09-2259-47493,71.25676,72.06767,306.42,0.72,50,2026-09-09T22:59:00Z,N20,Routine Flare
firms-2026-09-09-2259-47494,67.55473,83.21525,297.95,1.64,50,2026-09-09T22:59:00Z,N20,Routine Flare
firms-2026-09-09-2259-47495,67.551,83.22474,300.66,1.28,50,2026-09-09T22:59:00Z,N20,Routine Flare
firms-2026-09-09-2259-47496,67.54725,83.23427,296.95,1.28,50,2026-09-09T22:59:00Z,N20,Routine Flare
firms-2026-09-09-2259-47497,67.55136,83.20619,333.25,2.7,50,2026-09-09T22:59:00Z,N20,Routine Flare
firms-2026-09-09-2259-47498,67.54763,83.21568,315.94,1.53,50,2026-09-09T22:59:00Z,N20,Routine Flare
firms-2026-09-09-2259-47499,67.54388,83.2252,300.06,1.53,50,2026-09-09T22:59:00Z,N20,Routine Flare
firms-2026-09-09-2259-47500,67.54796,83.19722,295.93,2.7,50,2026-09-09T22:59:00Z,N20,Routine Flare
firms-2026-09-09-2259-47501,67.54427,83.20662,299.79,1.53,50,2026-09-09T22:59:00Z,N20,Routine Flare
firms-2026-09-09-2259-47502,67.5405,83.21617,297.58,1.53,50,2026-09-09T22:59:00Z,N20,Routine Flare
firms-2026-09-09-2259-47503,67.55254,83.21935,299.79,1.29,50,2026-09-09T22:59:00Z,N20,Routine Flare
firms-2026-09-09-2259-47504,67.54883,83.22896,302.5,1.29,50,2026-09-09T22:59:00Z,N20,Routine Flare
firms-2026-09-09-2259-47505,67.54919,83.21027,348.25,2.7,50,2026-09-09T22:59:00Z,N20,Routine Flare
firms-2026-09-09-2259-47506,67.55286,83.20078,304.84,2.76,50,2026-09-09T22:59:00Z,N20,Routine Flare
firms-2026-09-09-2259-47507,67.54547,83.21986,307.07,2.7,50,2026-09-09T22:59:00Z,N20,Routine Flare
firms-2026-09-09-2259-47508,67.54581,83.20126,296.73,2.7,50,2026-09-09T22:59:00Z,N20,Routine Flare
firms-2026-09-09-2259-47509,67.54209,83.21082,298.25,2.7,50,2026-09-09T22:59:00Z,N20,Routine Flare
firms-2026-09-09-2259-47510,67.19653,81.99247,337.28,5.37,50,2026-09-09T22:59:00Z,N20,Routine Flare
firms-2026-09-09-2259-47511,67.85561,80.16537,298.3,0.37,50,2026-09-09T22:59:00Z,N20,Routine Flare
firms-2026-09-09-2301-47512,67.30473,79.08521,297.47,0.42,50,2026-09-09T23:01:00Z,N20,Routine Flare
firms-2026-09-09-2301-47513,66.71661,80.50036,297.34,1.62,50,2026-09-09T23:01:00Z,N20,Routine Flare
firms-2026-09-09-2301-47514,66.7339,80.41809,321.94,2.95,50,2026-09-09T23:01:00Z,N20,Routine Flare
firms-2026-09-09-2301-47515,66.70959,80.4486,352.4,15.85,50,2026-09-09T23:01:00Z,N20,Industrial Fire
firms-2026-09-09-2301-47516,66.66761,80.45578,336.83,7.08,50,2026-09-09T23:01:00Z,N20,Routine Flare
firms-2026-09-09-2301-47517,66.66058,80.45702,337.54,7.48,50,2026-09-09T23:01:00Z,N20,Routine Flare
firms-2026-09-09-2301-47518,66.67168,80.45843,301.73,2.75,50,2026-09-09T23:01:00Z,N20,Routine Flare
firms-2026-09-09-2301-47519,66.66818,80.45019,336.28,2.75,50,2026-09-09T23:01:00Z,N20,Routine Flare
firms-2026-09-09-2301-47520,66.66122,80.46918,336.11,8.78,50,2026-09-09T23:01:00Z,N20,Routine Flare
firms-2026-09-09-2301-47521,66.60168,80.41772,325.97,2.18,50,2026-09-09T23:01:00Z,N20,Routine Flare
firms-2026-09-09-2301-47522,66.87207,77.75984,338.7,17.26,50,2026-09-09T23:01:00Z,N20,Industrial Fire
firms-2026-09-09-2301-47523,66.86662,77.30324,335.33,5.42,50,2026-09-09T23:01:00Z,N20,Routine Flare
firms-2026-09-09-2301-47524,66.68382,77.31081,306.64,1.43,50,2026-09-09T23:01:00Z,N20,Routine Flare
firms-2026-09-09-2301-47525,67.01428,76.19172,328.68,2.35,50,2026-09-09T23:01:00Z,N20,Routine Flare
firms-2026-09-09-2301-47526,66.57965,77.36446,318.43,2.12,50,2026-09-09T23:01:00Z,N20,Routine Flare
firms-2026-09-09-2301-47527,67.28917,75.10938,322.06,2.59,50,2026-09-09T23:01:00Z,N20,Routine Flare
firms-2026-09-09-2301-47528,66.56293,77.1681,337.21,13.4,50,2026-09-09T23:01:00Z,N20,Routine Flare
firms-2026-09-09-2301-47529,66.33173,77.83063,299.32,0.71,50,2026-09-09T23:01:00Z,N20,Routine Flare
firms-2026-09-09-2301-47530,66.66009,76.84075,335.56,4.53,50,2026-09-09T23:01:00Z,N20,Routine Flare
firms-2026-09-09-2301-47531,66.96072,75.54455,298.67,43.5,50,2026-09-09T23:01:00Z,N20,Industrial Fire
firms-2026-09-09-2301-47532,66.95737,75.53779,345.96,43.5,50,2026-09-09T23:01:00Z,N20,Industrial Fire
firms-2026-09-09-2301-47533,66.95403,75.53103,297.12,1.05,50,2026-09-09T23:01:00Z,N20,Routine Flare
firms-2026-09-09-2301-47534,66.90842,75.6068,311.61,5.83,50,2026-09-09T23:01:00Z,N20,Routine Flare
firms-2026-09-09-2301-47535,66.90506,75.6,367,5.83,50,2026-09-09T23:01:00Z,N20,Industrial Fire
firms-2026-09-09-2301-47536,66.55257,76.69321,337.34,16.35,50,2026-09-09T23:01:00Z,N20,Industrial Fire
firms-2026-09-09-2301-47537,66.54981,76.70158,324.24,14.19,50,2026-09-09T23:01:00Z,N20,Routine Flare
firms-2026-09-09-2301-47538,67.80528,72.52968,302.97,1.26,50,2026-09-09T23:01:00Z,N20,Routine Flare
firms-2026-09-09-2301-47539,67.80492,72.51341,323.16,3.61,50,2026-09-09T23:01:00Z,N20,Routine Flare
firms-2026-09-09-2301-47540,67.01192,75.24003,320.98,2.88,50,2026-09-09T23:01:00Z,N20,Routine Flare
firms-2026-09-09-2301-47541,67.80501,72.52245,332.64,3.82,50,2026-09-09T23:01:00Z,N20,Routine Flare
firms-2026-09-09-2301-47542,66.90671,75.59672,336.39,5.04,50,2026-09-09T23:01:00Z,N20,Routine Flare
firms-2026-09-09-2301-47543,66.90425,75.60468,345.24,9.33,50,2026-09-09T23:01:00Z,N20,Routine Flare
firms-2026-09-09-2301-47544,67.01013,75.24247,321.21,2.43,50,2026-09-09T23:01:00Z,N20,Routine Flare
firms-2026-09-09-2301-47545,66.55139,76.69814,346.18,25.79,50,2026-09-09T23:01:00Z,N20,Industrial Fire
firms-2026-09-09-2301-47546,66.1917,77.68734,319.2,3.11,50,2026-09-09T23:01:00Z,N20,Routine Flare
firms-2026-09-09-2301-47547,66.44081,76.9115,302.12,1.05,50,2026-09-09T23:01:00Z,N20,Routine Flare
firms-2026-09-09-2301-47548,66.36681,76.97545,302.13,1.53,50,2026-09-09T23:01:00Z,N20,Routine Flare
firms-2026-09-09-2301-47549,66.31301,76.9952,330.42,2.7,50,2026-09-09T23:01:00Z,N20,Routine Flare
firms-2026-09-09-2301-47550,66.31339,77.0018,311.85,1.68,50,2026-09-09T23:01:00Z,N20,Routine Flare
firms-2026-09-09-2301-47551,66.30991,76.99458,310.58,1.92,50,2026-09-09T23:01:00Z,N20,Routine Flare
firms-2026-09-09-2301-47552,66.19885,77.23795,332,4.06,50,2026-09-09T23:01:00Z,N20,Routine Flare
firms-2026-09-09-2301-47553,66.31812,76.79324,337.42,9.07,50,2026-09-09T23:01:00Z,N20,Routine Flare
firms-2026-09-09-2301-47554,66.27824,76.75467,327.73,4.05,50,2026-09-09T23:01:00Z,N20,Routine Flare
firms-2026-09-09-2301-47555,66.2489,76.82477,339.42,16.48,50,2026-09-09T23:01:00Z,N20,Industrial Fire
firms-2026-09-09-2301-47556,66.24542,76.8176,338.55,16.48,50,2026-09-09T23:01:00Z,N20,Industrial Fire
firms-2026-09-09-2301-47557,66.16324,76.94942,337.14,16.08,50,2026-09-09T23:01:00Z,N20,Industrial Fire
firms-2026-09-09-2301-47558,66.16031,76.95818,320.35,16.08,50,2026-09-09T23:01:00Z,N20,Industrial Fire
firms-2026-09-09-2301-47559,66.05431,77.00797,336.59,4.68,50,2026-09-09T23:01:00Z,N20,Routine Flare
firms-2026-09-09-2301-47560,65.9726,76.90961,336.34,5.36,50,2026-09-09T23:01:00Z,N20,Routine Flare
firms-2026-09-09-2301-47561,65.9696,76.91842,309.63,5.36,50,2026-09-09T23:01:00Z,N20,Routine Flare
firms-2026-09-09-2301-47562,66.55956,74.87936,323.78,1.74,50,2026-09-09T23:01:00Z,N20,Routine Flare
firms-2026-09-09-2301-47563,65.85981,76.95779,346.18,8.15,50,2026-09-09T23:01:00Z,N20,Routine Flare
firms-2026-09-09-2301-47564,65.82666,76.86095,351.48,9.04,50,2026-09-09T23:01:00Z,N20,Routine Flare
firms-2026-09-09-2301-47565,65.08311,78.28101,295.1,1.19,50,2026-09-09T23:01:00Z,N20,Routine Flare
firms-2026-09-09-2301-47566,65.07951,78.29086,297.8,0.94,50,2026-09-09T23:01:00Z,N20,Routine Flare
firms-2026-09-09-2301-47567,65.30905,77.41871,296.52,1.13,50,2026-09-09T23:01:00Z,N20,Routine Flare
firms-2026-09-10-0028-47568,54.61162,160.30457,367,29.82,50,2026-09-10T00:28:00Z,N20,Industrial Fire
firms-2026-09-10-0028-47569,54.60981,160.30002,367,29.82,50,2026-09-10T00:28:00Z,N20,Industrial Fire
firms-2026-09-10-0048-47570,45.95167,25.28131,304.79,1.67,50,2026-09-10T00:48:00Z,N20,Routine Flare
firms-2026-09-10-0048-47571,45.47421,27.04072,298.05,0.46,50,2026-09-10T00:48:00Z,N20,Routine Flare
firms-2026-09-10-0048-47572,45.95462,22.86482,300.51,0.87,50,2026-09-10T00:48:00Z,N20,Routine Flare
firms-2026-09-10-0048-47573,45.85875,22.57626,314.64,2.26,50,2026-09-10T00:48:00Z,N20,Routine Flare
firms-2026-09-10-0048-47574,45.85635,22.56989,302.85,0.77,50,2026-09-10T00:48:00Z,N20,Routine Flare
firms-2026-09-10-0048-47575,45.85542,22.5749,306.63,0.87,50,2026-09-10T00:48:00Z,N20,Routine Flare
firms-2026-09-10-0048-47576,45.85448,22.58001,301.46,0.87,50,2026-09-10T00:48:00Z,N20,Routine Flare
firms-2026-09-10-0048-47577,45.123,25.42054,299.48,1.14,50,2026-09-10T00:48:00Z,N20,Routine Flare
firms-2026-09-10-0048-47578,45.3439,21.75831,328.92,3.34,50,2026-09-10T00:48:00Z,N20,Routine Flare
firms-2026-09-10-0048-47579,45.33638,21.76093,311.28,2.25,50,2026-09-10T00:48:00Z,N20,Routine Flare
firms-2026-09-10-0048-47580,44.84687,23.01034,299.16,0.62,50,2026-09-10T00:48:00Z,N20,Routine Flare
firms-2026-09-10-0048-47581,41.24429,36.46522,300.45,1.81,50,2026-09-10T00:48:00Z,N20,Routine Flare
firms-2026-09-10-0048-47582,44.89758,22.44553,310.37,2.1,50,2026-09-10T00:48:00Z,N20,Routine Flare
firms-2026-09-10-0048-47583,44.8942,22.4443,326.49,2.1,50,2026-09-10T00:48:00Z,N20,Routine Flare
firms-2026-09-10-0048-47584,41.2439,36.46465,303.42,2.73,50,2026-09-10T00:48:00Z,N20,Routine Flare
firms-2026-09-10-0048-47585,43.66054,27.57913,298.43,0.52,50,2026-09-10T00:48:00Z,N20,Routine Flare
firms-2026-09-10-0048-47586,44.42597,23.02603,303.37,0.53,50,2026-09-10T00:48:00Z,N20,Routine Flare
firms-2026-09-10-0048-47587,46.36905,1.39562,297.92,2.75,50,2026-09-10T00:48:00Z,N20,Routine Flare
firms-2026-09-10-0048-47588,46.36912,1.40457,312.74,3.07,50,2026-09-10T00:48:00Z,N20,Routine Flare
firms-2026-09-10-0048-47589,44.36922,22.97544,341.95,5.45,50,2026-09-10T00:48:00Z,N20,Routine Flare
firms-2026-09-10-0048-47590,44.37028,22.97001,314.04,1.64,50,2026-09-10T00:48:00Z,N20,Routine Flare
firms-2026-09-10-0048-47591,44.36576,22.97421,343.1,5.45,50,2026-09-10T00:48:00Z,N20,Routine Flare
firms-2026-09-10-0048-47592,44.36682,22.96878,299.87,1.64,50,2026-09-10T00:48:00Z,N20,Routine Flare
firms-2026-09-10-0048-47593,44.36948,22.97369,344.15,6.07,50,2026-09-10T00:48:00Z,N20,Routine Flare
firms-2026-09-10-0048-47594,44.36844,22.97912,307.61,2.34,50,2026-09-10T00:48:00Z,N20,Routine Flare
firms-2026-09-10-0048-47595,44.36602,22.97246,345.2,6.07,50,2026-09-10T00:48:00Z,N20,Routine Flare
firms-2026-09-10-0048-47596,44.36256,22.97123,324.22,2.56,50,2026-09-10T00:48:00Z,N20,Routine Flare
firms-2026-09-10-0048-47597,44.36049,22.98205,323.93,1.8,50,2026-09-10T00:48:00Z,N20,Routine Flare
firms-2026-09-10-0048-47598,44.36152,22.97665,310.92,1.8,50,2026-09-10T00:48:00Z,N20,Routine Flare
firms-2026-09-10-0048-47599,44.62907,21.45434,340.11,7.74,50,2026-09-10T00:48:00Z,N20,Routine Flare
firms-2026-09-10-0048-47600,46.36842,1.39665,304.3,2.08,50,2026-09-10T00:48:00Z,N20,Routine Flare
firms-2026-09-10-0048-47601,46.36844,1.4056,308.67,2.08,50,2026-09-10T00:48:00Z,N20,Routine Flare
firms-2026-09-10-0048-47602,43.79316,25.64681,296.3,0.89,50,2026-09-10T00:48:00Z,N20,Routine Flare
firms-2026-09-10-0048-47603,43.82021,25.21995,300.47,0.75,50,2026-09-10T00:48:00Z,N20,Routine Flare
firms-2026-09-10-0048-47604,43.81735,25.23306,296.49,0.63,50,2026-09-10T00:48:00Z,N20,Routine Flare
firms-2026-09-10-0048-47605,44.33236,22.70728,305.31,1.42,50,2026-09-10T00:48:00Z,N20,Routine Flare
firms-2026-09-10-0048-47606,44.33133,22.7126,317.78,1.68,50,2026-09-10T00:48:00Z,N20,Routine Flare
firms-2026-09-10-0048-47607,44.18193,22.87387,297.55,0.46,50,2026-09-10T00:48:00Z,N20,Routine Flare
firms-2026-09-10-0048-47608,44.18087,22.87926,297.83,0.49,50,2026-09-10T00:48:00Z,N20,Routine Flare
firms-2026-09-10-0048-47609,44.75317,18.98568,303,0.49,50,2026-09-10T00:48:00Z,N20,Routine Flare
firms-2026-09-10-0048-47610,43.80854,23.55796,332.13,3.35,50,2026-09-10T00:48:00Z,N20,Routine Flare
firms-2026-09-10-0048-47611,43.80738,23.56365,305.18,3.35,50,2026-09-10T00:48:00Z,N20,Routine Flare
firms-2026-09-10-0048-47612,43.80711,23.56191,331.87,4.28,50,2026-09-10T00:48:00Z,N20,Routine Flare
firms-2026-09-10-0048-47613,43.80825,23.5562,304.72,1.9,50,2026-09-10T00:48:00Z,N20,Routine Flare
firms-2026-09-10-0048-47614,44.07997,22.10363,301.94,0.55,50,2026-09-10T00:48:00Z,N20,Routine Flare
firms-2026-09-10-0048-47615,44.02972,21.20318,309.84,1.53,50,2026-09-10T00:48:00Z,N20,Routine Flare
firms-2026-09-10-0048-47616,44.02727,21.19715,302,0.82,50,2026-09-10T00:48:00Z,N20,Routine Flare
firms-2026-09-10-0048-47617,44.0264,21.20206,304.85,0.82,50,2026-09-10T00:48:00Z,N20,Routine Flare
firms-2026-09-10-0048-47618,44.02308,21.20093,305.9,0.82,50,2026-09-10T00:48:00Z,N20,Routine Flare
firms-2026-09-10-0048-47619,43.61399,23.32067,316.42,1.96,50,2026-09-10T00:48:00Z,N20,Routine Flare
firms-2026-09-10-0048-47620,43.65951,22.74657,327.85,3.41,50,2026-09-10T00:48:00Z,N20,Routine Flare
firms-2026-09-10-0048-47621,43.65606,22.74526,323.15,3.41,50,2026-09-10T00:48:00Z,N20,Routine Flare
firms-2026-09-10-0048-47622,41.19315,32.62091,295.76,0.81,50,2026-09-10T00:48:00Z,N20,Routine Flare
firms-2026-09-10-0048-47623,41.17752,32.63033,301.72,1.28,50,2026-09-10T00:48:00Z,N20,Routine Flare
firms-2026-09-10-0048-47624,40.59047,34.42234,300.52,2.6,50,2026-09-10T00:48:00Z,N20,Routine Flare
firms-2026-09-10-0048-47625,40.6102,34.1841,300.61,1.01,50,2026-09-10T00:48:00Z,N20,Routine Flare
firms-2026-09-10-0048-47626,40.60804,34.1689,308.47,1.57,50,2026-09-10T00:48:00Z,N20,Routine Flare
firms-2026-09-10-0048-47627,40.60385,34.18195,301.19,2.34,50,2026-09-10T00:48:00Z,N20,Routine Flare
firms-2026-09-10-0048-47628,40.60746,34.18495,311.04,2.25,50,2026-09-10T00:48:00Z,N20,Routine Flare
firms-2026-09-10-0048-47629,40.60518,34.16992,313.01,2.01,50,2026-09-10T00:48:00Z,N20,Routine Flare
firms-2026-09-10-0048-47630,43.28233,23.46734,298.61,0.3,50,2026-09-10T00:48:00Z,N20,Routine Flare
firms-2026-09-10-0048-47631,41.26551,31.42136,305.69,1.41,50,2026-09-10T00:48:00Z,N20,Routine Flare
firms-2026-09-10-0048-47632,41.26418,31.42599,302.43,1.18,50,2026-09-10T00:48:00Z,N20,Routine Flare
firms-2026-09-10-0048-47633,41.26286,31.43058,301.88,1.18,50,2026-09-10T00:48:00Z,N20,Routine Flare
firms-2026-09-10-0048-47634,40.15144,35.02333,303.54,2.48,50,2026-09-10T00:48:00Z,N20,Routine Flare
firms-2026-09-10-0048-47635,41.25631,31.41143,314.32,1.01,50,2026-09-10T00:48:00Z,N20,Routine Flare
firms-2026-09-10-0048-47636,41.25499,31.41605,298.18,1.01,50,2026-09-10T00:48:00Z,N20,Routine Flare
firms-2026-09-10-0048-47637,40.14526,35.0196,307.47,2.72,50,2026-09-10T00:48:00Z,N20,Routine Flare
firms-2026-09-10-0048-47638,40.14826,35.02057,305.23,3.96,50,2026-09-10T00:48:00Z,N20,Routine Flare
firms-2026-09-10-0048-47639,40.14616,35.02708,310.8,3.76,50,2026-09-10T00:48:00Z,N20,Routine Flare
firms-2026-09-10-0048-47640,43.21917,22.10203,316.76,1.39,50,2026-09-10T00:48:00Z,N20,Routine Flare
firms-2026-09-10-0048-47641,43.21821,22.10706,312.9,1.39,50,2026-09-10T00:48:00Z,N20,Routine Flare
firms-2026-09-10-0048-47642,43.21091,22.12617,325.08,1.35,50,2026-09-10T00:48:00Z,N20,Routine Flare
firms-2026-09-10-0048-47643,43.21485,22.10557,300.53,1.13,50,2026-09-10T00:48:00Z,N20,Routine Flare
firms-2026-09-10-0048-47644,43.21196,22.12075,307.38,1.35,50,2026-09-10T00:48:00Z,N20,Routine Flare
firms-2026-09-10-0048-47645,43.20761,22.12446,302.11,1.35,50,2026-09-10T00:48:00Z,N20,Routine Flare
firms-2026-09-10-0048-47646,43.19374,22.1587,299.98,0.68,50,2026-09-10T00:48:00Z,N20,Routine Flare
firms-2026-09-10-0048-47647,43.19198,22.16121,301.16,0.82,50,2026-09-10T00:48:00Z,N20,Routine Flare
firms-2026-09-10-0048-47648,43.18257,22.19177,303.13,1.39,50,2026-09-10T00:48:00Z,N20,Routine Flare
firms-2026-09-10-0048-47649,43.1709,22.21482,304.42,1.22,50,2026-09-10T00:48:00Z,N20,Routine Flare
firms-2026-09-10-0048-47650,43.13319,22.20165,329.6,3.1,50,2026-09-10T00:48:00Z,N20,Routine Flare
firms-2026-09-10-0048-47651,43.13226,22.20655,310.39,1.02,50,2026-09-10T00:48:00Z,N20,Routine Flare
firms-2026-09-10-0048-47652,43.12965,22.20104,307.72,1.38,50,2026-09-10T00:48:00Z,N20,Routine Flare
firms-2026-09-10-0048-47653,42.71642,24.16225,299.49,2.55,50,2026-09-10T00:48:00Z,N20,Routine Flare
firms-2026-09-10-0048-47654,42.71383,24.17451,310.25,1.21,50,2026-09-10T00:48:00Z,N20,Routine Flare
firms-2026-09-10-0048-47655,43.63348,18.36107,301.71,2.18,50,2026-09-10T00:48:00Z,N20,Routine Flare
firms-2026-09-10-0048-47656,43.63021,18.36015,330.74,2.18,50,2026-09-10T00:48:00Z,N20,Routine Flare
firms-2026-09-10-0048-47657,43.62949,18.36485,353.9,9.75,50,2026-09-10T00:48:00Z,N20,Routine Flare
firms-2026-09-10-0048-47658,43.62708,18.35672,332.26,3.65,50,2026-09-10T00:48:00Z,N20,Routine Flare
firms-2026-09-10-0048-47659,43.62563,18.36609,333.83,22.59,50,2026-09-10T00:48:00Z,N20,Industrial Fire
firms-2026-09-10-0048-47660,43.62635,18.3614,316.92,3.65,50,2026-09-10T00:48:00Z,N20,Routine Flare
firms-2026-09-10-0048-47661,44.42747,11.82534,300.12,0.71,50,2026-09-10T00:48:00Z,N20,Routine Flare
firms-2026-09-10-0048-47662,43.55631,18.7232,299.93,0.83,50,2026-09-10T00:48:00Z,N20,Routine Flare
firms-2026-09-10-0048-47663,43.55231,18.72691,311.68,1.18,50,2026-09-10T00:48:00Z,N20,Routine Flare
firms-2026-09-10-0048-47664,43.51958,18.76124,304.24,0.76,50,2026-09-10T00:48:00Z,N20,Routine Flare
firms-2026-09-10-0050-47665,43.51425,18.04601,336.09,4.24,50,2026-09-10T00:50:00Z,N20,Routine Flare
firms-2026-09-10-0050-47666,43.51282,18.05542,300.9,1.67,50,2026-09-10T00:50:00Z,N20,Routine Flare
firms-2026-09-10-0050-47667,43.51096,18.04513,301.03,1.77,50,2026-09-10T00:50:00Z,N20,Routine Flare
firms-2026-09-10-0050-47668,43.50883,18.05919,307.41,2.13,50,2026-09-10T00:50:00Z,N20,Routine Flare
firms-2026-09-10-0050-47669,43.49685,18.07059,298.24,0.65,50,2026-09-10T00:50:00Z,N20,Routine Flare
firms-2026-09-10-0050-47670,43.46727,18.17521,342.28,5.49,50,2026-09-10T00:50:00Z,N20,Routine Flare
firms-2026-09-10-0050-47671,43.46798,18.17056,301.98,0.37,50,2026-09-10T00:50:00Z,N20,Routine Flare
firms-2026-09-10-0050-47672,43.47862,18.05571,301.81,1.46,50,2026-09-10T00:50:00Z,N20,Routine Flare
firms-2026-09-10-0050-47673,43.15871,19.95736,306.03,0.91,50,2026-09-10T00:50:00Z,N20,Routine Flare
firms-2026-09-10-0050-47674,43.44149,18.18773,301.69,0.78,50,2026-09-10T00:50:00Z,N20,Routine Flare
firms-2026-09-10-0050-47675,43.25022,19.30733,299.07,1.65,50,2026-09-10T00:50:00Z,N20,Routine Flare
firms-2026-09-10-0050-47676,43.24945,19.31203,296.8,1.65,50,2026-09-10T00:50:00Z,N20,Routine Flare
firms-2026-09-10-0050-47677,43.24696,19.30631,343.38,1.65,50,2026-09-10T00:50:00Z,N20,Routine Flare
firms-2026-09-10-0050-47678,43.43765,18.10041,300.39,1.33,50,2026-09-10T00:50:00Z,N20,Routine Flare
firms-2026-09-10-0050-47679,43.24619,19.311,304.2,1.65,50,2026-09-10T00:50:00Z,N20,Routine Flare
firms-2026-09-10-0050-47680,43.40297,18.23761,307.07,0.92,50,2026-09-10T00:50:00Z,N20,Routine Flare
firms-2026-09-10-0050-47681,43.40226,18.24225,302.65,0.92,50,2026-09-10T00:50:00Z,N20,Routine Flare
firms-2026-09-10-0050-47682,43.3997,18.2367,300.28,0.91,50,2026-09-10T00:50:00Z,N20,Routine Flare
firms-2026-09-10-0050-47683,43.39714,18.23112,309.82,1.51,50,2026-09-10T00:50:00Z,N20,Routine Flare
firms-2026-09-10-0050-47684,43.39642,18.23578,295.81,0.91,50,2026-09-10T00:50:00Z,N20,Routine Flare
firms-2026-09-10-0050-47685,43.395,18.24509,296.02,0.94,50,2026-09-10T00:50:00Z,N20,Routine Flare
firms-2026-09-10-0050-47686,40.08213,32.79398,318.83,2.94,50,2026-09-10T00:50:00Z,N20,Routine Flare
firms-2026-09-10-0050-47687,40.08046,32.79951,314.78,2.94,50,2026-09-10T00:50:00Z,N20,Routine Flare
firms-2026-09-10-0050-47688,43.06802,19.98581,297.9,0.95,50,2026-09-10T00:50:00Z,N20,Routine Flare
firms-2026-09-10-0050-47689,43.06475,19.98475,307.13,0.95,50,2026-09-10T00:50:00Z,N20,Routine Flare
firms-2026-09-10-0050-47690,43.06227,19.97905,308.93,0.89,50,2026-09-10T00:50:00Z,N20,Routine Flare
firms-2026-09-10-0050-47691,43.06147,19.98371,301.48,0.89,50,2026-09-10T00:50:00Z,N20,Routine Flare
firms-2026-09-10-0050-47692,43.16182,19.32429,305.17,0.48,50,2026-09-10T00:50:00Z,N20,Routine Flare
firms-2026-09-10-0050-47693,43.15547,19.34201,298.57,1.32,50,2026-09-10T00:50:00Z,N20,Routine Flare
firms-2026-09-10-0050-47694,43.27197,18.33448,295.28,0.41,50,2026-09-10T00:50:00Z,N20,Routine Flare
firms-2026-09-10-0050-47695,42.79081,21.1322,314.77,1.82,50,2026-09-10T00:50:00Z,N20,Routine Flare
firms-2026-09-10-0050-47696,42.78989,21.13727,300.25,0.98,50,2026-09-10T00:50:00Z,N20,Routine Flare
firms-2026-09-10-0050-47697,43.04192,19.15642,304.09,1.07,50,2026-09-10T00:50:00Z,N20,Routine Flare
firms-2026-09-10-0050-47698,43.11166,18.68053,296.2,1.19,50,2026-09-10T00:50:00Z,N20,Routine Flare
firms-2026-09-10-0050-47699,43.11091,18.6851,297.21,0.89,50,2026-09-10T00:50:00Z,N20,Routine Flare
firms-2026-09-10-0050-47700,43.1084,18.67956,312.39,1.19,50,2026-09-10T00:50:00Z,N20,Routine Flare
firms-2026-09-10-0050-47701,43.10766,18.68422,308.02,0.89,50,2026-09-10T00:50:00Z,N20,Routine Flare
firms-2026-09-10-0050-47702,43.10691,18.68878,301.23,0.89,50,2026-09-10T00:50:00Z,N20,Routine Flare
firms-2026-09-10-0050-47703,43.10514,18.6786,297.26,0.98,50,2026-09-10T00:50:00Z,N20,Routine Flare
firms-2026-09-10-0050-47704,43.10218,18.6971,297.66,0.86,50,2026-09-10T00:50:00Z,N20,Routine Flare
firms-2026-09-10-0050-47705,43.10144,18.70175,317.49,1.15,50,2026-09-10T00:50:00Z,N20,Routine Flare
firms-2026-09-10-0050-47706,43.1007,18.7064,304.24,1.15,50,2026-09-10T00:50:00Z,N20,Routine Flare
firms-2026-09-10-0050-47707,43.09819,18.70078,297.72,1.15,50,2026-09-10T00:50:00Z,N20,Routine Flare
firms-2026-09-10-0050-47708,43.09597,18.71473,299.67,1.32,50,2026-09-10T00:50:00Z,N20,Routine Flare
firms-2026-09-10-0050-47709,43.19519,18.05643,297.24,0.98,50,2026-09-10T00:50:00Z,N20,Routine Flare
firms-2026-09-10-0050-47710,42.56339,21.72614,309.98,0.81,50,2026-09-10T00:50:00Z,N20,Routine Flare
firms-2026-09-10-0050-47711,39.61583,33.59025,317.18,2.6,50,2026-09-10T00:50:00Z,N20,Routine Flare
firms-2026-09-10-0050-47712,43.17678,18.10982,297.1,0.8,50,2026-09-10T00:50:00Z,N20,Routine Flare
firms-2026-09-10-0050-47713,41.02143,28.55481,306.52,1.73,50,2026-09-10T00:50:00Z,N20,Routine Flare
firms-2026-09-10-0050-47714,42.73335,20.66197,303.58,0.59,50,2026-09-10T00:50:00Z,N20,Routine Flare
firms-2026-09-10-0050-47715,42.73249,20.66678,303.15,0.99,50,2026-09-10T00:50:00Z,N20,Routine Flare
firms-2026-09-10-0050-47716,43.08851,18.41585,297.56,0.52,50,2026-09-10T00:50:00Z,N20,Routine Flare
firms-2026-09-10-0050-47717,39.46307,33.78363,298.77,1.16,50,2026-09-10T00:50:00Z,N20,Routine Flare
firms-2026-09-10-0050-47718,42.97511,18.80797,296.59,0.64,50,2026-09-10T00:50:00Z,N20,Routine Flare
firms-2026-09-10-0050-47719,39.46259,33.78347,300.25,1.54,50,2026-09-10T00:50:00Z,N20,Routine Flare
firms-2026-09-10-0050-47720,42.92512,19.07528,313.82,1.35,50,2026-09-10T00:50:00Z,N20,Routine Flare
firms-2026-09-10-0050-47721,42.92436,19.07994,304.35,1.75,50,2026-09-10T00:50:00Z,N20,Routine Flare
firms-2026-09-10-0050-47722,42.92263,19.06957,303.9,1.35,50,2026-09-10T00:50:00Z,N20,Routine Flare
firms-2026-09-10-0050-47723,42.92187,19.07423,311.21,1.35,50,2026-09-10T00:50:00Z,N20,Routine Flare
firms-2026-09-10-0050-47724,42.91862,19.07318,307.07,1.62,50,2026-09-10T00:50:00Z,N20,Routine Flare
firms-2026-09-10-0050-47725,42.95436,18.83097,295.34,0.73,50,2026-09-10T00:50:00Z,N20,Routine Flare
firms-2026-09-10-0100-47726,5.52921,5.46828,300.77,1.57,50,2026-09-10T01:00:00Z,N20,Routine Flare
firms-2026-09-10-0050-47727,42.95362,18.8356,300.6,0.65,50,2026-09-10T00:50:00Z,N20,Routine Flare
firms-2026-09-10-0050-47728,42.94668,18.75104,296.66,0.73,50,2026-09-10T00:50:00Z,N20,Routine Flare
firms-2026-09-10-0050-47729,42.94446,18.76494,296.48,0.51,50,2026-09-10T00:50:00Z,N20,Routine Flare
firms-2026-09-10-0050-47730,42.90109,19.03386,305.29,0.77,50,2026-09-10T00:50:00Z,N20,Routine Flare
firms-2026-09-10-0100-47731,5.52561,5.46773,325.15,1.57,50,2026-09-10T01:00:00Z,N20,Routine Flare
firms-2026-09-10-0050-47732,42.90034,19.03849,301.38,0.77,50,2026-09-10T00:50:00Z,N20,Routine Flare
firms-2026-09-10-0100-47733,5.52625,5.4636,303.2,0.83,50,2026-09-10T01:00:00Z,N20,Routine Flare
firms-2026-09-10-0050-47734,42.94046,18.76861,308.22,1.17,50,2026-09-10T00:50:00Z,N20,Routine Flare
firms-2026-09-10-0050-47735,42.88277,19.0624,320.2,1.47,50,2026-09-10T00:50:00Z,N20,Routine Flare
firms-2026-09-10-0100-47736,5.52202,5.46718,303.17,0.87,50,2026-09-10T01:00:00Z,N20,Routine Flare
firms-2026-09-10-0050-47737,42.88352,19.05776,299.24,1.47,50,2026-09-10T00:50:00Z,N20,Routine Flare
firms-2026-09-10-0100-47738,5.49885,5.52263,308.17,1.04,50,2026-09-10T01:00:00Z,N20,Routine Flare
firms-2026-09-10-0050-47739,42.87951,19.06142,296.65,0.99,50,2026-09-10T00:50:00Z,N20,Routine Flare
firms-2026-09-10-0050-47740,42.87524,19.04559,298.27,0.76,50,2026-09-10T00:50:00Z,N20,Routine Flare
firms-2026-09-10-0050-47741,42.87449,19.05021,305.34,0.76,50,2026-09-10T00:50:00Z,N20,Routine Flare
firms-2026-09-10-0100-47742,5.23825,6.62638,296.9,1.11,50,2026-09-10T01:00:00Z,N20,Routine Flare
firms-2026-09-10-0050-47743,42.87374,19.05485,299.33,1.05,50,2026-09-10T00:50:00Z,N20,Routine Flare
firms-2026-09-10-0050-47744,42.87198,19.04463,298.53,0.76,50,2026-09-10T00:50:00Z,N20,Routine Flare
firms-2026-09-10-0100-47745,3.36818,17.1795,314.59,1.09,50,2026-09-10T01:00:00Z,N20,Routine Flare
firms-2026-09-10-0050-47746,42.87123,19.04926,304.5,0.76,50,2026-09-10T00:50:00Z,N20,Routine Flare
firms-2026-09-10-0050-47747,42.87048,19.05388,317.19,1.05,50,2026-09-10T00:50:00Z,N20,Routine Flare
firms-2026-09-10-0100-47748,4.98142,7.17937,303.12,0.79,50,2026-09-10T01:00:00Z,N20,Routine Flare
firms-2026-09-10-0050-47749,42.86972,19.05851,296.52,1.05,50,2026-09-10T00:50:00Z,N20,Routine Flare
firms-2026-09-10-0100-47750,4.98087,7.18293,315.48,0.79,50,2026-09-10T01:00:00Z,N20,Routine Flare
firms-2026-09-10-0050-47751,39.35658,33.55463,295.09,1.71,50,2026-09-10T00:50:00Z,N20,Routine Flare
firms-2026-09-10-0100-47752,5.36058,4.34096,332.59,10.14,50,2026-09-10T01:00:00Z,N20,Routine Flare
firms-2026-09-10-0050-47753,39.35458,33.56099,302.59,1.71,50,2026-09-10T00:50:00Z,N20,Routine Flare
firms-2026-09-10-0050-47754,42.70722,19.29668,296.65,0.44,50,2026-09-10T00:50:00Z,N20,Routine Flare
firms-2026-09-10-0100-47755,2.80561,18.01992,309.72,1.55,50,2026-09-10T01:00:00Z,N20,Routine Flare
firms-2026-09-10-0050-47756,42.70396,19.29566,332.68,3.97,50,2026-09-10T00:50:00Z,N20,Routine Flare
firms-2026-09-10-0100-47757,3.57137,13.4086,307.72,1.05,50,2026-09-10T01:00:00Z,N20,Routine Flare
firms-2026-09-10-0050-47758,39.35537,33.55429,297.57,2.16,50,2026-09-10T00:50:00Z,N20,Routine Flare
firms-2026-09-10-0050-47759,39.3534,33.56063,306.47,2.25,50,2026-09-10T00:50:00Z,N20,Routine Flare
firms-2026-09-10-0100-47760,3.11895,14.96308,300.61,0.75,50,2026-09-10T01:00:00Z,N20,Routine Flare
firms-2026-09-10-0050-47761,42.73417,18.90172,326.82,2.12,50,2026-09-10T00:50:00Z,N20,Routine Flare
firms-2026-09-10-0100-47762,3.26053,14.02678,300.69,0.67,50,2026-09-10T01:00:00Z,N20,Routine Flare
firms-2026-09-10-0050-47763,42.73342,18.90635,322.47,2.12,50,2026-09-10T00:50:00Z,N20,Routine Flare
firms-2026-09-10-0100-47764,2.65288,17.1806,302.14,0.45,50,2026-09-10T01:00:00Z,N20,Routine Flare
firms-2026-09-10-0050-47765,42.73042,18.92489,327.46,1.95,50,2026-09-10T00:50:00Z,N20,Routine Flare
firms-2026-09-10-0050-47766,42.72966,18.92954,318.63,1.37,50,2026-09-10T00:50:00Z,N20,Routine Flare
firms-2026-09-10-0100-47767,4.14774,7.97066,306.87,2.02,50,2026-09-10T01:00:00Z,N20,Routine Flare
firms-2026-09-10-0050-47768,42.72891,18.93419,311.13,1.37,50,2026-09-10T00:50:00Z,N20,Routine Flare
firms-2026-09-10-0050-47769,42.73091,18.90071,308.37,2.12,50,2026-09-10T00:50:00Z,N20,Routine Flare
firms-2026-09-10-0100-47770,2.62801,16.06277,327.93,2.29,50,2026-09-10T01:00:00Z,N20,Routine Flare
firms-2026-09-10-0050-47771,42.72716,18.92389,305.15,1.95,50,2026-09-10T00:50:00Z,N20,Routine Flare
firms-2026-09-10-0050-47772,42.72564,18.93321,304.46,1.37,50,2026-09-10T00:50:00Z,N20,Routine Flare
firms-2026-09-10-0100-47773,2.15512,13.94525,313.35,1.65,50,2026-09-10T01:00:00Z,N20,Routine Flare
firms-2026-09-10-0050-47774,42.73064,18.88127,299.21,0.99,50,2026-09-10T00:50:00Z,N20,Routine Flare
firms-2026-09-10-0050-47775,42.72989,18.88589,315.26,0.99,50,2026-09-10T00:50:00Z,N20,Routine Flare
firms-2026-09-10-0050-47776,42.72915,18.8905,317.02,1.42,50,2026-09-10T00:50:00Z,N20,Routine Flare
firms-2026-09-10-0100-47777,2.15446,13.94918,299.25,1.1,50,2026-09-10T01:00:00Z,N20,Routine Flare
firms-2026-09-10-0050-47778,42.7284,18.8951,302.72,1.42,50,2026-09-10T00:50:00Z,N20,Routine Flare
firms-2026-09-10-0050-47779,42.72238,18.93224,316.62,1.7,50,2026-09-10T00:50:00Z,N20,Routine Flare
firms-2026-09-10-0100-47780,2.15877,13.94298,300.47,0.81,50,2026-09-10T01:00:00Z,N20,Routine Flare
firms-2026-09-10-0050-47781,42.72663,18.88489,307.72,0.99,50,2026-09-10T00:50:00Z,N20,Routine Flare
firms-2026-09-10-0100-47782,2.15377,13.94643,316.82,1.57,50,2026-09-10T01:00:00Z,N20,Routine Flare
firms-2026-09-10-0050-47783,42.72589,18.88951,316.94,1.42,50,2026-09-10T00:50:00Z,N20,Routine Flare
firms-2026-09-10-0050-47784,42.72263,18.88851,300.5,1.12,50,2026-09-10T00:50:00Z,N20,Routine Flare
firms-2026-09-10-0050-47785,42.7203,18.83946,330.77,1.72,50,2026-09-10T00:50:00Z,N20,Routine Flare
firms-2026-09-10-0100-47786,3.47145,5.55658,301.84,0.72,50,2026-09-10T01:00:00Z,N20,Routine Flare
firms-2026-09-10-0050-47787,42.71955,18.8441,310.66,1.72,50,2026-09-10T00:50:00Z,N20,Routine Flare
firms-2026-09-10-0050-47788,42.71285,18.88559,302.98,0.71,50,2026-09-10T00:50:00Z,N20,Routine Flare
firms-2026-09-10-0050-47789,42.7121,18.89021,300.56,0.71,50,2026-09-10T00:50:00Z,N20,Routine Flare
firms-2026-09-10-0100-47790,3.47084,5.56047,309.28,0.72,50,2026-09-10T01:00:00Z,N20,Routine Flare
firms-2026-09-10-0050-47791,42.70608,18.92733,301.26,0.55,50,2026-09-10T00:50:00Z,N20,Routine Flare
firms-2026-09-10-0050-47792,42.69104,19.01979,301.52,0.69,50,2026-09-10T00:50:00Z,N20,Routine Flare
firms-2026-09-10-0100-47793,3.46734,5.55993,344.24,1.65,50,2026-09-10T01:00:00Z,N20,Routine Flare
firms-2026-09-10-0050-47794,42.6903,19.02439,301.52,1.06,50,2026-09-10T00:50:00Z,N20,Routine Flare
firms-2026-09-10-0050-47795,42.71704,18.83848,311.77,1.42,50,2026-09-10T00:50:00Z,N20,Routine Flare
firms-2026-09-10-0100-47796,3.46673,5.56382,324.15,1.19,50,2026-09-10T01:00:00Z,N20,Routine Flare
firms-2026-09-10-0050-47797,42.71629,18.84311,309.6,1.42,50,2026-09-10T00:50:00Z,N20,Routine Flare
firms-2026-09-10-0050-47798,42.70885,18.88923,310.75,1.28,50,2026-09-10T00:50:00Z,N20,Routine Flare
firms-2026-09-10-0100-47799,3.46856,5.55214,299.57,0.91,50,2026-09-10T01:00:00Z,N20,Routine Flare
firms-2026-09-10-0050-47800,42.68777,19.01886,315.69,1.49,50,2026-09-10T00:50:00Z,N20,Routine Flare
firms-2026-09-10-0050-47801,42.71453,18.83288,296.41,0.33,50,2026-09-10T00:50:00Z,N20,Routine Flare
firms-2026-09-10-0050-47802,42.69251,18.94768,338.53,2.23,50,2026-09-10T00:50:00Z,N20,Routine Flare
firms-2026-09-10-0100-47803,3.46795,5.55604,308.8,1.65,50,2026-09-10T01:00:00Z,N20,Routine Flare
firms-2026-09-10-0050-47804,42.71127,18.8319,304.87,0.41,50,2026-09-10T00:50:00Z,N20,Routine Flare
firms-2026-09-10-0050-47805,42.69175,18.95233,312.54,2.23,50,2026-09-10T00:50:00Z,N20,Routine Flare
firms-2026-09-10-0100-47806,3.46612,5.56772,303.33,1.19,50,2026-09-10T01:00:00Z,N20,Routine Flare
firms-2026-09-10-0050-47807,42.68849,18.95137,318.02,2.23,50,2026-09-10T00:50:00Z,N20,Routine Flare
firms-2026-09-10-0050-47808,42.66063,18.80523,334.21,4.04,50,2026-09-10T00:50:00Z,N20,Routine Flare
firms-2026-09-10-0100-47809,3.46445,5.55549,305.02,1.65,50,2026-09-10T01:00:00Z,N20,Routine Flare
firms-2026-09-10-0050-47810,42.64964,18.831,299.72,0.81,50,2026-09-10T00:50:00Z,N20,Routine Flare
firms-2026-09-10-0050-47811,42.6489,18.83562,297.82,0.81,50,2026-09-10T00:50:00Z,N20,Routine Flare
firms-2026-09-10-0100-47812,3.46384,5.55939,303.23,1.65,50,2026-09-10T01:00:00Z,N20,Routine Flare
firms-2026-09-10-0050-47813,42.64638,18.83004,311.65,0.81,50,2026-09-10T00:50:00Z,N20,Routine Flare
firms-2026-09-10-0050-47814,40.24434,29.92531,297.83,0.73,50,2026-09-10T00:50:00Z,N20,Routine Flare
firms-2026-09-10-0100-47815,3.46323,5.56328,308.15,1.19,50,2026-09-10T01:00:00Z,N20,Routine Flare
firms-2026-09-10-0050-47816,42.31547,19.86852,298.74,0.46,50,2026-09-10T00:50:00Z,N20,Routine Flare
firms-2026-09-10-0100-47817,3.46262,5.56717,301.78,1.19,50,2026-09-10T01:00:00Z,N20,Routine Flare
firms-2026-09-10-0050-47818,42.23399,20.04481,301.07,0.63,50,2026-09-10T00:50:00Z,N20,Routine Flare
firms-2026-09-10-0050-47819,42.23153,20.03889,304.91,0.63,50,2026-09-10T00:50:00Z,N20,Routine Flare
firms-2026-09-10-0100-47820,3.46033,5.55885,303.68,1.6,50,2026-09-10T01:00:00Z,N20,Routine Flare
firms-2026-09-10-0050-47821,42.2765,19.20782,310.56,1.47,50,2026-09-10T00:50:00Z,N20,Routine Flare
firms-2026-09-10-0100-47822,1.39442,16.32509,317.46,1.31,50,2026-09-10T01:00:00Z,N20,Routine Flare
firms-2026-09-10-0050-47823,39.06934,32.48955,314.86,2.19,50,2026-09-10T00:50:00Z,N20,Routine Flare
firms-2026-09-10-0100-47824,0.46333,17.98689,310.36,1.83,50,2026-09-10T01:00:00Z,N20,Routine Flare
firms-2026-09-10-0050-47825,39.07032,32.48755,299.67,1.16,50,2026-09-10T00:50:00Z,N20,Routine Flare
firms-2026-09-10-0050-47826,39.06865,32.49314,299.57,1.72,50,2026-09-10T00:50:00Z,N20,Routine Flare
firms-2026-09-10-0100-47827,1.08005,13.26396,301.89,1.05,50,2026-09-10T01:00:00Z,N20,Routine Flare
firms-2026-09-10-0050-47828,42.06973,19.60055,309.19,0.92,50,2026-09-10T00:50:00Z,N20,Routine Flare
firms-2026-09-10-0100-47829,0.39664,17.43428,301.71,0.64,50,2026-09-10T01:00:00Z,N20,Routine Flare
firms-2026-09-10-0050-47830,42.01471,19.92111,297.35,1.15,50,2026-09-10T00:50:00Z,N20,Routine Flare
firms-2026-09-10-0100-47831,1.53362,9.34585,313.69,1.99,50,2026-09-10T01:00:00Z,N20,Routine Flare
firms-2026-09-10-0050-47832,42.01389,19.92582,313.16,2.85,50,2026-09-10T00:50:00Z,N20,Routine Flare
firms-2026-09-10-0050-47833,39.0519,32.50414,295.16,0.66,50,2026-09-10T00:50:00Z,N20,Routine Flare
firms-2026-09-10-0050-47834,42.06804,19.59019,321.23,5.03,50,2026-09-10T00:50:00Z,N20,Routine Flare
firms-2026-09-10-0100-47835,0.87257,11.59242,302.57,0.51,50,2026-09-10T01:00:00Z,N20,Routine Flare
firms-2026-09-10-0050-47836,42.06725,19.59486,332.27,5.03,50,2026-09-10T00:50:00Z,N20,Routine Flare
firms-2026-09-10-0102-47837,-0.05049,14.01649,310.63,1.55,50,2026-09-10T01:02:00Z,N20,Routine Flare
firms-2026-09-10-0050-47838,42.01063,19.92463,337.79,2.85,50,2026-09-10T00:50:00Z,N20,Routine Flare
firms-2026-09-10-0050-47839,42.00981,19.92935,327.91,2.85,50,2026-09-10T00:50:00Z,N20,Routine Flare
firms-2026-09-10-0050-47840,42.00817,19.91875,297.09,0.3,50,2026-09-10T00:50:00Z,N20,Routine Flare
firms-2026-09-10-0102-47841,0.22957,11.92732,300.84,0.91,50,2026-09-10T01:02:00Z,N20,Routine Flare
firms-2026-09-10-0050-47842,42.00736,19.92345,305.51,1.15,50,2026-09-10T00:50:00Z,N20,Routine Flare
firms-2026-09-10-0050-47843,41.98917,19.8882,301.58,0.36,50,2026-09-10T00:50:00Z,N20,Routine Flare
firms-2026-09-10-0102-47844,0.40654,9.89209,327.77,4.04,50,2026-09-10T01:02:00Z,N20,Routine Flare
firms-2026-09-10-0050-47845,41.73056,21.30146,330.2,3.1,50,2026-09-10T00:50:00Z,N20,Routine Flare
firms-2026-09-10-0050-47846,41.98587,19.88718,319.69,1.34,50,2026-09-10T00:50:00Z,N20,Routine Flare
firms-2026-09-10-0050-47847,41.72709,21.30069,328.72,3.1,50,2026-09-10T00:50:00Z,N20,Routine Flare
firms-2026-09-10-0102-47848,0.40593,9.89594,327.72,4.04,50,2026-09-10T01:02:00Z,N20,Routine Flare
firms-2026-09-10-0050-47849,41.72363,21.29988,332.28,4.07,50,2026-09-10T00:50:00Z,N20,Routine Flare
firms-2026-09-10-0050-47850,41.72271,21.30478,314.1,2.84,50,2026-09-10T00:50:00Z,N20,Routine Flare
firms-2026-09-10-0102-47851,0.40516,9.452,310.38,1.13,50,2026-09-10T01:02:00Z,N20,Routine Flare
firms-2026-09-10-0050-47852,41.72016,21.29907,324.24,4.07,50,2026-09-10T00:50:00Z,N20,Routine Flare
firms-2026-09-10-0050-47853,41.71922,21.3041,330.79,2.84,50,2026-09-10T00:50:00Z,N20,Routine Flare
firms-2026-09-10-0050-47854,41.71667,21.2984,324.06,2.54,50,2026-09-10T00:50:00Z,N20,Routine Flare
firms-2026-09-10-0050-47855,41.71572,21.30343,324.92,2.69,50,2026-09-10T00:50:00Z,N20,Routine Flare
firms-2026-09-10-0102-47856,-0.08815,11.98014,311.36,2.11,50,2026-09-10T01:02:00Z,N20,Routine Flare
firms-2026-09-10-0050-47857,41.71044,21.33164,299.28,1.31,50,2026-09-10T00:50:00Z,N20,Routine Flare
firms-2026-09-10-0102-47858,-0.64235,12.34895,304.32,0.93,50,2026-09-10T01:02:00Z,N20,Routine Flare
firms-2026-09-10-0050-47859,41.71224,21.30272,314.43,2.69,50,2026-09-10T00:50:00Z,N20,Routine Flare
firms-2026-09-10-0050-47860,41.70879,21.30182,319.3,2.6,50,2026-09-10T00:50:00Z,N20,Routine Flare
firms-2026-09-10-0102-47861,-0.73762,12.96439,301.54,1.18,50,2026-09-10T01:02:00Z,N20,Routine Flare
firms-2026-09-10-0050-47862,41.69484,21.33762,325.77,3.1,50,2026-09-10T00:50:00Z,N20,Routine Flare
firms-2026-09-10-0050-47863,41.69566,21.33323,317.56,2.64,50,2026-09-10T00:50:00Z,N20,Routine Flare
firms-2026-09-10-0050-47864,41.69146,21.32664,302.06,1.06,50,2026-09-10T00:50:00Z,N20,Routine Flare
firms-2026-09-10-0102-47865,-0.73824,12.96843,307.27,1.18,50,2026-09-10T01:02:00Z,N20,Routine Flare
firms-2026-09-10-0050-47866,41.68542,21.32026,311.14,1.41,50,2026-09-10T00:50:00Z,N20,Routine Flare
firms-2026-09-10-0102-47867,-0.44025,10.1431,301.96,0.4,50,2026-09-10T01:02:00Z,N20,Routine Flare
firms-2026-09-10-0050-47868,41.68458,21.32474,302.53,1.41,50,2026-09-10T00:50:00Z,N20,Routine Flare
firms-2026-09-10-0050-47869,43.44641,4.8369,295.65,0.57,50,2026-09-10T00:50:00Z,N20,Routine Flare
firms-2026-09-10-0050-47870,43.44508,4.87538,308.72,1.36,50,2026-09-10T00:50:00Z,N20,Routine Flare
firms-2026-09-10-0050-47871,43.43893,4.88592,298.94,1.44,50,2026-09-10T00:50:00Z,N20,Routine Flare
firms-2026-09-10-0102-47872,-0.44382,10.14257,301.24,0.42,50,2026-09-10T01:02:00Z,N20,Routine Flare
firms-2026-09-10-0050-47873,39.902,28.87145,299.88,0.29,50,2026-09-10T00:50:00Z,N20,Routine Flare
firms-2026-09-10-0050-47874,38.93065,32.17308,300.84,0.9,50,2026-09-10T00:50:00Z,N20,Routine Flare
firms-2026-09-10-0050-47875,43.30502,5.36849,304.17,0.6,50,2026-09-10T00:50:00Z,N20,Routine Flare
firms-2026-09-10-0050-47876,38.09074,34.4169,302.72,1.4,50,2026-09-10T00:50:00Z,N20,Routine Flare
firms-2026-09-10-0102-47877,-0.77662,11.91321,312.07,1.39,50,2026-09-10T01:02:00Z,N20,Routine Flare
firms-2026-09-10-0050-47878,41.59113,20.27556,300.43,1.55,50,2026-09-10T00:50:00Z,N20,Routine Flare
firms-2026-09-10-0050-47879,41.58864,20.26983,301.99,1.46,50,2026-09-10T00:50:00Z,N20,Routine Flare
firms-2026-09-10-0050-47880,41.66563,19.8128,304.34,0.54,50,2026-09-10T00:50:00Z,N20,Routine Flare
firms-2026-09-10-0050-47881,41.58623,20.26369,305.11,1.1,50,2026-09-10T00:50:00Z,N20,Routine Flare
firms-2026-09-10-0102-47882,-0.77745,11.91836,305.43,1.39,50,2026-09-10T01:02:00Z,N20,Routine Flare
firms-2026-09-10-0050-47883,41.58298,20.26229,328.69,2.65,50,2026-09-10T00:50:00Z,N20,Routine Flare
firms-2026-09-10-0050-47884,41.66156,19.81623,304.42,0.46,50,2026-09-10T00:50:00Z,N20,Routine Flare
firms-2026-09-10-0102-47885,-0.77574,11.91756,328.96,4.59,50,2026-09-10T01:02:00Z,N20,Routine Flare
firms-2026-09-10-0050-47886,41.58212,20.26707,300.73,1.41,50,2026-09-10T00:50:00Z,N20,Routine Flare
firms-2026-09-10-0050-47887,41.64761,19.8165,299.54,0.37,50,2026-09-10T00:50:00Z,N20,Routine Flare
firms-2026-09-10-0102-47888,-0.39051,9.34352,299.36,1.04,50,2026-09-10T01:02:00Z,N20,Routine Flare
firms-2026-09-10-0050-47889,41.53495,20.18895,300.48,1.84,50,2026-09-10T00:50:00Z,N20,Routine Flare
firms-2026-09-10-0050-47890,41.5324,20.18357,327.38,1.84,50,2026-09-10T00:50:00Z,N20,Routine Flare
firms-2026-09-10-0050-47891,41.53161,20.18805,307.02,1.84,50,2026-09-10T00:50:00Z,N20,Routine Flare
firms-2026-09-10-0102-47892,-0.58538,10.23528,301.56,0.35,50,2026-09-10T01:02:00Z,N20,Routine Flare
firms-2026-09-10-0050-47893,42.57061,12.67237,297.27,0.35,50,2026-09-10T00:50:00Z,N20,Routine Flare
firms-2026-09-10-0102-47894,-0.59119,9.95381,312.32,0.95,50,2026-09-10T01:02:00Z,N20,Routine Flare
firms-2026-09-10-0050-47895,41.40118,20.65843,328.65,1.89,50,2026-09-10T00:50:00Z,N20,Routine Flare
firms-2026-09-10-0050-47896,41.40033,20.66309,296.14,1.89,50,2026-09-10T00:50:00Z,N20,Routine Flare
firms-2026-09-10-0102-47897,-0.59473,9.95327,316.66,1.65,50,2026-09-10T01:02:00Z,N20,Routine Flare
firms-2026-09-10-0050-47898,41.39954,20.64799,304.23,0.96,50,2026-09-10T00:50:00Z,N20,Routine Flare
firms-2026-09-10-0102-47899,-0.83048,9.84093,317.19,1.62,50,2026-09-10T01:02:00Z,N20,Routine Flare
firms-2026-09-10-0050-47900,41.50283,19.74473,304.54,0.68,50,2026-09-10T00:50:00Z,N20,Routine Flare
firms-2026-09-10-0050-47901,41.34441,19.94262,302.05,0.41,50,2026-09-10T00:50:00Z,N20,Routine Flare
firms-2026-09-10-0050-47902,39.60912,27.87624,298.83,0.62,50,2026-09-10T00:50:00Z,N20,Routine Flare
firms-2026-09-10-0102-47903,-0.70355,8.77479,302.51,1.76,50,2026-09-10T01:02:00Z,N20,Routine Flare
firms-2026-09-10-0050-47904,40.79641,22.47786,297.88,0.73,50,2026-09-10T00:50:00Z,N20,Routine Flare
firms-2026-09-10-0050-47905,39.86362,26.24407,304.38,2.09,50,2026-09-10T00:50:00Z,N20,Routine Flare
firms-2026-09-10-0102-47906,-0.75362,8.75612,308.59,2.23,50,2026-09-10T01:02:00Z,N20,Routine Flare
firms-2026-09-10-0050-47907,39.86538,26.24286,309.14,1.82,50,2026-09-10T00:50:00Z,N20,Routine Flare
firms-2026-09-10-0050-47908,38.65941,30.61711,311.64,1.87,50,2026-09-10T00:50:00Z,N20,Routine Flare
firms-2026-09-10-0050-47909,41.75597,15.12,308.94,1.06,50,2026-09-10T00:50:00Z,N20,Routine Flare
firms-2026-09-10-0102-47910,-1.12408,10.34913,312.01,1.33,50,2026-09-10T01:02:00Z,N20,Routine Flare
firms-2026-09-10-0050-47911,42.00938,12.71621,307.59,1.26,50,2026-09-10T00:50:00Z,N20,Routine Flare
firms-2026-09-10-0050-47912,40.28513,23.44571,301.71,0.77,50,2026-09-10T00:50:00Z,N20,Routine Flare
firms-2026-09-10-0050-47913,40.28355,23.44397,303.6,0.75,50,2026-09-10T00:50:00Z,N20,Routine Flare
firms-2026-09-10-0102-47914,-1.5217,9.95364,320.12,1.78,50,2026-09-10T01:02:00Z,N20,Routine Flare
firms-2026-09-10-0050-47915,38.21879,31.20462,307.49,1.19,50,2026-09-10T00:50:00Z,N20,Routine Flare
firms-2026-09-10-0050-47916,38.21518,31.20471,304.2,1.09,50,2026-09-10T00:50:00Z,N20,Routine Flare
firms-2026-09-10-0050-47917,39.09435,27.51497,299.72,1.39,50,2026-09-10T00:50:00Z,N20,Routine Flare
firms-2026-09-10-0102-47918,-1.52529,9.9531,311.3,1.78,50,2026-09-10T01:02:00Z,N20,Routine Flare
firms-2026-09-10-0050-47919,41.21285,16.04809,305.35,0.78,50,2026-09-10T00:50:00Z,N20,Routine Flare
firms-2026-09-10-0102-47920,-1.58938,9.97453,328,1.69,50,2026-09-10T01:02:00Z,N20,Routine Flare
firms-2026-09-10-0050-47921,40.52188,19.90401,310.91,0.99,50,2026-09-10T00:50:00Z,N20,Routine Flare
firms-2026-09-10-0050-47922,40.52039,19.90586,318.92,1.69,50,2026-09-10T00:50:00Z,N20,Routine Flare
firms-2026-09-10-0102-47923,-1.63677,9.8797,313.03,1.12,50,2026-09-10T01:02:00Z,N20,Routine Flare
firms-2026-09-10-0050-47924,41.43452,13.47923,300.7,0.46,50,2026-09-10T00:50:00Z,N20,Routine Flare
firms-2026-09-10-0050-47925,41.28908,13.38546,304.46,0.32,50,2026-09-10T00:50:00Z,N20,Routine Flare
firms-2026-09-10-0050-47926,41.24919,13.47165,307.04,0.65,50,2026-09-10T00:50:00Z,N20,Routine Flare
firms-2026-09-10-0102-47927,-1.90154,11.23367,300.55,0.86,50,2026-09-10T01:02:00Z,N20,Routine Flare
firms-2026-09-10-0050-47928,38.74062,26.93043,303.34,1.61,50,2026-09-10T00:50:00Z,N20,Routine Flare
firms-2026-09-10-0050-47929,38.73748,26.94306,306.76,2.28,50,2026-09-10T00:50:00Z,N20,Routine Flare
firms-2026-09-10-0102-47930,-1.73699,9.96511,305.73,0.57,50,2026-09-10T01:02:00Z,N20,Routine Flare
firms-2026-09-10-0050-47931,40.4661,18.16103,306.67,0.38,50,2026-09-10T00:50:00Z,N20,Routine Flare
firms-2026-09-10-0050-47932,40.5205,17.21035,307.12,1.53,50,2026-09-10T00:50:00Z,N20,Routine Flare
firms-2026-09-10-0050-47933,40.50669,17.21138,307.52,1.36,50,2026-09-10T00:50:00Z,N20,Routine Flare
firms-2026-09-10-0102-47934,-1.77189,9.82337,321.87,1.51,50,2026-09-10T01:02:00Z,N20,Routine Flare
firms-2026-09-10-0050-47935,40.50272,17.21501,318,1.36,50,2026-09-10T00:50:00Z,N20,Routine Flare
firms-2026-09-10-0050-47936,40.50203,17.21951,314.56,1.69,50,2026-09-10T00:50:00Z,N20,Routine Flare
firms-2026-09-10-0102-47937,-1.79819,9.89824,316.16,1.38,50,2026-09-10T01:02:00Z,N20,Routine Flare
firms-2026-09-10-0050-47938,39.35639,22.98637,302.66,1.66,50,2026-09-10T00:50:00Z,N20,Routine Flare
firms-2026-09-10-0102-47939,-1.78972,9.82055,328.74,3.34,50,2026-09-10T01:02:00Z,N20,Routine Flare
firms-2026-09-10-0050-47940,37.25375,30.44391,298.21,1.29,50,2026-09-10T00:50:00Z,N20,Routine Flare
firms-2026-09-10-0102-47941,-1.95815,9.87437,301.46,0.81,50,2026-09-10T01:02:00Z,N20,Routine Flare
firms-2026-09-10-0050-47942,40.31588,15.89965,300.44,0.58,50,2026-09-10T00:50:00Z,N20,Routine Flare
firms-2026-09-10-0050-47943,41.19925,1.22136,303.28,1.9,50,2026-09-10T00:50:00Z,N20,Routine Flare
firms-2026-09-10-0102-47944,-2.07337,9.80937,327.97,4.16,50,2026-09-10T01:02:00Z,N20,Routine Flare
firms-2026-09-10-0050-47945,41.1974,1.22142,301.67,0.95,50,2026-09-10T00:50:00Z,N20,Routine Flare
firms-2026-09-10-0102-47946,-3.05201,14.95715,322.88,3.26,50,2026-09-10T01:02:00Z,N20,Routine Flare
firms-2026-09-10-0050-47947,39.57407,16.53171,307.9,0.53,50,2026-09-10T00:50:00Z,N20,Routine Flare
firms-2026-09-10-0050-47948,40.57728,0.54023,298.96,1.61,50,2026-09-10T00:50:00Z,N20,Routine Flare
firms-2026-09-10-0102-47949,-3.05243,14.95991,301.23,4.08,50,2026-09-10T01:02:00Z,N20,Routine Flare
firms-2026-09-10-0050-47950,38.66911,16.43539,329.07,2.14,50,2026-09-10T00:50:00Z,N20,Routine Flare
firms-2026-09-10-0050-47951,38.66583,16.43454,315.76,2.14,50,2026-09-10T00:50:00Z,N20,Routine Flare
firms-2026-09-10-0050-47952,38.79747,15.20952,323.84,1.67,50,2026-09-10T00:50:00Z,N20,Routine Flare
firms-2026-09-10-0102-47953,-3.05694,14.95556,351.42,3.26,50,2026-09-10T01:02:00Z,N20,Routine Flare
firms-2026-09-10-0050-47954,38.79408,15.209,331.29,7.65,50,2026-09-10T00:50:00Z,N20,Routine Flare
firms-2026-09-10-0102-47955,-2.77791,10.0148,307.17,0.92,50,2026-09-10T01:02:00Z,N20,Routine Flare
firms-2026-09-10-0050-47956,38.20477,15.26735,311.22,2.21,50,2026-09-10T00:50:00Z,N20,Routine Flare
firms-2026-09-10-0050-47957,38.07533,14.74042,309.53,0.66,50,2026-09-10T00:50:00Z,N20,Routine Flare
firms-2026-09-10-0102-47958,-4.09858,14.84141,318.52,2.07,50,2026-09-10T01:02:00Z,N20,Routine Flare
firms-2026-09-10-0050-47959,37.89067,15.14866,312.8,1.21,50,2026-09-10T00:50:00Z,N20,Routine Flare
firms-2026-09-10-0050-47960,37.74925,15.03953,301.27,1.95,50,2026-09-10T00:50:00Z,N20,Routine Flare
firms-2026-09-10-0102-47961,-4.01465,12.65006,300.59,0.55,50,2026-09-10T01:02:00Z,N20,Routine Flare
firms-2026-09-10-0050-47962,37.74863,15.04388,307.57,1.33,50,2026-09-10T00:50:00Z,N20,Routine Flare
firms-2026-09-10-0102-47963,-4.01531,12.65101,300.88,0.74,50,2026-09-10T01:02:00Z,N20,Routine Flare
firms-2026-09-10-0050-47964,37.74801,15.0482,298.92,1.33,50,2026-09-10T00:50:00Z,N20,Routine Flare
firms-2026-09-10-0050-47965,37.74619,15.06094,304.64,2.08,50,2026-09-10T00:50:00Z,N20,Routine Flare
firms-2026-09-10-0050-47966,37.75194,14.99663,306.21,1.61,50,2026-09-10T00:50:00Z,N20,Routine Flare
firms-2026-09-10-0102-47967,-5.02017,16.77854,304.85,1.08,50,2026-09-10T01:02:00Z,N20,Routine Flare
firms-2026-09-10-0050-47968,37.74407,15.05163,299.84,0.91,50,2026-09-10T00:50:00Z,N20,Routine Flare
firms-2026-09-10-0050-47969,37.74346,15.05589,308.94,0.91,50,2026-09-10T00:50:00Z,N20,Routine Flare
firms-2026-09-10-0102-47970,-4.53611,12.98209,304.96,1.08,50,2026-09-10T01:02:00Z,N20,Routine Flare
firms-2026-09-10-0050-47971,37.74286,15.06013,313.19,1.46,50,2026-09-10T00:50:00Z,N20,Routine Flare
firms-2026-09-10-0050-47972,37.74224,15.06445,308.77,1.46,50,2026-09-10T00:50:00Z,N20,Routine Flare
firms-2026-09-10-0050-47973,37.94756,13.20948,307.67,0.7,50,2026-09-10T00:50:00Z,N20,Routine Flare
firms-2026-09-10-0050-47974,37.67818,15.11475,302.24,0.15,50,2026-09-10T00:50:00Z,N20,Routine Flare
firms-2026-09-10-0102-47975,-4.53982,12.97592,296.25,1.08,50,2026-09-10T01:02:00Z,N20,Routine Flare
firms-2026-09-10-0050-47976,37.83558,13.193,303.25,0.66,50,2026-09-10T00:50:00Z,N20,Routine Flare
firms-2026-09-10-0050-47977,37.21156,15.16798,310.5,1.8,50,2026-09-10T00:50:00Z,N20,Routine Flare
firms-2026-09-10-0050-47978,36.7126,14.97893,310.85,0.84,50,2026-09-10T00:50:00Z,N20,Routine Flare
firms-2026-09-10-0102-47979,-4.54054,12.98077,303.05,1.08,50,2026-09-10T01:02:00Z,N20,Routine Flare
firms-2026-09-10-0052-47980,36.94065,9.39112,338.02,6.93,50,2026-09-10T00:52:00Z,N20,Routine Flare
firms-2026-09-10-0102-47981,-5.98065,14.57656,317.66,1.7,50,2026-09-10T01:02:00Z,N20,Routine Flare
firms-2026-09-10-0052-47982,36.94016,9.39607,310.28,4.52,50,2026-09-10T00:52:00Z,N20,Routine Flare
firms-2026-09-10-0052-47983,36.77633,10.19801,307.54,1.61,50,2026-09-10T00:52:00Z,N20,Routine Flare
firms-2026-09-10-0102-47984,-5.9811,14.57965,298.28,1.38,50,2026-09-10T01:02:00Z,N20,Routine Flare
firms-2026-09-10-0052-47985,36.77599,10.20145,312.9,2.07,50,2026-09-10T00:52:00Z,N20,Routine Flare
firms-2026-09-10-0102-47986,-6.02616,13.67957,298.75,1.01,50,2026-09-10T01:02:00Z,N20,Routine Flare
firms-2026-09-10-0052-47987,36.87072,6.98054,297.58,3.5,50,2026-09-10T00:52:00Z,N20,Routine Flare
firms-2026-09-10-0052-47988,36.4617,10.05318,305.52,0.85,50,2026-09-10T00:52:00Z,N20,Routine Flare
firms-2026-09-10-0102-47989,-6.16386,14.07567,312.51,0.73,50,2026-09-10T01:02:00Z,N20,Routine Flare
firms-2026-09-10-0052-47990,35.77787,9.88947,308.13,1.26,50,2026-09-10T00:52:00Z,N20,Routine Flare
firms-2026-09-10-0102-47991,-6.16434,14.07666,307.99,0.71,50,2026-09-10T01:02:00Z,N20,Routine Flare
firms-2026-09-10-0052-47992,35.87043,6.02167,300.98,0.6,50,2026-09-10T00:52:00Z,N20,Routine Flare
firms-2026-09-10-0052-47993,35.86715,6.02221,303.71,0.66,50,2026-09-10T00:52:00Z,N20,Routine Flare
firms-2026-09-10-0052-47994,35.23285,8.1711,306.98,1.2,50,2026-09-10T00:52:00Z,N20,Routine Flare
firms-2026-09-10-0102-47995,-5.96576,12.16793,314.53,2.01,50,2026-09-10T01:02:00Z,N20,Routine Flare
firms-2026-09-10-0052-47996,31.03011,29.75711,304.14,2.3,50,2026-09-10T00:52:00Z,N20,Routine Flare
firms-2026-09-10-0052-47997,32.6152,22.72812,319.85,1.86,50,2026-09-10T00:52:00Z,N20,Routine Flare
firms-2026-09-10-0102-47998,-5.96638,12.17214,304.75,1.87,50,2026-09-10T01:02:00Z,N20,Routine Flare
firms-2026-09-10-0052-47999,30.39575,30.58801,306.32,1.54,50,2026-09-10T00:52:00Z,N20,Routine Flare
firms-2026-09-10-0052-48000,32.05958,23.98225,306.73,1.15,50,2026-09-10T00:52:00Z,N20,Routine Flare
firms-2026-09-10-0102-48001,-6.30131,14.38695,298.65,0.49,50,2026-09-10T01:02:00Z,N20,Routine Flare
firms-2026-09-10-0052-48002,30.84175,28.66465,303.1,0.72,50,2026-09-10T00:52:00Z,N20,Routine Flare
firms-2026-09-10-0102-48003,-6.30174,14.38993,302.29,0.49,50,2026-09-10T01:02:00Z,N20,Routine Flare
firms-2026-09-10-0052-48004,33.92268,12.67804,322.95,1.43,50,2026-09-10T00:52:00Z,N20,Routine Flare
firms-2026-09-10-0102-48005,-6.26285,13.87045,320.34,3.17,50,2026-09-10T01:02:00Z,N20,Routine Flare
firms-2026-09-10-0052-48006,30.93391,27.55435,367,7.63,50,2026-09-10T00:52:00Z,N20,Industrial Fire
firms-2026-09-10-0102-48007,-6.26205,13.86475,299.51,2.56,50,2026-09-10T01:02:00Z,N20,Routine Flare
firms-2026-09-10-0052-48008,33.89243,12.6039,335.51,3.41,50,2026-09-10T00:52:00Z,N20,Routine Flare
firms-2026-09-10-0102-48009,-6.12159,12.3446,307.1,0.94,50,2026-09-10T01:02:00Z,N20,Routine Flare
firms-2026-09-10-0052-48010,30.93568,27.55552,367,9.16,50,2026-09-10T00:52:00Z,N20,Industrial Fire
firms-2026-09-10-0052-48011,31.1004,26.61661,301.62,1.19,50,2026-09-10T00:52:00Z,N20,Routine Flare
firms-2026-09-10-0052-48012,31.0993,26.62089,309.84,1.2,50,2026-09-10T00:52:00Z,N20,Routine Flare
firms-2026-09-10-0102-48013,-6.21478,12.39305,307.81,1.53,50,2026-09-10T01:02:00Z,N20,Routine Flare
firms-2026-09-10-0052-48014,30.89833,27.34214,300.01,0.47,50,2026-09-10T00:52:00Z,N20,Routine Flare
firms-2026-09-10-0052-48015,33.86018,12.05633,326.79,2.8,50,2026-09-10T00:52:00Z,N20,Routine Flare
firms-2026-09-10-0102-48016,-6.58242,13.63983,299.51,1.36,50,2026-09-10T01:02:00Z,N20,Routine Flare
firms-2026-09-10-0052-48017,31.09613,26.61605,302.47,1.01,50,2026-09-10T00:52:00Z,N20,Routine Flare
firms-2026-09-10-0052-48018,31.09505,26.62035,306.62,1.23,50,2026-09-10T00:52:00Z,N20,Routine Flare
firms-2026-09-10-0052-48019,30.89838,27.34392,299.86,0.47,50,2026-09-10T00:52:00Z,N20,Routine Flare
firms-2026-09-10-0102-48020,-6.70763,14.44956,349.73,4.8,50,2026-09-10T01:02:00Z,N20,Routine Flare
firms-2026-09-10-0052-48021,34.43954,5.88417,308.34,1.37,50,2026-09-10T00:52:00Z,N20,Routine Flare
firms-2026-09-10-0102-48022,-7.05157,14.1432,297.87,0.36,50,2026-09-10T01:02:00Z,N20,Routine Flare
firms-2026-09-10-0052-48023,34.43928,5.88767,307.77,1.77,50,2026-09-10T00:52:00Z,N20,Routine Flare
firms-2026-09-10-0052-48024,30.75978,27.46809,307.44,0.74,50,2026-09-10T00:52:00Z,N20,Routine Flare
firms-2026-09-10-0102-48025,-7.06546,12.41007,319.13,2.54,50,2026-09-10T01:02:00Z,N20,Routine Flare
firms-2026-09-10-0052-48026,30.76211,27.46688,309.61,0.85,50,2026-09-10T00:52:00Z,N20,Routine Flare
firms-2026-09-10-0102-48027,-7.09776,12.33384,322.3,3.12,50,2026-09-10T01:02:00Z,N20,Routine Flare
firms-2026-09-10-0052-48028,30.84927,27.03366,301.1,0.46,50,2026-09-10T00:52:00Z,N20,Routine Flare
firms-2026-09-10-0052-48029,30.76929,27.10605,303.06,0.89,50,2026-09-10T00:52:00Z,N20,Routine Flare
firms-2026-09-10-0105-48030,-7.1202,12.36281,301.29,0.88,50,2026-09-10T01:05:00Z,N20,Routine Flare
firms-2026-09-10-0052-48031,30.74593,27.07806,299.98,0.65,50,2026-09-10T00:52:00Z,N20,Routine Flare
firms-2026-09-10-0105-48032,-7.12084,12.36733,300.23,0.88,50,2026-09-10T01:05:00Z,N20,Routine Flare
firms-2026-09-10-0052-48033,30.85392,26.61876,318.44,1.27,50,2026-09-10T00:52:00Z,N20,Routine Flare
firms-2026-09-10-0105-48034,-7.12665,12.34344,316.85,2.46,50,2026-09-10T01:05:00Z,N20,Routine Flare
firms-2026-09-10-0052-48035,30.85568,26.62038,325.08,1.78,50,2026-09-10T00:52:00Z,N20,Routine Flare
firms-2026-09-10-0052-48036,30.82294,26.469,313.68,1.21,50,2026-09-10T00:52:00Z,N20,Routine Flare
firms-2026-09-10-0105-48037,-11.25409,17.31277,299.39,1.32,50,2026-09-10T01:05:00Z,N20,Routine Flare
firms-2026-09-10-0052-48038,32.20211,20.13174,319.16,2.78,50,2026-09-10T00:52:00Z,N20,Routine Flare
firms-2026-09-10-0052-48039,30.67414,26.36789,318.73,1.16,50,2026-09-10T00:52:00Z,N20,Routine Flare
firms-2026-09-10-0105-48040,-11.25884,17.30978,296.78,1.41,50,2026-09-10T01:05:00Z,N20,Routine Flare
firms-2026-09-10-0052-48041,30.66871,26.36604,306.87,0.87,50,2026-09-10T00:52:00Z,N20,Routine Flare
firms-2026-09-10-0052-48042,30.36712,27.22673,310.88,1.19,50,2026-09-10T00:52:00Z,N20,Routine Flare
firms-2026-09-10-0105-48043,-11.26016,17.32144,297.03,1.51,50,2026-09-10T01:05:00Z,N20,Routine Flare
firms-2026-09-10-0052-48044,32.00576,20.13278,309.6,1.94,50,2026-09-10T00:52:00Z,N20,Routine Flare
firms-2026-09-10-0052-48045,30.36789,27.22982,304.64,0.85,50,2026-09-10T00:52:00Z,N20,Routine Flare
firms-2026-09-10-0052-48046,30.53465,26.08748,304.01,0.97,50,2026-09-10T00:52:00Z,N20,Routine Flare
firms-2026-09-10-0105-48047,-11.40656,16.98892,310.49,1.57,50,2026-09-10T01:05:00Z,N20,Routine Flare
firms-2026-09-10-0052-48048,32.86551,13.33191,307.72,1.16,50,2026-09-10T00:52:00Z,N20,Routine Flare
firms-2026-09-10-0052-48049,33.36655,8.54985,312.91,1.16,50,2026-09-10T00:52:00Z,N20,Routine Flare
firms-2026-09-10-0052-48050,32.82146,12.97059,323.41,2.76,50,2026-09-10T00:52:00Z,N20,Routine Flare
firms-2026-09-10-0105-48051,-11.46945,17.40817,300.23,1.25,50,2026-09-10T01:05:00Z,N20,Routine Flare
firms-2026-09-10-0052-48052,32.62556,14.32746,323.75,1.46,50,2026-09-10T00:52:00Z,N20,Routine Flare
firms-2026-09-10-0052-48053,32.62494,14.33157,312.65,1.46,50,2026-09-10T00:52:00Z,N20,Routine Flare
firms-2026-09-10-0105-48054,-11.46673,17.40636,298.75,1.03,50,2026-09-10T01:05:00Z,N20,Routine Flare
firms-2026-09-10-0052-48055,32.62225,14.32677,309.52,1.46,50,2026-09-10T00:52:00Z,N20,Routine Flare
firms-2026-09-10-0105-48056,-11.46737,17.41213,296.93,1.03,50,2026-09-10T01:05:00Z,N20,Routine Flare
firms-2026-09-10-0052-48057,32.77591,13.09707,316.84,2.26,50,2026-09-10T00:52:00Z,N20,Routine Flare
firms-2026-09-10-0052-48058,32.79305,12.69851,321.99,3.04,50,2026-09-10T00:52:00Z,N20,Routine Flare
firms-2026-09-10-0105-48059,-11.59636,17.3606,295.03,0.96,50,2026-09-10T01:05:00Z,N20,Routine Flare
firms-2026-09-10-0052-48060,32.78924,12.67476,321.17,2.28,50,2026-09-10T00:52:00Z,N20,Routine Flare
firms-2026-09-10-0052-48061,32.33095,15.24502,334.05,2.45,50,2026-09-10T00:52:00Z,N20,Routine Flare
firms-2026-09-10-0105-48062,-11.59394,17.36328,302.11,1.57,50,2026-09-10T01:05:00Z,N20,Routine Flare
firms-2026-09-10-0052-48063,30.9547,20.11623,305.19,1.86,50,2026-09-10T00:52:00Z,N20,Routine Flare
firms-2026-09-10-0105-48064,-11.87523,18.06314,298.82,1.18,50,2026-09-10T01:05:00Z,N20,Routine Flare
firms-2026-09-10-0052-48065,32.51521,6.70655,305.37,1.72,50,2026-09-10T00:52:00Z,N20,Routine Flare
firms-2026-09-10-0052-48066,32.51774,6.71146,319.01,1.06,50,2026-09-10T00:52:00Z,N20,Routine Flare
firms-2026-09-10-0105-48067,-11.87436,18.06352,297.83,0.9,50,2026-09-10T01:05:00Z,N20,Routine Flare
firms-2026-09-10-0052-48068,31.95528,11.14336,325.62,3.4,50,2026-09-10T00:52:00Z,N20,Routine Flare
firms-2026-09-10-0105-48069,-11.86926,16.60024,311,1.68,50,2026-09-10T01:05:00Z,N20,Routine Flare
firms-2026-09-10-0052-48070,32.35843,6.97668,347.69,9.23,50,2026-09-10T00:52:00Z,N20,Routine Flare
firms-2026-09-10-0052-48071,32.3358,7.01923,307.43,0.93,50,2026-09-10T00:52:00Z,N20,Routine Flare
firms-2026-09-10-0105-48072,-11.93714,16.68117,316.55,2.69,50,2026-09-10T01:05:00Z,N20,Routine Flare
firms-2026-09-10-0052-48073,30.40934,19.60102,314.96,2.2,50,2026-09-10T00:52:00Z,N20,Routine Flare
firms-2026-09-10-0105-48074,-11.93777,16.68644,298.56,2.69,50,2026-09-10T01:05:00Z,N20,Routine Flare
firms-2026-09-10-0052-48075,30.40981,19.57841,304.82,1.83,50,2026-09-10T00:52:00Z,N20,Routine Flare
firms-2026-09-10-0052-48076,30.40663,19.59461,304.68,1.93,50,2026-09-10T00:52:00Z,N20,Routine Flare
firms-2026-09-10-0105-48077,-11.94358,16.68066,311.66,2.69,50,2026-09-10T01:05:00Z,N20,Routine Flare
firms-2026-09-10-0052-48078,32.22849,6.71494,315.45,1.14,50,2026-09-10T00:52:00Z,N20,Routine Flare
firms-2026-09-10-0105-48079,-11.93898,16.68497,329.57,6.11,50,2026-09-10T01:05:00Z,N20,Routine Flare
firms-2026-09-10-0052-48080,32.40435,4.00483,367,6.03,50,2026-09-10T00:52:00Z,N20,Industrial Fire
firms-2026-09-10-0105-48081,-11.93839,16.67971,300.23,4.43,50,2026-09-10T01:05:00Z,N20,Routine Flare
firms-2026-09-10-0052-48082,32.40462,4.0006,316.31,6.03,50,2026-09-10T00:52:00Z,N20,Routine Flare
firms-2026-09-10-0052-48083,32.40474,4.00305,367,6.57,50,2026-09-10T00:52:00Z,N20,Industrial Fire
firms-2026-09-10-0105-48084,-13.15659,17.50595,298.53,1.03,50,2026-09-10T01:05:00Z,N20,Routine Flare
firms-2026-09-10-0052-48085,32.40444,4.00727,333.18,6.57,50,2026-09-10T00:52:00Z,N20,Routine Flare
firms-2026-09-10-0105-48086,-13.15822,17.50737,304.55,2.43,50,2026-09-10T01:05:00Z,N20,Routine Flare
firms-2026-09-10-0052-48087,32.13883,6.47018,338.52,6.8,50,2026-09-10T00:52:00Z,N20,Routine Flare
firms-2026-09-10-0105-48088,-13.33575,16.9363,295.37,1.3,50,2026-09-10T01:05:00Z,N20,Routine Flare
firms-2026-09-10-0052-48089,32.13407,6.46958,309.79,6.8,50,2026-09-10T00:52:00Z,N20,Routine Flare
firms-2026-09-10-0052-48090,31.39714,12.14265,323,2,50,2026-09-10T00:52:00Z,N20,Routine Flare
firms-2026-09-10-0105-48091,-14.24816,17.77636,308.88,2.67,50,2026-09-10T01:05:00Z,N20,Routine Flare
firms-2026-09-10-0052-48092,31.39653,12.14714,312.45,1.52,50,2026-09-10T00:52:00Z,N20,Routine Flare
firms-2026-09-10-0052-48093,31.31971,11.80479,344.36,7.02,50,2026-09-10T00:52:00Z,N20,Routine Flare
firms-2026-09-10-0052-48094,31.95935,5.21283,306.29,1.68,50,2026-09-10T00:52:00Z,N20,Routine Flare
firms-2026-09-10-0105-48095,-14.24687,17.77896,297.31,1.54,50,2026-09-10T01:05:00Z,N20,Routine Flare
firms-2026-09-10-0052-48096,31.8509,6.04873,316.66,2.17,50,2026-09-10T00:52:00Z,N20,Routine Flare
firms-2026-09-10-0105-48097,-14.51451,17.1847,308.38,3.97,50,2026-09-10T01:05:00Z,N20,Routine Flare
firms-2026-09-10-0052-48098,31.84604,6.0482,307.1,1.33,50,2026-09-10T00:52:00Z,N20,Routine Flare
firms-2026-09-10-0052-48099,31.8479,6.04836,315.14,2.56,50,2026-09-10T00:52:00Z,N20,Routine Flare
firms-2026-09-10-0105-48100,-14.53934,16.63708,296.85,2,50,2026-09-10T01:05:00Z,N20,Routine Flare
firms-2026-09-10-0052-48101,31.67942,6.1952,304.07,0.53,50,2026-09-10T00:52:00Z,N20,Routine Flare
firms-2026-09-10-0105-48102,-15.12151,17.71154,295.25,3.25,50,2026-09-10T01:05:00Z,N20,Routine Flare
firms-2026-09-10-0052-48103,31.67795,6.04537,306.19,1.5,50,2026-09-10T00:52:00Z,N20,Routine Flare
firms-2026-09-10-0052-48104,31.66771,6.05035,329.6,3.01,50,2026-09-10T00:52:00Z,N20,Routine Flare
firms-2026-09-10-0052-48105,31.66718,6.05658,310.87,3.01,50,2026-09-10T00:52:00Z,N20,Routine Flare
firms-2026-09-10-0052-48106,31.66287,6.04966,344.73,11.64,50,2026-09-10T00:52:00Z,N20,Routine Flare
firms-2026-09-10-0052-48107,31.66234,6.05586,346.19,11.64,50,2026-09-10T00:52:00Z,N20,Routine Flare
firms-2026-09-10-0052-48108,31.6618,6.0621,311.88,2.16,50,2026-09-10T00:52:00Z,N20,Routine Flare
firms-2026-09-10-0052-48109,31.63468,5.97661,331.04,3.29,50,2026-09-10T00:52:00Z,N20,Routine Flare
firms-2026-09-10-0052-48110,31.63677,5.97679,316.92,2.2,50,2026-09-10T00:52:00Z,N20,Routine Flare
firms-2026-09-10-0052-48111,31.6362,5.98306,311.9,2.2,50,2026-09-10T00:52:00Z,N20,Routine Flare
firms-2026-09-10-0052-48112,31.59408,5.95851,319.64,1.69,50,2026-09-10T00:52:00Z,N20,Routine Flare
firms-2026-09-10-0052-48113,31.58488,5.95112,330.72,3.11,50,2026-09-10T00:52:00Z,N20,Routine Flare
firms-2026-09-10-0052-48114,29.21404,21.64475,325.41,1.55,50,2026-09-10T00:52:00Z,N20,Routine Flare
firms-2026-09-10-0052-48115,29.22926,21.55255,308.9,1.47,50,2026-09-10T00:52:00Z,N20,Routine Flare
firms-2026-09-10-0052-48116,29.19071,21.42877,334.71,2.64,50,2026-09-10T00:52:00Z,N20,Routine Flare
firms-2026-09-10-0052-48117,31.39823,6.93426,326.55,2.08,50,2026-09-10T00:52:00Z,N20,Routine Flare
firms-2026-09-10-0052-48118,31.39876,6.92878,307.82,2.41,50,2026-09-10T00:52:00Z,N20,Routine Flare
firms-2026-09-10-0052-48119,31.39313,6.9391,309.97,2.08,50,2026-09-10T00:52:00Z,N20,Routine Flare
firms-2026-09-10-0052-48120,31.40527,5.96743,307.93,0.66,50,2026-09-10T00:52:00Z,N20,Routine Flare
firms-2026-09-10-0052-48121,31.17801,8.10556,309.64,1.46,50,2026-09-10T00:52:00Z,N20,Routine Flare
firms-2026-09-10-0052-48122,31.36416,6.04398,338.44,7.02,50,2026-09-10T00:52:00Z,N20,Routine Flare
firms-2026-09-10-0052-48123,31.36362,6.05014,305.07,7.02,50,2026-09-10T00:52:00Z,N20,Routine Flare
firms-2026-09-10-0052-48124,31.35879,6.04954,327.63,7.02,50,2026-09-10T00:52:00Z,N20,Routine Flare
firms-2026-09-10-0052-48125,29.78711,17.55573,301.76,0.8,50,2026-09-10T00:52:00Z,N20,Routine Flare
firms-2026-09-10-0052-48126,29.78629,17.56023,312.44,0.76,50,2026-09-10T00:52:00Z,N20,Routine Flare
firms-2026-09-10-0052-48127,28.78652,22.45999,304.36,0.83,50,2026-09-10T00:52:00Z,N20,Routine Flare
firms-2026-09-10-0052-48128,28.82172,22.25902,321.33,1.81,50,2026-09-10T00:52:00Z,N20,Routine Flare
firms-2026-09-10-0052-48129,29.82428,17.29165,307.7,0.32,50,2026-09-10T00:52:00Z,N20,Routine Flare
firms-2026-09-10-0052-48130,28.83619,22.12959,305.04,0.45,50,2026-09-10T00:52:00Z,N20,Routine Flare
firms-2026-09-10-0052-48131,28.83582,22.12704,304.38,1.03,50,2026-09-10T00:52:00Z,N20,Routine Flare
firms-2026-09-10-0052-48132,28.92676,21.50699,309.86,0.99,50,2026-09-10T00:52:00Z,N20,Routine Flare
firms-2026-09-10-0052-48133,31.09121,7.82766,339.7,4.94,50,2026-09-10T00:52:00Z,N20,Routine Flare
firms-2026-09-10-0052-48134,31.18953,6.78839,341.64,22.59,50,2026-09-10T00:52:00Z,N20,Industrial Fire
firms-2026-09-10-0052-48135,31.05679,8.03347,349.55,7.76,50,2026-09-10T00:52:00Z,N20,Routine Flare
firms-2026-09-10-0052-48136,29.0574,20.78197,324.01,2.62,50,2026-09-10T00:52:00Z,N20,Routine Flare
firms-2026-09-10-0052-48137,29.05649,20.7863,326.98,2.7,50,2026-09-10T00:52:00Z,N20,Routine Flare
firms-2026-09-10-0052-48138,29.03906,20.78618,342.13,6.29,50,2026-09-10T00:52:00Z,N20,Routine Flare
firms-2026-09-10-0052-48139,28.6953,22.37409,335.59,5.95,50,2026-09-10T00:52:00Z,N20,Routine Flare
firms-2026-09-10-0052-48140,31.01736,8.16369,304.98,1.94,50,2026-09-10T00:52:00Z,N20,Routine Flare
firms-2026-09-10-0052-48141,29.23024,19.69632,324.63,26.88,50,2026-09-10T00:52:00Z,N20,Industrial Fire
firms-2026-09-10-0052-48142,29.2308,19.69515,331.92,28.18,50,2026-09-10T00:52:00Z,N20,Industrial Fire
firms-2026-09-10-0052-48143,28.87298,21.22095,321.98,1.97,50,2026-09-10T00:52:00Z,N20,Routine Flare
firms-2026-09-10-0052-48144,28.91011,20.98125,341.29,12.13,50,2026-09-10T00:52:00Z,N20,Routine Flare
firms-2026-09-10-0052-48145,28.91293,20.96784,317.3,1.95,50,2026-09-10T00:52:00Z,N20,Routine Flare
firms-2026-09-10-0052-48146,28.82895,21.32208,327.52,2.58,50,2026-09-10T00:52:00Z,N20,Routine Flare
firms-2026-09-10-0052-48147,28.90737,20.95222,318.64,2.55,50,2026-09-10T00:52:00Z,N20,Routine Flare
firms-2026-09-10-0052-48148,28.8146,21.28346,338.15,5.22,50,2026-09-10T00:52:00Z,N20,Routine Flare
firms-2026-09-10-0052-48149,29.48643,17.93675,301.38,0.37,50,2026-09-10T00:52:00Z,N20,Routine Flare
firms-2026-09-10-0052-48150,28.75939,21.41287,314.1,1.17,50,2026-09-10T00:52:00Z,N20,Routine Flare
firms-2026-09-10-0052-48151,29.4416,17.96722,325.91,2.38,50,2026-09-10T00:52:00Z,N20,Routine Flare
firms-2026-09-10-0052-48152,28.75817,21.41467,316.65,1.66,50,2026-09-10T00:52:00Z,N20,Routine Flare
firms-2026-09-10-0052-48153,28.71355,21.45291,311.3,0.66,50,2026-09-10T00:52:00Z,N20,Routine Flare
firms-2026-09-10-0052-48154,28.70924,21.4517,311.88,1.01,50,2026-09-10T00:52:00Z,N20,Routine Flare
firms-2026-09-10-0052-48155,28.71487,21.38258,313.52,1,50,2026-09-10T00:52:00Z,N20,Routine Flare
firms-2026-09-10-0052-48156,28.71057,21.3814,305.8,1,50,2026-09-10T00:52:00Z,N20,Routine Flare
firms-2026-09-10-0052-48157,30.82591,8.0286,323.66,2.43,50,2026-09-10T00:52:00Z,N20,Routine Flare
firms-2026-09-10-0052-48158,28.68024,21.45888,325.41,2.66,50,2026-09-10T00:52:00Z,N20,Routine Flare
firms-2026-09-10-0052-48159,29.07512,19.06099,341.97,6.9,50,2026-09-10T00:52:00Z,N20,Routine Flare
firms-2026-09-10-0052-48160,29.07409,19.06627,308.09,6.9,50,2026-09-10T00:52:00Z,N20,Routine Flare
firms-2026-09-10-0052-48161,29.07136,19.06003,339.24,13.52,50,2026-09-10T00:52:00Z,N20,Routine Flare
firms-2026-09-10-0052-48162,28.91382,19.77167,305.52,46.61,50,2026-09-10T00:52:00Z,N20,Industrial Fire
firms-2026-09-10-0052-48163,28.91303,19.77556,312.36,46.61,50,2026-09-10T00:52:00Z,N20,Industrial Fire
firms-2026-09-10-0052-48164,28.91093,19.76557,329.47,4.73,50,2026-09-10T00:52:00Z,N20,Routine Flare
firms-2026-09-10-0052-48165,28.90992,19.77061,337.45,46.61,50,2026-09-10T00:52:00Z,N20,Industrial Fire
firms-2026-09-10-0052-48166,28.90912,19.77452,340.55,46.61,50,2026-09-10T00:52:00Z,N20,Industrial Fire
firms-2026-09-10-0052-48167,28.90833,19.77839,308.92,6.62,50,2026-09-10T00:52:00Z,N20,Routine Flare
firms-2026-09-10-0052-48168,30.66451,8.09946,307.61,1.83,50,2026-09-10T00:52:00Z,N20,Routine Flare
firms-2026-09-10-0052-48169,30.66401,8.10404,318.01,1.27,50,2026-09-10T00:52:00Z,N20,Routine Flare
firms-2026-09-10-0052-48170,30.89786,5.58367,319.57,2.8,50,2026-09-10T00:52:00Z,N20,Routine Flare
firms-2026-09-10-0052-48171,30.87797,5.63993,316.99,1.96,50,2026-09-10T00:52:00Z,N20,Routine Flare
firms-2026-09-10-0052-48172,30.61285,8.26077,311.03,1.16,50,2026-09-10T00:52:00Z,N20,Routine Flare
firms-2026-09-10-0052-48173,28.3742,21.94036,311.56,1.31,50,2026-09-10T00:52:00Z,N20,Routine Flare
firms-2026-09-10-0052-48174,28.52812,20.78782,307.66,0.72,50,2026-09-10T00:52:00Z,N20,Routine Flare
firms-2026-09-10-0052-48175,30.38879,7.9069,325.84,2.43,50,2026-09-10T00:52:00Z,N20,Routine Flare
firms-2026-09-10-0052-48176,27.98857,22.32575,337.79,9.1,50,2026-09-10T00:52:00Z,N20,Routine Flare
firms-2026-09-10-0052-48177,27.94612,22.38455,309.52,1.31,50,2026-09-10T00:52:00Z,N20,Routine Flare
firms-2026-09-10-0052-48178,30.37588,7.00818,336.01,4.55,50,2026-09-10T00:52:00Z,N20,Routine Flare
firms-2026-09-10-0052-48179,28.93604,17.29629,303.34,0.42,50,2026-09-10T00:52:00Z,N20,Routine Flare
firms-2026-09-10-0052-48180,30.25496,8.08338,310.8,1.84,50,2026-09-10T00:52:00Z,N20,Routine Flare
firms-2026-09-10-0052-48181,30.40095,6.54288,306.77,0.84,50,2026-09-10T00:52:00Z,N20,Routine Flare
firms-2026-09-10-0052-48182,30.25448,8.08501,308.79,0.91,50,2026-09-10T00:52:00Z,N20,Routine Flare
firms-2026-09-10-0052-48183,28.43402,19.5879,332.05,9.58,50,2026-09-10T00:52:00Z,N20,Routine Flare
firms-2026-09-10-0052-48184,27.8148,22.43478,337.85,6.9,50,2026-09-10T00:52:00Z,N20,Routine Flare
firms-2026-09-10-0052-48185,30.17981,7.68715,308.77,0.97,50,2026-09-10T00:52:00Z,N20,Routine Flare
firms-2026-09-10-0052-48186,30.18227,7.6868,303.54,0.6,50,2026-09-10T00:52:00Z,N20,Routine Flare
firms-2026-09-10-0052-48187,27.64961,22.50313,335.04,5.23,50,2026-09-10T00:52:00Z,N20,Routine Flare
firms-2026-09-10-0052-48188,28.20858,19.91301,318.89,1.38,50,2026-09-10T00:52:00Z,N20,Routine Flare
firms-2026-09-10-0052-48189,27.65008,22.47903,337.83,3.72,50,2026-09-10T00:52:00Z,N20,Routine Flare
firms-2026-09-10-0052-48190,27.64492,22.5018,336.42,5.23,50,2026-09-10T00:52:00Z,N20,Routine Flare
firms-2026-09-10-0052-48191,27.64959,22.50109,334.43,5.51,50,2026-09-10T00:52:00Z,N20,Routine Flare
firms-2026-09-10-0052-48192,27.64865,22.48263,337.69,7.22,50,2026-09-10T00:52:00Z,N20,Routine Flare
firms-2026-09-10-0052-48193,27.64489,22.49976,336.3,5.51,50,2026-09-10T00:52:00Z,N20,Routine Flare
firms-2026-09-10-0052-48194,27.58169,22.40339,338.03,5.97,50,2026-09-10T00:52:00Z,N20,Routine Flare
firms-2026-09-10-0052-48195,28.58244,17.33168,337.46,8.99,50,2026-09-10T00:52:00Z,N20,Routine Flare
firms-2026-09-10-0052-48196,28.58307,17.32932,329.59,10.22,50,2026-09-10T00:52:00Z,N20,Routine Flare
firms-2026-09-10-0052-48197,27.57493,22.34016,318.25,2.76,50,2026-09-10T00:52:00Z,N20,Routine Flare
firms-2026-09-10-0052-48198,28.05695,19.9092,322.05,2.79,50,2026-09-10T00:52:00Z,N20,Routine Flare
firms-2026-09-10-0052-48199,28.05612,19.91328,337.14,3.9,50,2026-09-10T00:52:00Z,N20,Routine Flare
firms-2026-09-10-0052-48200,27.9863,19.90372,341.82,14.14,50,2026-09-10T00:52:00Z,N20,Routine Flare
firms-2026-09-10-0052-48201,28.10237,19.2515,315.14,1.32,50,2026-09-10T00:52:00Z,N20,Routine Flare
firms-2026-09-10-0052-48202,28.10235,19.24957,315.16,1.59,50,2026-09-10T00:52:00Z,N20,Routine Flare
firms-2026-09-10-0052-48203,27.59697,21.61659,307.78,0.96,50,2026-09-10T00:52:00Z,N20,Routine Flare
firms-2026-09-10-0052-48204,28.12763,18.791,328.56,2.59,50,2026-09-10T00:52:00Z,N20,Routine Flare
firms-2026-09-10-0052-48205,28.23426,18.09732,305.19,0.64,50,2026-09-10T00:52:00Z,N20,Routine Flare
firms-2026-09-10-0052-48206,29.70338,6.71226,319.41,3.23,50,2026-09-10T00:52:00Z,N20,Routine Flare
firms-2026-09-10-0052-48207,29.69936,6.70637,320.41,2,50,2026-09-10T00:52:00Z,N20,Routine Flare
firms-2026-09-10-0052-48208,29.69532,6.70048,333.46,4.96,50,2026-09-10T00:52:00Z,N20,Routine Flare
firms-2026-09-10-0052-48209,29.67,6.7239,329.03,3.32,50,2026-09-10T00:52:00Z,N20,Routine Flare
firms-2026-09-10-0054-48210,29.11066,9.66651,335.1,17.99,50,2026-09-10T00:54:00Z,N20,Industrial Fire
firms-2026-09-10-0054-48211,29.10687,9.6659,311.93,3.44,50,2026-09-10T00:54:00Z,N20,Routine Flare
firms-2026-09-10-0054-48212,29.1076,9.66461,328.74,6.68,50,2026-09-10T00:54:00Z,N20,Routine Flare
firms-2026-09-10-0054-48213,29.10694,9.6699,321.22,6.4,50,2026-09-10T00:54:00Z,N20,Routine Flare
firms-2026-09-10-0054-48214,28.93594,10.0152,303.68,0.65,50,2026-09-10T00:54:00Z,N20,Routine Flare
firms-2026-09-10-0054-48215,27.58281,18.46761,313.39,1.25,50,2026-09-10T00:54:00Z,N20,Routine Flare
firms-2026-09-10-0054-48216,28.92122,9.98182,304.07,0.57,50,2026-09-10T00:54:00Z,N20,Routine Flare
firms-2026-09-10-0054-48217,28.92397,9.74648,319.55,1.61,50,2026-09-10T00:54:00Z,N20,Routine Flare
firms-2026-09-10-0054-48218,28.9202,9.74587,329.26,8.52,50,2026-09-10T00:54:00Z,N20,Routine Flare
firms-2026-09-10-0054-48219,28.89273,9.96681,304.76,0.54,50,2026-09-10T00:54:00Z,N20,Routine Flare
firms-2026-09-10-0054-48220,28.91644,9.74526,337.73,8.52,50,2026-09-10T00:54:00Z,N20,Routine Flare
firms-2026-09-10-0054-48221,28.91267,9.74465,303.99,0.77,50,2026-09-10T00:54:00Z,N20,Routine Flare
firms-2026-09-10-0054-48222,28.8661,9.9365,317.29,1.34,50,2026-09-10T00:54:00Z,N20,Routine Flare
firms-2026-09-10-0054-48223,28.82291,9.90711,304.76,0.94,50,2026-09-10T00:54:00Z,N20,Routine Flare
firms-2026-09-10-0054-48224,28.82226,9.91221,310.08,0.94,50,2026-09-10T00:54:00Z,N20,Routine Flare
firms-2026-09-10-0054-48225,28.73784,9.78662,329.16,3.55,50,2026-09-10T00:54:00Z,N20,Routine Flare
firms-2026-09-10-0054-48226,28.73318,9.15408,316.58,2.03,50,2026-09-10T00:54:00Z,N20,Routine Flare
firms-2026-09-10-0054-48227,28.73641,9.1535,318.58,1.77,50,2026-09-10T00:54:00Z,N20,Routine Flare
firms-2026-09-10-0054-48228,28.63863,9.77942,307.46,0.93,50,2026-09-10T00:54:00Z,N20,Routine Flare
firms-2026-09-10-0054-48229,28.63798,9.78454,313.05,0.93,50,2026-09-10T00:54:00Z,N20,Routine Flare
firms-2026-09-10-0054-48230,28.63424,9.78393,315.79,0.93,50,2026-09-10T00:54:00Z,N20,Routine Flare
firms-2026-09-10-0054-48231,28.67277,9.38293,325.23,2.54,50,2026-09-10T00:54:00Z,N20,Routine Flare
firms-2026-09-10-0054-48232,28.52999,9.11978,318.54,0.67,50,2026-09-10T00:54:00Z,N20,Routine Flare
firms-2026-09-10-0054-48233,28.52612,9.11918,329.3,3.02,50,2026-09-10T00:54:00Z,N20,Routine Flare
firms-2026-09-10-0054-48234,28.66199,7.91169,304.57,0.91,50,2026-09-10T00:54:00Z,N20,Routine Flare
firms-2026-09-10-0054-48235,28.52915,9.11943,328.8,6.03,50,2026-09-10T00:54:00Z,N20,Routine Flare
firms-2026-09-10-0054-48236,28.523,9.169,306.64,0.93,50,2026-09-10T00:54:00Z,N20,Routine Flare
firms-2026-09-10-0054-48237,28.66091,7.9103,310.71,1.11,50,2026-09-10T00:54:00Z,N20,Routine Flare
firms-2026-09-10-0054-48238,28.68803,7.19122,314.04,0.98,50,2026-09-10T00:54:00Z,N20,Routine Flare
firms-2026-09-10-0054-48239,28.68752,7.19602,309.3,1.6,50,2026-09-10T00:54:00Z,N20,Routine Flare
firms-2026-09-10-0054-48240,28.68368,7.19055,300.94,0.63,50,2026-09-10T00:54:00Z,N20,Routine Flare
firms-2026-09-10-0054-48241,28.63841,7.53372,311,0.8,50,2026-09-10T00:54:00Z,N20,Routine Flare
firms-2026-09-10-0054-48242,28.61945,7.70899,304.83,0.47,50,2026-09-10T00:54:00Z,N20,Routine Flare
firms-2026-09-10-0054-48243,28.46547,9.05756,306.13,0.86,50,2026-09-10T00:54:00Z,N20,Routine Flare
firms-2026-09-10-0054-48244,28.45229,9.13459,320.64,1.14,50,2026-09-10T00:54:00Z,N20,Routine Flare
firms-2026-09-10-0054-48245,28.44842,9.134,315.13,1.95,50,2026-09-10T00:54:00Z,N20,Routine Flare
firms-2026-09-10-0054-48246,28.60021,7.25806,325.21,2.61,50,2026-09-10T00:54:00Z,N20,Routine Flare
firms-2026-09-10-0054-48247,28.55915,7.51531,328.82,1.74,50,2026-09-10T00:54:00Z,N20,Routine Flare
firms-2026-09-10-0054-48248,28.479,7.50655,302.82,0.49,50,2026-09-10T00:54:00Z,N20,Routine Flare
firms-2026-09-10-0054-48249,28.47849,7.51114,307.59,1.27,50,2026-09-10T00:54:00Z,N20,Routine Flare
firms-2026-09-10-0054-48250,28.46997,7.50985,310.42,0.89,50,2026-09-10T00:54:00Z,N20,Routine Flare
firms-2026-09-10-0054-48251,28.19265,9.80298,321.58,2.12,50,2026-09-10T00:54:00Z,N20,Routine Flare
firms-2026-09-10-0054-48252,28.46045,7.51775,314.37,1.26,50,2026-09-10T00:54:00Z,N20,Routine Flare
firms-2026-09-10-0054-48253,28.41446,7.54325,310.41,1.48,50,2026-09-10T00:54:00Z,N20,Routine Flare
firms-2026-09-10-0054-48254,28.07907,9.78724,331.07,10.58,50,2026-09-10T00:54:00Z,N20,Routine Flare
firms-2026-09-10-0054-48255,27.92723,9.24893,329.68,2.97,50,2026-09-10T00:54:00Z,N20,Routine Flare
firms-2026-09-10-0054-48256,27.72511,9.87645,316.81,1.38,50,2026-09-10T00:54:00Z,N20,Routine Flare
firms-2026-09-10-0054-48257,27.75763,9.18161,328.89,3.69,50,2026-09-10T00:54:00Z,N20,Routine Flare
firms-2026-09-10-0054-48258,27.7593,9.17997,329.27,3.96,50,2026-09-10T00:54:00Z,N20,Routine Flare
firms-2026-09-10-0054-48259,27.75117,9.15147,305.07,0.76,50,2026-09-10T00:54:00Z,N20,Routine Flare
firms-2026-09-10-0054-48260,27.73567,9.18171,328.62,4.31,50,2026-09-10T00:54:00Z,N20,Routine Flare
firms-2026-09-10-0054-48261,27.70568,9.17181,310.34,1.27,50,2026-09-10T00:54:00Z,N20,Routine Flare
firms-2026-09-10-0054-48262,27.70185,9.17123,311.28,1.27,50,2026-09-10T00:54:00Z,N20,Routine Flare
firms-2026-09-10-0054-48263,27.53026,9.62269,308.66,0.87,50,2026-09-10T00:54:00Z,N20,Routine Flare
firms-2026-09-10-0054-48264,27.52653,9.6221,311.33,1.22,50,2026-09-10T00:54:00Z,N20,Routine Flare
firms-2026-09-10-0054-48265,28.21515,-0.16364,321.05,2.36,50,2026-09-10T00:54:00Z,N20,Routine Flare
firms-2026-09-10-0054-48266,27.41186,8.83593,312.2,0.95,50,2026-09-10T00:54:00Z,N20,Routine Flare
firms-2026-09-10-0054-48267,28.19962,-0.52413,308.96,1.68,50,2026-09-10T00:54:00Z,N20,Routine Flare
firms-2026-09-10-0054-48268,26.75762,12.41326,337.5,6.91,50,2026-09-10T00:54:00Z,N20,Routine Flare
firms-2026-09-10-0054-48269,26.70066,12.45111,336.24,7.6,50,2026-09-10T00:54:00Z,N20,Routine Flare
firms-2026-09-10-0054-48270,26.56453,12.67869,318.55,1.61,50,2026-09-10T00:54:00Z,N20,Routine Flare
firms-2026-09-10-0054-48271,26.58065,12.21235,326.71,1.26,50,2026-09-10T00:54:00Z,N20,Routine Flare
firms-2026-09-10-0054-48272,26.13639,14.47983,315.18,1.48,50,2026-09-10T00:54:00Z,N20,Routine Flare
firms-2026-09-10-0041-48273,65.76868,24.19341,333.24,5.34,50,2026-09-10T00:41:00Z,N20,Routine Flare
firms-2026-09-10-0041-48274,65.76624,24.18128,315.38,1.38,50,2026-09-10T00:41:00Z,N20,Routine Flare
firms-2026-09-10-0041-48275,66.3112,14.17705,305.46,1.83,50,2026-09-10T00:41:00Z,N20,Routine Flare
firms-2026-09-10-0041-48276,65.56456,22.22331,336.5,39.92,50,2026-09-10T00:41:00Z,N20,Industrial Fire
firms-2026-09-10-0043-48277,58.57677,49.36566,306.97,0.92,50,2026-09-10T00:43:00Z,N20,Routine Flare
firms-2026-09-10-0043-48278,64.66614,21.27839,302.02,0.82,50,2026-09-10T00:43:00Z,N20,Routine Flare
firms-2026-09-10-0043-48279,64.66242,21.27647,299.07,0.82,50,2026-09-10T00:43:00Z,N20,Routine Flare
firms-2026-09-10-0043-48280,55.86764,48.96416,306.85,1.22,50,2026-09-10T00:43:00Z,N20,Routine Flare
firms-2026-09-10-0043-48281,59.14904,37.86715,338.77,4.73,50,2026-09-10T00:43:00Z,N20,Routine Flare
firms-2026-09-10-0043-48282,59.15224,37.83723,296.1,1.51,50,2026-09-10T00:43:00Z,N20,Routine Flare
firms-2026-09-10-0043-48283,59.15051,37.84378,313.21,1.72,50,2026-09-10T00:43:00Z,N20,Routine Flare
firms-2026-09-10-0043-48284,59.14877,37.85033,297.91,1.72,50,2026-09-10T00:43:00Z,N20,Routine Flare
firms-2026-09-10-0043-48285,59.14852,37.83352,324.31,1.51,50,2026-09-10T00:43:00Z,N20,Routine Flare
firms-2026-09-10-0043-48286,59.1465,37.82331,297.48,0.85,50,2026-09-10T00:43:00Z,N20,Routine Flare
firms-2026-09-10-0043-48287,59.13958,37.84941,299.28,1.23,50,2026-09-10T00:43:00Z,N20,Routine Flare
firms-2026-09-10-0043-48288,59.14662,37.83278,303.55,1.28,50,2026-09-10T00:43:00Z,N20,Routine Flare
firms-2026-09-10-0043-48289,59.14148,37.85251,297.11,1.35,50,2026-09-10T00:43:00Z,N20,Routine Flare
firms-2026-09-10-0043-48290,59.14458,37.82255,300.58,0.72,50,2026-09-10T00:43:00Z,N20,Routine Flare
firms-2026-09-10-0043-48291,59.13947,37.84214,306.28,1.35,50,2026-09-10T00:43:00Z,N20,Routine Flare
firms-2026-09-10-0043-48292,59.13881,37.80862,300.48,1.03,50,2026-09-10T00:43:00Z,N20,Routine Flare
firms-2026-09-10-0043-48293,59.13307,37.7946,307.97,1.29,50,2026-09-10T00:43:00Z,N20,Routine Flare
firms-2026-09-10-0043-48294,59.52987,34.14028,295.14,1.28,50,2026-09-10T00:43:00Z,N20,Routine Flare
firms-2026-09-10-0043-48295,59.5281,34.14816,310.57,1.28,50,2026-09-10T00:43:00Z,N20,Routine Flare
firms-2026-09-10-0043-48296,59.52452,34.16404,299.08,0.57,50,2026-09-10T00:43:00Z,N20,Routine Flare
firms-2026-09-10-0043-48297,58.39044,33.87038,296.68,0.46,50,2026-09-10T00:43:00Z,N20,Routine Flare
firms-2026-09-10-0043-48298,55.42239,38.60566,295.68,0.76,50,2026-09-10T00:43:00Z,N20,Routine Flare
firms-2026-09-10-0043-48299,55.5555,37.76387,297.05,1.13,50,2026-09-10T00:43:00Z,N20,Routine Flare
firms-2026-09-10-0043-48300,55.55254,37.76371,296.46,1.02,50,2026-09-10T00:43:00Z,N20,Routine Flare
firms-2026-09-10-0043-48301,55.06293,38.83551,302.07,1.57,50,2026-09-10T00:43:00Z,N20,Routine Flare
firms-2026-09-10-0043-48302,58.67542,17.13269,297.67,2.7,50,2026-09-10T00:43:00Z,N20,Routine Flare
firms-2026-09-10-0043-48303,58.6715,17.13143,322.72,2.7,50,2026-09-10T00:43:00Z,N20,Routine Flare
firms-2026-09-10-0043-48304,58.67068,17.14093,326.31,4.88,50,2026-09-10T00:43:00Z,N20,Routine Flare
firms-2026-09-10-0043-48305,54.24864,38.87489,304.69,1.1,50,2026-09-10T00:43:00Z,N20,Routine Flare
firms-2026-09-10-0043-48306,54.21541,38.92634,309.41,1.58,50,2026-09-10T00:43:00Z,N20,Routine Flare
firms-2026-09-10-0043-48307,54.0868,38.18371,314,4.4,50,2026-09-10T00:43:00Z,N20,Routine Flare
firms-2026-09-10-0043-48308,54.16992,37.71838,339.7,15.55,50,2026-09-10T00:43:00Z,N20,Industrial Fire
firms-2026-09-10-0043-48309,54.16552,37.71455,303.15,15.55,50,2026-09-10T00:43:00Z,N20,Industrial Fire
firms-2026-09-10-0045-48310,52.56812,39.69968,302.86,0.6,50,2026-09-10T00:45:00Z,N20,Routine Flare
firms-2026-09-10-0045-48311,52.56636,39.705,299.33,0.6,50,2026-09-10T00:45:00Z,N20,Routine Flare
firms-2026-09-10-0045-48312,52.56853,39.69968,303.94,1.22,50,2026-09-10T00:45:00Z,N20,Routine Flare
firms-2026-09-10-0045-48313,52.5668,39.70501,297.65,1.28,50,2026-09-10T00:45:00Z,N20,Routine Flare
firms-2026-09-10-0045-48314,52.54942,39.64125,320.54,1.46,50,2026-09-10T00:45:00Z,N20,Routine Flare
firms-2026-09-10-0045-48315,52.56335,39.59846,298.22,2.41,50,2026-09-10T00:45:00Z,N20,Routine Flare
firms-2026-09-10-0045-48316,52.55815,39.61444,317.65,1.38,50,2026-09-10T00:45:00Z,N20,Routine Flare
firms-2026-09-10-0045-48317,52.55118,39.63585,298.01,1.46,50,2026-09-10T00:45:00Z,N20,Routine Flare
firms-2026-09-10-0045-48318,52.55146,39.6155,302.3,1.38,50,2026-09-10T00:45:00Z,N20,Routine Flare
firms-2026-09-10-0045-48319,52.54624,39.63152,317.85,1.46,50,2026-09-10T00:45:00Z,N20,Routine Flare
firms-2026-09-10-0045-48320,52.54448,39.63692,298.13,1.46,50,2026-09-10T00:45:00Z,N20,Routine Flare
firms-2026-09-10-0045-48321,52.55866,39.57396,347.6,5.79,50,2026-09-10T00:45:00Z,N20,Routine Flare
firms-2026-09-10-0045-48322,52.54478,39.61656,297.51,0.63,50,2026-09-10T00:45:00Z,N20,Routine Flare
firms-2026-09-10-0045-48323,52.53463,39.6282,327.91,3.11,50,2026-09-10T00:45:00Z,N20,Routine Flare
firms-2026-09-10-0045-48324,52.53984,39.61223,302.59,0.63,50,2026-09-10T00:45:00Z,N20,Routine Flare
firms-2026-09-10-0045-48325,52.53811,39.61754,297.47,0.63,50,2026-09-10T00:45:00Z,N20,Routine Flare
firms-2026-09-10-0045-48326,52.53116,39.63882,305.53,2.06,50,2026-09-10T00:45:00Z,N20,Routine Flare
firms-2026-09-10-0045-48327,57.06512,9.97514,313.41,0.8,50,2026-09-10T00:45:00Z,N20,Routine Flare
firms-2026-09-10-0045-48328,57.06005,9.9746,321.76,1.67,50,2026-09-10T00:45:00Z,N20,Routine Flare
firms-2026-09-10-0045-48329,53.44685,34.4156,297.03,1.87,50,2026-09-10T00:45:00Z,N20,Routine Flare
firms-2026-09-10-0045-48330,53.44094,34.41936,297.83,1.87,50,2026-09-10T00:45:00Z,N20,Routine Flare
firms-2026-09-10-0045-48331,53.33749,34.27887,297.76,0.83,50,2026-09-10T00:45:00Z,N20,Routine Flare
firms-2026-09-10-0045-48332,52.39536,35.53823,295.82,1.49,50,2026-09-10T00:45:00Z,N20,Routine Flare
firms-2026-09-10-0045-48333,51.48657,37.44457,301.18,0.73,50,2026-09-10T00:45:00Z,N20,Routine Flare
firms-2026-09-10-0045-48334,51.48625,37.44726,300.11,0.62,50,2026-09-10T00:45:00Z,N20,Routine Flare
firms-2026-09-10-0045-48335,51.26061,37.76451,322.77,2.86,50,2026-09-10T00:45:00Z,N20,Routine Flare
firms-2026-09-10-0045-48336,52.80701,32.22309,302.6,1.4,50,2026-09-10T00:45:00Z,N20,Routine Flare
firms-2026-09-10-0045-48337,51.25868,37.76155,319.28,2.61,50,2026-09-10T00:45:00Z,N20,Routine Flare
firms-2026-09-10-0045-48338,51.13808,37.93059,332.23,3.09,50,2026-09-10T00:45:00Z,N20,Routine Flare
firms-2026-09-10-0045-48339,52.5326,33.03664,303.38,1.16,50,2026-09-10T00:45:00Z,N20,Routine Flare
firms-2026-09-10-0045-48340,52.39693,32.38819,303.89,0.88,50,2026-09-10T00:45:00Z,N20,Routine Flare
firms-2026-09-10-0045-48341,52.39447,32.37956,308.69,1.11,50,2026-09-10T00:45:00Z,N20,Routine Flare
firms-2026-09-10-0045-48342,52.39297,32.38555,303.26,1.11,50,2026-09-10T00:45:00Z,N20,Routine Flare
firms-2026-09-10-0045-48343,52.39146,32.39157,318.5,2.14,50,2026-09-10T00:45:00Z,N20,Routine Flare
firms-2026-09-10-0045-48344,52.38844,32.40364,317.68,1.11,50,2026-09-10T00:45:00Z,N20,Routine Flare
firms-2026-09-10-0045-48345,52.3875,32.38894,315.37,2.14,50,2026-09-10T00:45:00Z,N20,Routine Flare
firms-2026-09-10-0045-48346,52.38599,32.39497,313.92,2.14,50,2026-09-10T00:45:00Z,N20,Routine Flare
firms-2026-09-10-0045-48347,52.38448,32.40099,303.97,1.11,50,2026-09-10T00:45:00Z,N20,Routine Flare
firms-2026-09-10-0045-48348,52.38297,32.40702,295.77,1.11,50,2026-09-10T00:45:00Z,N20,Routine Flare
firms-2026-09-10-0045-48349,52.37597,32.41646,304.03,0.6,50,2026-09-10T00:45:00Z,N20,Routine Flare
firms-2026-09-10-0045-48350,52.37958,32.38368,323.55,1.99,50,2026-09-10T00:45:00Z,N20,Routine Flare
firms-2026-09-10-0045-48351,52.38109,32.37766,317.06,2.09,50,2026-09-10T00:45:00Z,N20,Routine Flare
firms-2026-09-10-0045-48352,52.37806,32.38972,298.99,1.99,50,2026-09-10T00:45:00Z,N20,Routine Flare
firms-2026-09-10-0045-48353,52.33211,32.57184,296.37,0.49,50,2026-09-10T00:45:00Z,N20,Routine Flare
firms-2026-09-10-0045-48354,52.37561,32.38105,354.93,5.96,50,2026-09-10T00:45:00Z,N20,Routine Flare
firms-2026-09-10-0045-48355,52.3741,32.38709,296.48,5.96,50,2026-09-10T00:45:00Z,N20,Routine Flare
firms-2026-09-10-0045-48356,52.37013,32.38446,328.7,5.96,50,2026-09-10T00:45:00Z,N20,Routine Flare
firms-2026-09-10-0045-48357,52.35707,32.41791,295.53,0.32,50,2026-09-10T00:45:00Z,N20,Routine Flare
firms-2026-09-10-0045-48358,50.15198,39.68555,295.62,1.46,50,2026-09-10T00:45:00Z,N20,Routine Flare
firms-2026-09-10-0045-48359,52.29893,32.39297,306.71,1.85,50,2026-09-10T00:45:00Z,N20,Routine Flare
firms-2026-09-10-0045-48360,52.29345,32.39641,295.34,0.61,50,2026-09-10T00:45:00Z,N20,Routine Flare
firms-2026-09-10-0045-48361,50.1496,39.68384,299.23,0.72,50,2026-09-10T00:45:00Z,N20,Routine Flare
firms-2026-09-10-0045-48362,52.85497,29.99436,299.03,1.42,50,2026-09-10T00:45:00Z,N20,Routine Flare
firms-2026-09-10-0045-48363,52.84772,29.98991,301.81,1.04,50,2026-09-10T00:45:00Z,N20,Routine Flare
firms-2026-09-10-0045-48364,52.22382,32.37811,300.02,1.3,50,2026-09-10T00:45:00Z,N20,Routine Flare
firms-2026-09-10-0045-48365,51.6568,34.08474,301.32,0.79,50,2026-09-10T00:45:00Z,N20,Routine Flare
firms-2026-09-10-0045-48366,50.43097,37.84864,367,5.34,50,2026-09-10T00:45:00Z,N20,Industrial Fire
firms-2026-09-10-0045-48367,51.33359,34.63444,298.34,1.37,50,2026-09-10T00:45:00Z,N20,Routine Flare
firms-2026-09-10-0045-48368,50.86988,35.46188,297.71,0.78,50,2026-09-10T00:45:00Z,N20,Routine Flare
firms-2026-09-10-0045-48369,50.85458,35.47626,337.15,1.88,50,2026-09-10T00:45:00Z,N20,Routine Flare
firms-2026-09-10-0045-48370,53.27177,24.44365,298.95,0.55,50,2026-09-10T00:45:00Z,N20,Routine Flare
firms-2026-09-10-0045-48371,53.26432,24.44623,301.55,0.69,50,2026-09-10T00:45:00Z,N20,Routine Flare
firms-2026-09-10-0045-48372,53.26011,24.45036,304.97,1.25,50,2026-09-10T00:45:00Z,N20,Routine Flare
firms-2026-09-10-0045-48373,51.80619,30.86072,299.5,0.49,50,2026-09-10T00:45:00Z,N20,Routine Flare
firms-2026-09-10-0045-48374,51.8049,30.86607,306.12,1.32,50,2026-09-10T00:45:00Z,N20,Routine Flare
firms-2026-09-10-0045-48375,49.65447,37.6357,301.79,0.79,50,2026-09-10T00:45:00Z,N20,Routine Flare
firms-2026-09-10-0045-48376,51.89354,29.34341,329.88,2.89,50,2026-09-10T00:45:00Z,N20,Routine Flare
firms-2026-09-10-0045-48377,51.8899,29.3413,311.98,2.89,50,2026-09-10T00:45:00Z,N20,Routine Flare
firms-2026-09-10-0045-48378,51.89467,29.3451,315.5,1.77,50,2026-09-10T00:45:00Z,N20,Routine Flare
firms-2026-09-10-0045-48379,51.89103,29.34298,323.83,1.77,50,2026-09-10T00:45:00Z,N20,Routine Flare
firms-2026-09-10-0045-48380,51.889,29.33362,296.75,1.12,50,2026-09-10T00:45:00Z,N20,Routine Flare
firms-2026-09-10-0045-48381,51.88739,29.34087,300.17,0.89,50,2026-09-10T00:45:00Z,N20,Routine Flare
firms-2026-09-10-0045-48382,49.65699,37.63686,303.75,1.05,50,2026-09-10T00:45:00Z,N20,Routine Flare
firms-2026-09-10-0045-48383,50.45627,34.16888,316.09,2.24,50,2026-09-10T00:45:00Z,N20,Routine Flare
firms-2026-09-10-0045-48384,50.45626,34.17073,321.84,2.87,50,2026-09-10T00:45:00Z,N20,Routine Flare
firms-2026-09-10-0045-48385,50.05069,34.01046,296.16,0.37,50,2026-09-10T00:45:00Z,N20,Routine Flare
firms-2026-09-10-0045-48386,48.46838,38.75886,300.31,1.08,50,2026-09-10T00:45:00Z,N20,Routine Flare
firms-2026-09-10-0045-48387,48.46802,38.75735,295.92,0.93,50,2026-09-10T00:45:00Z,N20,Routine Flare
firms-2026-09-10-0045-48388,48.46255,38.75294,298.97,0.93,50,2026-09-10T00:45:00Z,N20,Routine Flare
firms-2026-09-10-0045-48389,50.59528,31.32535,304.14,1.07,50,2026-09-10T00:45:00Z,N20,Routine Flare
firms-2026-09-10-0045-48390,50.96932,29.67429,296.54,1.01,50,2026-09-10T00:45:00Z,N20,Routine Flare
firms-2026-09-10-0045-48391,48.69873,37.12572,323.59,1.9,50,2026-09-10T00:45:00Z,N20,Routine Flare
firms-2026-09-10-0045-48392,48.53718,37.08131,312.69,1.71,50,2026-09-10T00:45:00Z,N20,Routine Flare
firms-2026-09-10-0045-48393,48.54432,37.01923,306.33,1.19,50,2026-09-10T00:45:00Z,N20,Routine Flare
firms-2026-09-10-0045-48394,48.53604,37.07813,321.14,2.36,50,2026-09-10T00:45:00Z,N20,Routine Flare
firms-2026-09-10-0045-48395,48.5429,37.01589,300.86,1.08,50,2026-09-10T00:45:00Z,N20,Routine Flare
firms-2026-09-10-0045-48396,48.30143,37.18048,310.58,0.89,50,2026-09-10T00:45:00Z,N20,Routine Flare
firms-2026-09-10-0045-48397,53.12794,8.67173,367,3.41,50,2026-09-10T00:45:00Z,N20,Industrial Fire
firms-2026-09-10-0045-48398,53.12775,8.67684,306.82,3.41,50,2026-09-10T00:45:00Z,N20,Routine Flare
firms-2026-09-10-0045-48399,48.1125,36.35603,296.05,0.63,50,2026-09-10T00:45:00Z,N20,Routine Flare
firms-2026-09-10-0045-48400,51.13883,23.55353,310.8,0.71,50,2026-09-10T00:45:00Z,N20,Routine Flare
firms-2026-09-10-0045-48401,48.47299,34.63103,306.97,0.97,50,2026-09-10T00:45:00Z,N20,Routine Flare
firms-2026-09-10-0045-48402,47.51578,37.65092,343.92,5.43,50,2026-09-10T00:45:00Z,N20,Routine Flare
firms-2026-09-10-0045-48403,50.54292,26.26109,309.23,1.13,50,2026-09-10T00:45:00Z,N20,Routine Flare
firms-2026-09-10-0045-48404,47.4886,37.7321,301.88,1.69,50,2026-09-10T00:45:00Z,N20,Routine Flare
firms-2026-09-10-0045-48405,47.48302,37.72828,313.91,1.69,50,2026-09-10T00:45:00Z,N20,Routine Flare
firms-2026-09-10-0045-48406,47.48092,37.73454,298.41,2.31,50,2026-09-10T00:45:00Z,N20,Routine Flare
firms-2026-09-10-0045-48407,47.52068,37.65073,307.72,2.1,50,2026-09-10T00:45:00Z,N20,Routine Flare
firms-2026-09-10-0045-48408,47.48632,37.7345,329.58,3.2,50,2026-09-10T00:45:00Z,N20,Routine Flare
firms-2026-09-10-0045-48409,47.51521,37.64665,317.92,2.1,50,2026-09-10T00:45:00Z,N20,Routine Flare
firms-2026-09-10-0045-48410,47.51317,37.65286,310.48,2.1,50,2026-09-10T00:45:00Z,N20,Routine Flare
firms-2026-09-10-0045-48411,52.46892,7.31672,337.51,3.14,50,2026-09-10T00:45:00Z,N20,Routine Flare
firms-2026-09-10-0045-48412,52.49303,4.61164,321.02,1.94,50,2026-09-10T00:45:00Z,N20,Routine Flare
firms-2026-09-10-0045-48413,52.49305,4.60414,301.86,1.94,50,2026-09-10T00:45:00Z,N20,Routine Flare
firms-2026-09-10-0045-48414,52.48699,4.58896,297.53,0.82,50,2026-09-10T00:45:00Z,N20,Routine Flare
firms-2026-09-10-0045-48415,52.48088,4.58881,296.66,0.82,50,2026-09-10T00:45:00Z,N20,Routine Flare
firms-2026-09-10-0045-48416,52.48108,4.59106,295.77,1.2,50,2026-09-10T00:45:00Z,N20,Routine Flare
firms-2026-09-10-0045-48417,51.68811,15.98207,306.66,1.38,50,2026-09-10T00:45:00Z,N20,Routine Flare
firms-2026-09-10-0045-48418,52.21075,8.04268,296.7,0.87,50,2026-09-10T00:45:00Z,N20,Routine Flare
firms-2026-09-10-0045-48419,52.2104,8.0534,297.56,0.55,50,2026-09-10T00:45:00Z,N20,Routine Flare
firms-2026-09-10-0045-48420,47.7992,35.23824,298.85,0.43,50,2026-09-10T00:45:00Z,N20,Routine Flare
firms-2026-09-10-0045-48421,47.7679,35.21643,314.95,1.21,50,2026-09-10T00:45:00Z,N20,Routine Flare
firms-2026-09-10-0045-48422,47.70727,35.2166,295.03,0.8,50,2026-09-10T00:45:00Z,N20,Routine Flare
firms-2026-09-10-0045-48423,47.70579,35.21585,298.56,1.01,50,2026-09-10T00:45:00Z,N20,Routine Flare
firms-2026-09-10-0045-48424,47.74177,34.54478,303.31,0.83,50,2026-09-10T00:45:00Z,N20,Routine Flare
firms-2026-09-10-0045-48425,51.94449,4.10004,295.85,0.76,50,2026-09-10T00:45:00Z,N20,Routine Flare
firms-2026-09-10-0045-48426,51.88366,4.35988,295.56,1.1,50,2026-09-10T00:45:00Z,N20,Routine Flare
firms-2026-09-10-0045-48427,47.38183,35.25417,310.24,2.51,50,2026-09-10T00:45:00Z,N20,Routine Flare
firms-2026-09-10-0045-48428,47.38032,35.25912,310.43,1.45,50,2026-09-10T00:45:00Z,N20,Routine Flare
firms-2026-09-10-0045-48429,47.37523,35.25573,306.6,1.45,50,2026-09-10T00:45:00Z,N20,Routine Flare
firms-2026-09-10-0045-48430,47.88297,33.4436,295.81,0.54,50,2026-09-10T00:45:00Z,N20,Routine Flare
firms-2026-09-10-0045-48431,47.87125,33.44579,367,7.38,50,2026-09-10T00:45:00Z,N20,Industrial Fire
firms-2026-09-10-0045-48432,51.76466,8.05383,298.71,0.65,50,2026-09-10T00:45:00Z,N20,Routine Flare
firms-2026-09-10-0045-48433,47.87356,33.43773,301.81,0.59,50,2026-09-10T00:45:00Z,N20,Routine Flare
firms-2026-09-10-0045-48434,47.87001,33.43075,296.64,0.59,50,2026-09-10T00:45:00Z,N20,Routine Flare
firms-2026-09-10-0045-48435,47.87137,33.44818,367,3.72,50,2026-09-10T00:45:00Z,N20,Industrial Fire
firms-2026-09-10-0045-48436,47.87365,33.44006,296.43,0.9,50,2026-09-10T00:45:00Z,N20,Routine Flare
firms-2026-09-10-0045-48437,47.87251,33.44411,303.2,3.72,50,2026-09-10T00:45:00Z,N20,Routine Flare
firms-2026-09-10-0045-48438,51.76567,8.05358,301.02,0.57,50,2026-09-10T00:45:00Z,N20,Routine Flare
firms-2026-09-10-0045-48439,51.17791,16.11096,308.41,0.77,50,2026-09-10T00:45:00Z,N20,Routine Flare
firms-2026-09-10-0045-48440,47.87009,33.43304,300.56,0.72,50,2026-09-10T00:45:00Z,N20,Routine Flare
firms-2026-09-10-0045-48441,47.86782,33.44114,308.24,1.1,50,2026-09-10T00:45:00Z,N20,Routine Flare
firms-2026-09-10-0045-48442,47.87214,33.38641,297.22,0.66,50,2026-09-10T00:45:00Z,N20,Routine Flare
firms-2026-09-10-0045-48443,47.87099,33.39048,311.84,0.66,50,2026-09-10T00:45:00Z,N20,Routine Flare
firms-2026-09-10-0045-48444,47.61168,33.89516,297,0.4,50,2026-09-10T00:45:00Z,N20,Routine Flare
firms-2026-09-10-0045-48445,51.49923,6.72441,319.23,1.94,50,2026-09-10T00:45:00Z,N20,Routine Flare
firms-2026-09-10-0045-48446,51.48848,6.70604,296.54,1.07,50,2026-09-10T00:45:00Z,N20,Routine Flare
firms-2026-09-10-0045-48447,51.48795,6.72957,297.36,1.65,50,2026-09-10T00:45:00Z,N20,Routine Flare
firms-2026-09-10-0045-48448,51.27003,11.65989,300.17,0.79,50,2026-09-10T00:45:00Z,N20,Routine Flare
firms-2026-09-10-0045-48449,51.48264,6.71736,329.67,4.08,50,2026-09-10T00:45:00Z,N20,Routine Flare
firms-2026-09-10-0045-48450,51.48303,6.69969,315.65,1.07,50,2026-09-10T00:45:00Z,N20,Routine Flare
firms-2026-09-10-0045-48451,51.4829,6.70564,310.98,1.07,50,2026-09-10T00:45:00Z,N20,Routine Flare
firms-2026-09-10-0045-48452,51.27223,11.6604,298.77,1.22,50,2026-09-10T00:45:00Z,N20,Routine Flare
firms-2026-09-10-0045-48453,51.50074,6.72333,321.3,2.48,50,2026-09-10T00:45:00Z,N20,Routine Flare
firms-2026-09-10-0045-48454,51.48943,6.72855,297.88,0.66,50,2026-09-10T00:45:00Z,N20,Routine Flare
firms-2026-09-10-0045-48455,51.48418,6.71642,332.84,3.24,50,2026-09-10T00:45:00Z,N20,Routine Flare
firms-2026-09-10-0045-48456,51.48466,6.69871,308.87,1.51,50,2026-09-10T00:45:00Z,N20,Routine Flare
firms-2026-09-10-0045-48457,51.4845,6.70467,315.98,1.78,50,2026-09-10T00:45:00Z,N20,Routine Flare
firms-2026-09-10-0045-48458,51.48434,6.71057,295.98,1.78,50,2026-09-10T00:45:00Z,N20,Routine Flare
firms-2026-09-10-0045-48459,46.92817,35.39421,296.6,0.68,50,2026-09-10T00:45:00Z,N20,Routine Flare
firms-2026-09-10-0045-48460,51.46128,6.73829,308.1,0.87,50,2026-09-10T00:45:00Z,N20,Routine Flare
firms-2026-09-10-0045-48461,47.20848,34.34319,308.45,0.67,50,2026-09-10T00:45:00Z,N20,Routine Flare
firms-2026-09-10-0045-48462,46.95759,35.15628,305.71,0.83,50,2026-09-10T00:45:00Z,N20,Routine Flare
firms-2026-09-10-0045-48463,51.36903,6.70223,312.87,1.45,50,2026-09-10T00:45:00Z,N20,Routine Flare
firms-2026-09-10-0045-48464,51.36887,6.70812,302.89,1.45,50,2026-09-10T00:45:00Z,N20,Routine Flare
firms-2026-09-10-0045-48465,51.36871,6.71402,302.33,0.81,50,2026-09-10T00:45:00Z,N20,Routine Flare
firms-2026-09-10-0045-48466,51.36855,6.71991,295.56,0.81,50,2026-09-10T00:45:00Z,N20,Routine Flare
firms-2026-09-10-0045-48467,51.26767,4.31944,297.68,1.25,50,2026-09-10T00:45:00Z,N20,Routine Flare
firms-2026-09-10-0045-48468,51.2553,4.334,295.35,0.85,50,2026-09-10T00:45:00Z,N20,Routine Flare
firms-2026-09-10-0045-48469,51.17822,3.80389,333.07,3.86,50,2026-09-10T00:45:00Z,N20,Routine Flare
firms-2026-09-10-0045-48470,51.1782,3.81179,322.2,3.86,50,2026-09-10T00:45:00Z,N20,Routine Flare
firms-2026-09-10-0045-48471,51.17194,3.80393,339.01,3.86,50,2026-09-10T00:45:00Z,N20,Routine Flare
firms-2026-09-10-0045-48472,51.17192,3.81173,310.2,3.86,50,2026-09-10T00:45:00Z,N20,Routine Flare
firms-2026-09-10-0045-48473,51.16565,3.81161,295.12,1.4,50,2026-09-10T00:45:00Z,N20,Routine Flare
firms-2026-09-10-0045-48474,48.74881,26.6055,302.11,1.03,50,2026-09-10T00:45:00Z,N20,Routine Flare
firms-2026-09-10-0045-48475,50.56138,13.61593,296.37,0.69,50,2026-09-10T00:45:00Z,N20,Routine Flare
firms-2026-09-10-0045-48476,48.97773,24.71016,303.82,1.12,50,2026-09-10T00:45:00Z,N20,Routine Flare
firms-2026-09-10-0045-48477,48.97435,24.70864,300.24,1.12,50,2026-09-10T00:45:00Z,N20,Routine Flare
firms-2026-09-10-0048-48478,50.76651,5.67215,296.58,0.95,50,2026-09-10T00:48:00Z,N20,Routine Flare
firms-2026-09-10-0048-48479,47.78735,29.0163,298.78,0.66,50,2026-09-10T00:48:00Z,N20,Routine Flare
firms-2026-09-10-0048-48480,46.97947,31.97363,331.75,5.04,50,2026-09-10T00:48:00Z,N20,Routine Flare
firms-2026-09-10-0048-48481,47.21888,31.01545,331.63,5.16,50,2026-09-10T00:48:00Z,N20,Routine Flare
firms-2026-09-10-0048-48482,50.57375,5.36789,299.12,0.92,50,2026-09-10T00:48:00Z,N20,Routine Flare
firms-2026-09-10-0048-48483,50.56961,5.36788,298.84,0.94,50,2026-09-10T00:48:00Z,N20,Routine Flare
firms-2026-09-10-0048-48484,46.63074,32.7226,307.59,0.8,50,2026-09-10T00:48:00Z,N20,Routine Flare
firms-2026-09-10-0048-48485,46.6296,32.72665,296.64,0.8,50,2026-09-10T00:48:00Z,N20,Routine Flare
firms-2026-09-10-0048-48486,50.42287,4.53542,296.11,0.87,50,2026-09-10T00:48:00Z,N20,Routine Flare
firms-2026-09-10-0048-48487,46.38869,32.90329,295.07,0.35,50,2026-09-10T00:48:00Z,N20,Routine Flare
firms-2026-09-10-0048-48488,44.83937,37.67587,307.96,1.2,50,2026-09-10T00:48:00Z,N20,Routine Flare
firms-2026-09-10-0048-48489,44.73434,37.80791,298.6,2.29,50,2026-09-10T00:48:00Z,N20,Routine Flare
firms-2026-09-10-0048-48490,48.66323,22.45398,300.24,0.77,50,2026-09-10T00:48:00Z,N20,Routine Flare
firms-2026-09-10-0048-48491,48.66235,22.45908,319.2,1.46,50,2026-09-10T00:48:00Z,N20,Routine Flare
firms-2026-09-10-0048-48492,44.73576,37.80791,302.4,1.95,50,2026-09-10T00:48:00Z,N20,Routine Flare
firms-2026-09-10-0048-48493,48.4478,22.91202,305.03,0.6,50,2026-09-10T00:48:00Z,N20,Routine Flare
firms-2026-09-10-0048-48494,49.5079,5.95626,315.58,1.9,50,2026-09-10T00:48:00Z,N20,Routine Flare
firms-2026-09-10-0048-48495,49.46685,6.00283,303.81,1.03,50,2026-09-10T00:48:00Z,N20,Routine Flare
firms-2026-09-10-0048-48496,49.35787,6.74293,301.13,2,50,2026-09-10T00:48:00Z,N20,Routine Flare
firms-2026-09-10-0048-48497,49.3577,6.74836,309.55,1.68,50,2026-09-10T00:48:00Z,N20,Routine Flare
firms-2026-09-10-0048-48498,49.33861,6.04165,302.87,0.71,50,2026-09-10T00:48:00Z,N20,Routine Flare
firms-2026-09-10-0048-48499,49.27958,6.77937,303.24,0.68,50,2026-09-10T00:48:00Z,N20,Routine Flare
firms-2026-09-10-0048-48500,46.89665,26.02876,301.93,0.92,50,2026-09-10T00:48:00Z,N20,Routine Flare
firms-2026-09-10-0048-48501,49.05978,8.32532,296.14,0.46,50,2026-09-10T00:48:00Z,N20,Routine Flare
firms-2026-09-10-0048-48502,44.77646,33.85783,298.71,0.79,50,2026-09-10T00:48:00Z,N20,Routine Flare
firms-2026-09-10-0048-48503,45.26134,31.67195,354.02,2.98,50,2026-09-10T00:48:00Z,N20,Routine Flare
firms-2026-09-10-0048-48504,45.26025,31.67586,324.26,2.43,50,2026-09-10T00:48:00Z,N20,Routine Flare
firms-2026-09-10-0048-48505,45.25659,31.66933,311.23,2.98,50,2026-09-10T00:48:00Z,N20,Routine Flare
firms-2026-09-10-0048-48506,45.2555,31.67324,303.35,2.43,50,2026-09-10T00:48:00Z,N20,Routine Flare
firms-2026-09-10-0048-48507,45.26148,31.67245,312.84,1.02,50,2026-09-10T00:48:00Z,N20,Routine Flare
firms-2026-09-10-0048-48508,45.26041,31.67636,302.26,1.17,50,2026-09-10T00:48:00Z,N20,Routine Flare
firms-2026-09-10-0048-48509,45.25673,31.66981,352.75,4.78,50,2026-09-10T00:48:00Z,N20,Routine Flare
firms-2026-09-10-0048-48510,45.25566,31.67373,322.42,3.64,50,2026-09-10T00:48:00Z,N20,Routine Flare
firms-2026-09-10-0048-48511,45.37663,30.93092,312.18,1.35,50,2026-09-10T00:48:00Z,N20,Routine Flare
firms-2026-09-10-0048-48512,45.35756,30.90417,321.71,2.49,50,2026-09-10T00:48:00Z,N20,Routine Flare
firms-2026-09-10-0048-48513,45.35405,30.90333,323.89,2.23,50,2026-09-10T00:48:00Z,N20,Routine Flare
firms-2026-09-10-0048-48514,48.59839,7.81773,295.87,0.87,50,2026-09-10T00:48:00Z,N20,Routine Flare
firms-2026-09-10-0048-48515,45.55579,29.05252,306.96,1.04,50,2026-09-10T00:48:00Z,N20,Routine Flare
firms-2026-09-10-0048-48516,45.55156,29.05037,295.46,1.04,50,2026-09-10T00:48:00Z,N20,Routine Flare
firms-2026-09-10-0054-48517,26.43258,11.8477,316.73,0.93,50,2026-09-10T00:54:00Z,N20,Routine Flare
firms-2026-09-10-0054-48518,26.03143,11.97582,321.51,1.21,50,2026-09-10T00:54:00Z,N20,Routine Flare
firms-2026-09-10-0058-48519,13.3128,13.54251,324.04,2.74,50,2026-09-10T00:58:00Z,N20,Routine Flare
firms-2026-09-10-0058-48520,13.31162,13.53948,318.13,2.87,50,2026-09-10T00:58:00Z,N20,Routine Flare
firms-2026-09-10-0058-48521,13.31091,13.5437,312.69,2.39,50,2026-09-10T00:58:00Z,N20,Routine Flare
firms-2026-09-10-0058-48522,13.27715,13.65598,301.95,0.66,50,2026-09-10T00:58:00Z,N20,Routine Flare
firms-2026-09-10-0058-48523,13.22678,13.603,311.06,1.76,50,2026-09-10T00:58:00Z,N20,Routine Flare
firms-2026-09-10-0058-48524,13.22604,13.60726,314.16,2.38,50,2026-09-10T00:58:00Z,N20,Routine Flare
firms-2026-09-10-0058-48525,13.21877,13.62793,312.17,2.66,50,2026-09-10T00:58:00Z,N20,Routine Flare
firms-2026-09-10-0058-48526,13.21443,13.63156,302.81,1.54,50,2026-09-10T00:58:00Z,N20,Routine Flare
firms-2026-09-10-0100-48527,6.06463,5.58627,308.35,0.86,50,2026-09-10T01:00:00Z,N20,Routine Flare
firms-2026-09-10-0100-48528,6.01434,5.86605,305.93,0.97,50,2026-09-10T01:00:00Z,N20,Routine Flare
firms-2026-09-10-0100-48529,6.06527,5.43709,301.11,0.66,50,2026-09-10T01:00:00Z,N20,Routine Flare
firms-2026-09-10-0100-48530,5.9014,5.58331,314.53,1.16,50,2026-09-10T01:00:00Z,N20,Routine Flare
firms-2026-09-10-0100-48531,5.9526,5.04987,314.07,1.86,50,2026-09-10T01:00:00Z,N20,Routine Flare
firms-2026-09-10-0100-48532,5.88914,5.41276,328.69,3.57,50,2026-09-10T01:00:00Z,N20,Routine Flare
firms-2026-09-10-0100-48533,5.88849,5.41695,304.65,2.37,50,2026-09-10T01:00:00Z,N20,Routine Flare
firms-2026-09-10-0100-48534,5.78561,5.42797,316.13,1.33,50,2026-09-10T01:00:00Z,N20,Routine Flare
firms-2026-09-10-0039-48535,67.13816,56.78099,307.3,1.73,50,2026-09-10T00:39:00Z,N20,Routine Flare
firms-2026-09-10-0039-48536,67.13616,56.78518,303.47,2.23,50,2026-09-10T00:39:00Z,N20,Routine Flare
firms-2026-09-10-0039-48537,67.18028,56.63367,301.53,1.9,50,2026-09-10T00:39:00Z,N20,Routine Flare
firms-2026-09-10-0145-48538,-20.97549,165.33427,326.34,3.63,50,2026-09-10T01:45:00Z,N20,Routine Flare
firms-2026-09-10-0145-48539,-17.92254,177.8282,331.8,4.39,50,2026-09-10T01:45:00Z,N20,Routine Flare
firms-2026-09-10-0145-48540,-17.73236,177.44513,331.27,1.87,50,2026-09-10T01:45:00Z,N20,Routine Flare
firms-2026-09-10-0145-48541,-17.62677,177.69695,335.11,3.78,50,2026-09-10T01:45:00Z,N20,Routine Flare
firms-2026-09-10-0145-48542,-17.52335,178.07634,341.26,4.56,50,2026-09-10T01:45:00Z,N20,Routine Flare
firms-2026-09-10-0147-48543,-17.51948,177.59682,336.43,6.5,50,2026-09-10T01:47:00Z,N20,Routine Flare
firms-2026-09-10-0147-48544,-16.77983,178.63927,341.32,4.71,50,2026-09-10T01:47:00Z,N20,Routine Flare
firms-2026-09-10-0209-48545,53.20165,143.24281,333.85,1.79,50,2026-09-10T02:09:00Z,N20,Routine Flare
firms-2026-09-10-0211-48546,57.5954,139.30707,367,25.19,50,2026-09-10T02:11:00Z,N20,Industrial Fire
firms-2026-09-10-0211-48547,57.59097,139.29335,328.6,6.05,50,2026-09-10T02:11:00Z,N20,Routine Flare
firms-2026-09-10-0211-48548,57.59243,139.29784,356.5,6.05,50,2026-09-10T02:11:00Z,N20,Routine Flare
firms-2026-09-10-0211-48549,57.59763,139.29533,334.7,6.05,50,2026-09-10T02:11:00Z,N20,Routine Flare
firms-2026-09-10-0236-48550,23.87327,-15.67871,296.04,0.64,50,2026-09-10T02:36:00Z,N20,Routine Flare
firms-2026-09-10-0238-48551,14.66766,-17.01073,314.03,1.22,50,2026-09-10T02:38:00Z,N20,Routine Flare
firms-2026-09-09-1953-150,11.47639,77.5037,303.98,0.7,50,2026-09-09T19:53:00Z,N20,Routine Flare
firms-2026-09-09-1953-151,10.61573,77.41871,309.43,0.53,50,2026-09-09T19:53:00Z,N20,Routine Flare
firms-2026-09-09-1953-152,8.57282,80.41718,305.43,1.07,50,2026-09-09T19:53:00Z,N20,Routine Flare
firms-2026-09-09-1953-153,8.51106,80.40747,317.75,2.45,50,2026-09-09T19:53:00Z,N20,Routine Flare
firms-2026-09-09-1953-154,8.06615,80.76699,308.41,1.07,50,2026-09-09T19:53:00Z,N20,Routine Flare
firms-2026-09-09-1953-155,8.06482,80.76936,313.91,1.95,50,2026-09-09T19:53:00Z,N20,Routine Flare
firms-2026-09-09-1953-156,7.68663,80.70251,299.71,0.86,50,2026-09-09T19:53:00Z,N20,Routine Flare
firms-2026-09-09-1955-157,6.72082,81.14211,298.08,0.41,50,2026-09-09T19:55:00Z,N20,Routine Flare
firms-2026-09-09-1955-158,6.6048,81.16798,300.12,0.43,50,2026-09-09T19:55:00Z,N20,Routine Flare
firms-2026-09-09-1955-159,6.64141,80.86723,331.33,5.02,50,2026-09-09T19:55:00Z,N20,Routine Flare
firms-2026-09-09-1955-160,6.64141,80.86963,329.45,3.42,50,2026-09-09T19:55:00Z,N20,Routine Flare
firms-2026-09-09-1955-161,6.33054,81.00788,307.47,1.09,50,2026-09-09T19:55:00Z,N20,Routine Flare
firms-2026-09-09-1947-162,29.47817,76.84901,307.31,2.2,50,2026-09-09T19:47:00Z,N20,Routine Flare
firms-2026-09-09-1949-163,25.53918,100.57816,297.79,0.72,50,2026-09-09T19:49:00Z,N20,Routine Flare
firms-2026-09-09-1949-164,25.38144,99.30714,300.99,0.98,50,2026-09-09T19:49:00Z,N20,Routine Flare
firms-2026-09-09-1949-165,25.38068,99.31042,297.66,0.92,50,2026-09-09T19:49:00Z,N20,Routine Flare
firms-2026-09-09-1949-166,25.38073,99.30723,297.27,0.87,50,2026-09-09T19:49:00Z,N20,Routine Flare
firms-2026-09-09-1949-167,25.37999,99.31051,300.57,0.87,50,2026-09-09T19:49:00Z,N20,Routine Flare
firms-2026-09-09-1949-168,28.37615,77.22385,305.49,0.96,50,2026-09-09T19:49:00Z,N20,Routine Flare
firms-2026-09-09-1949-169,25.07337,99.28434,302.24,0.65,50,2026-09-09T19:49:00Z,N20,Routine Flare
firms-2026-09-09-1949-170,24.91837,99.0972,300.48,1.38,50,2026-09-09T19:49:00Z,N20,Routine Flare
firms-2026-09-09-1949-171,24.62439,98.75157,304.32,0.7,50,2026-09-09T19:49:00Z,N20,Routine Flare
firms-2026-09-09-1949-172,24.6265,98.75384,302.43,0.64,50,2026-09-09T19:49:00Z,N20,Routine Flare
firms-2026-09-09-1949-173,24.61345,98.74042,302.9,0.52,50,2026-09-09T19:49:00Z,N20,Routine Flare
firms-2026-09-09-1949-174,23.99023,79.39095,301.69,0.3,50,2026-09-09T19:49:00Z,N20,Routine Flare
firms-2026-09-09-1949-175,20.99685,86.01331,303.62,0.96,50,2026-09-09T19:49:00Z,N20,Routine Flare
firms-2026-09-09-1949-176,20.96932,86.00875,300.72,1.45,50,2026-09-09T19:49:00Z,N20,Routine Flare
firms-2026-09-09-1949-177,20.96874,86.01279,315.07,1.45,50,2026-09-09T19:49:00Z,N20,Routine Flare
firms-2026-09-09-1949-178,20.96356,86.04891,305.05,0.96,50,2026-09-09T19:49:00Z,N20,Routine Flare
firms-2026-09-09-1949-179,21.37871,81.67982,311.13,1.83,50,2026-09-09T19:49:00Z,N20,Routine Flare
firms-2026-09-09-1949-180,21.37868,81.6424,304.14,1.57,50,2026-09-09T19:49:00Z,N20,Routine Flare
firms-2026-09-09-1951-181,21.33862,78.9693,299.34,0.51,50,2026-09-09T19:51:00Z,N20,Routine Flare
firms-2026-09-09-1951-182,21.24455,79.22285,301.52,0.6,50,2026-09-09T19:51:00Z,N20,Routine Flare
firms-2026-09-09-1951-183,21.24932,79.21028,297.66,0.2,50,2026-09-09T19:51:00Z,N20,Routine Flare
firms-2026-09-09-1951-184,21.24792,79.22346,297.36,0.17,50,2026-09-09T19:51:00Z,N20,Routine Flare
firms-2026-09-09-1951-185,19.93735,73.71233,297.17,1.53,50,2026-09-09T19:51:00Z,N20,Routine Flare
firms-2026-09-09-1951-186,17.60981,83.20297,303.16,1.45,50,2026-09-09T19:51:00Z,N20,Routine Flare
firms-2026-09-09-1951-187,17.49954,78.72286,313.78,0.85,50,2026-09-09T19:51:00Z,N20,Routine Flare
firms-2026-09-09-1951-188,15.22659,76.76077,300.97,0.86,50,2026-09-09T19:51:00Z,N20,Routine Flare
firms-2026-09-09-1951-189,15.18477,76.67609,310.65,1.82,50,2026-09-09T19:51:00Z,N20,Routine Flare
firms-2026-09-09-1951-190,15.17955,76.67152,308.25,2.83,50,2026-09-09T19:51:00Z,N20,Routine Flare
firms-2026-09-09-1951-191,15.17564,76.65512,307.47,2.56,50,2026-09-09T19:51:00Z,N20,Routine Flare
firms-2026-09-09-1951-192,15.13567,76.70631,298.6,0.76,50,2026-09-09T19:51:00Z,N20,Routine Flare
firms-2026-09-09-1951-193,15.07439,76.86469,298.28,0.77,50,2026-09-09T19:51:00Z,N20,Routine Flare
firms-2026-09-09-1953-194,13.71126,79.61852,305.38,3.27,50,2026-09-09T19:53:00Z,N20,Routine Flare
firms-2026-09-09-1953-195,13.0127,77.39949,303.21,0.43,50,2026-09-09T19:53:00Z,N20,Routine Flare
firms-2026-09-09-1953-196,12.62486,79.78773,304.61,1.16,50,2026-09-09T19:53:00Z,N20,Routine Flare
firms-2026-09-09-1953-197,12.62527,79.79002,304.85,2.05,50,2026-09-09T19:53:00Z,N20,Routine Flare
firms-2026-09-09-1953-198,12.80645,77.43263,305.04,0.43,50,2026-09-09T19:53:00Z,N20,Routine Flare
firms-2026-09-09-1953-199,12.74513,77.61879,310.22,0.85,50,2026-09-09T19:53:00Z,N20,Routine Flare
firms-2026-09-09-2125-200,39.85486,66.19839,306.62,0.97,50,2026-09-09T21:25:00Z,N20,Routine Flare
firms-2026-09-09-2127-201,39.1784,68.61208,301.04,0.96,50,2026-09-09T21:27:00Z,N20,Routine Flare
firms-2026-09-09-2127-202,39.50409,66.15265,329.38,3.37,50,2026-09-09T21:27:00Z,N20,Routine Flare
firms-2026-09-09-2127-203,39.18187,65.31423,312.25,0.72,50,2026-09-09T21:27:00Z,N20,Routine Flare
firms-2026-09-09-2127-204,39.40894,62.84583,306.5,0.81,50,2026-09-09T21:27:00Z,N20,Routine Flare
firms-2026-09-09-2127-205,39.28613,63.76379,307.1,4.04,50,2026-09-09T21:27:00Z,N20,Routine Flare
firms-2026-09-09-2127-206,39.28315,63.75759,321.05,5.53,50,2026-09-09T21:27:00Z,N20,Routine Flare
firms-2026-09-09-2127-207,39.28249,63.76305,322.85,4.04,50,2026-09-09T21:27:00Z,N20,Routine Flare
firms-2026-09-09-2127-208,39.2486,63.95041,327.48,3.46,50,2026-09-09T21:27:00Z,N20,Routine Flare
firms-2026-09-09-2127-209,39.24926,63.94504,304.49,3.46,50,2026-09-09T21:27:00Z,N20,Routine Flare
firms-2026-09-09-2127-210,39.30593,62.97226,303.89,0.85,50,2026-09-09T21:27:00Z,N20,Routine Flare
firms-2026-09-09-2127-211,39.3055,62.97693,303.05,1.15,50,2026-09-09T21:27:00Z,N20,Routine Flare
firms-2026-09-09-2127-212,39.28229,63.04456,298.98,0.33,50,2026-09-09T21:27:00Z,N20,Routine Flare
firms-2026-09-09-2127-213,39.25152,63.21063,304.56,1.79,50,2026-09-09T21:27:00Z,N20,Routine Flare
firms-2026-09-09-2127-214,39.25249,63.16956,302.03,0.44,50,2026-09-09T21:27:00Z,N20,Routine Flare
firms-2026-09-09-2127-215,39.20288,63.23642,301.74,0.64,50,2026-09-09T21:27:00Z,N20,Routine Flare
firms-2026-09-09-2127-216,39.20004,63.19481,305.92,0.86,50,2026-09-09T21:27:00Z,N20,Routine Flare
firms-2026-09-09-2127-217,39.195,63.20559,303.02,0.69,50,2026-09-09T21:27:00Z,N20,Routine Flare
firms-2026-09-09-2129-218,30.73589,55.3835,312.13,0.81,50,2026-09-09T21:29:00Z,N20,Routine Flare
firms-2026-09-09-2127-219,39.1747,63.28352,300.01,1,50,2026-09-09T21:27:00Z,N20,Routine Flare
firms-2026-09-09-2129-220,30.73546,55.38459,314.58,0.78,50,2026-09-09T21:29:00Z,N20,Routine Flare
firms-2026-09-09-2127-221,39.17405,63.28922,299.74,0.45,50,2026-09-09T21:27:00Z,N20,Routine Flare
firms-2026-09-09-2127-222,39.13571,63.61969,300.6,0.44,50,2026-09-09T21:27:00Z,N20,Routine Flare
firms-2026-09-09-2129-223,30.15634,60.73397,307.25,0.98,50,2026-09-09T21:29:00Z,N20,Routine Flare
firms-2026-09-09-2127-224,39.17815,63.21992,299.87,0.49,50,2026-09-09T21:27:00Z,N20,Routine Flare
firms-2026-09-09-2127-225,39.17229,63.2714,309.38,1.07,50,2026-09-09T21:27:00Z,N20,Routine Flare
firms-2026-09-09-2127-226,39.17053,63.25356,313.15,1.42,50,2026-09-09T21:27:00Z,N20,Routine Flare
firms-2026-09-09-2127-227,39.16616,63.25854,304.42,1.42,50,2026-09-09T21:27:00Z,N20,Routine Flare
firms-2026-09-09-2127-228,39.15533,63.32043,300.45,0.5,50,2026-09-09T21:27:00Z,N20,Routine Flare
firms-2026-09-09-2129-229,30.36945,56.1256,304.06,1.71,50,2026-09-09T21:29:00Z,N20,Routine Flare
firms-2026-09-09-2127-230,39.16936,63.25247,308.85,1.36,50,2026-09-09T21:27:00Z,N20,Routine Flare
firms-2026-09-09-2129-231,30.39315,55.77352,301.57,0.5,50,2026-09-09T21:29:00Z,N20,Routine Flare
firms-2026-09-09-2127-232,39.16867,63.25817,302.45,1.07,50,2026-09-09T21:27:00Z,N20,Routine Flare
firms-2026-09-09-2127-233,39.16429,63.26315,307.34,1.07,50,2026-09-09T21:27:00Z,N20,Routine Flare
firms-2026-09-09-2127-234,38.32566,68.98779,310.58,0.97,50,2026-09-09T21:27:00Z,N20,Routine Flare
firms-2026-09-09-2129-235,30.38095,55.86164,311.82,1.01,50,2026-09-09T21:29:00Z,N20,Routine Flare
firms-2026-09-09-2127-236,39.12859,63.30854,304.68,0.77,50,2026-09-09T21:27:00Z,N20,Routine Flare
firms-2026-09-09-2129-237,30.36859,56.12632,303.96,1.35,50,2026-09-09T21:29:00Z,N20,Routine Flare
firms-2026-09-09-2127-238,39.11786,63.33539,312.01,1.29,50,2026-09-09T21:27:00Z,N20,Routine Flare
firms-2026-09-09-2129-239,30.38955,55.77443,303.29,0.25,50,2026-09-09T21:29:00Z,N20,Routine Flare
firms-2026-09-09-2127-240,39.06696,63.38311,300.38,0.4,50,2026-09-09T21:27:00Z,N20,Routine Flare
firms-2026-09-09-2129-241,30.38185,55.86291,310.02,0.59,50,2026-09-09T21:29:00Z,N20,Routine Flare
firms-2026-09-09-2127-242,39.01831,63.70167,299.92,0.42,50,2026-09-09T21:27:00Z,N20,Routine Flare
firms-2026-09-09-2129-243,28.42579,69.70051,316.87,2.96,50,2026-09-09T21:29:00Z,N20,Routine Flare
firms-2026-09-09-2127-244,38.94224,64.13323,301,0.92,50,2026-09-09T21:27:00Z,N20,Routine Flare
firms-2026-09-09-2127-245,38.6861,65.98739,314.87,1.33,50,2026-09-09T21:27:00Z,N20,Routine Flare
firms-2026-09-09-2127-246,38.6873,65.95456,305.86,1.48,50,2026-09-09T21:27:00Z,N20,Routine Flare
firms-2026-09-09-2127-247,38.68059,65.95302,301.41,0.8,50,2026-09-09T21:27:00Z,N20,Routine Flare
firms-2026-09-09-2127-248,38.95597,63.75501,302.32,0.78,50,2026-09-09T21:27:00Z,N20,Routine Flare
firms-2026-09-09-2129-249,30.2334,56.90933,311.31,3.98,50,2026-09-09T21:29:00Z,N20,Routine Flare
firms-2026-09-09-2127-250,38.96878,63.61836,300.34,0.42,50,2026-09-09T21:27:00Z,N20,Routine Flare
firms-2026-09-09-2129-251,30.21989,55.97989,301.86,1.51,50,2026-09-09T21:29:00Z,N20,Routine Flare
firms-2026-09-09-2127-252,38.97556,63.4674,308.29,1.35,50,2026-09-09T21:27:00Z,N20,Routine Flare
firms-2026-09-09-2127-253,38.91622,63.80771,304.05,0.92,50,2026-09-09T21:27:00Z,N20,Routine Flare
firms-2026-09-09-2127-254,38.91093,63.79013,305.05,0.75,50,2026-09-09T21:27:00Z,N20,Routine Flare
firms-2026-09-09-2127-255,38.55846,65.95111,303.87,0.64,50,2026-09-09T21:27:00Z,N20,Routine Flare
firms-2026-09-09-2129-256,27.28864,73.83974,307.58,0.95,50,2026-09-09T21:29:00Z,N20,Routine Flare
firms-2026-09-09-2127-257,38.66883,64.77667,302.81,0.54,50,2026-09-09T21:27:00Z,N20,Routine Flare
firms-2026-09-09-2127-258,38.45694,65.80219,301.78,0.55,50,2026-09-09T21:27:00Z,N20,Routine Flare
firms-2026-09-09-2127-259,38.65374,63.97964,301.26,0.72,50,2026-09-09T21:27:00Z,N20,Routine Flare
firms-2026-09-09-2127-260,38.05098,67.26276,328.59,6.4,50,2026-09-09T21:27:00Z,N20,Routine Flare
firms-2026-09-09-2127-261,38.40181,64.41276,300.31,0.44,50,2026-09-09T21:27:00Z,N20,Routine Flare
firms-2026-09-09-2127-262,38.11861,64.70955,300.49,0.36,50,2026-09-09T21:27:00Z,N20,Routine Flare
firms-2026-09-09-2127-263,38.12032,64.71303,299.28,0.68,50,2026-09-09T21:27:00Z,N20,Routine Flare
firms-2026-09-09-2127-264,37.96497,65.00734,306.46,0.76,50,2026-09-09T21:27:00Z,N20,Routine Flare
firms-2026-09-09-2127-265,38.683,54.30886,297.59,1,50,2026-09-09T21:27:00Z,N20,Routine Flare
firms-2026-09-09-2127-266,38.6828,54.3144,310.93,1,50,2026-09-09T21:27:00Z,N20,Routine Flare
firms-2026-09-09-2127-267,38.67999,54.30939,303.75,1.88,50,2026-09-09T21:27:00Z,N20,Routine Flare
firms-2026-09-09-2127-268,38.67975,54.31493,304.35,1.82,50,2026-09-09T21:27:00Z,N20,Routine Flare
firms-2026-09-09-2127-269,37.67439,65.26258,303.8,1.06,50,2026-09-09T21:27:00Z,N20,Routine Flare
firms-2026-09-09-2129-270,30.08278,55.39838,304.1,1.02,50,2026-09-09T21:29:00Z,N20,Routine Flare
firms-2026-09-09-2129-271,30.0782,55.39054,303.44,1.07,50,2026-09-09T21:29:00Z,N20,Routine Flare
firms-2026-09-09-2127-272,37.66441,65.28415,306.43,0.68,50,2026-09-09T21:27:00Z,N20,Routine Flare
firms-2026-09-09-2129-273,29.94958,56.73338,300.38,0.99,50,2026-09-09T21:29:00Z,N20,Routine Flare
firms-2026-09-09-2127-274,38.25463,58.38961,298.43,0.66,50,2026-09-09T21:27:00Z,N20,Routine Flare
firms-2026-09-09-2127-275,37.79737,62.5523,320.88,3.27,50,2026-09-09T21:27:00Z,N20,Routine Flare
firms-2026-09-09-2127-276,37.78736,62.53861,315.46,3.15,50,2026-09-09T21:27:00Z,N20,Routine Flare
firms-2026-09-09-2127-277,38.18098,57.98067,297.29,0.59,50,2026-09-09T21:27:00Z,N20,Routine Flare
firms-2026-09-09-2127-278,37.77637,62.09951,301.03,0.83,50,2026-09-09T21:27:00Z,N20,Routine Flare
firms-2026-09-09-2127-279,37.77617,62.03098,298.43,0.77,50,2026-09-09T21:27:00Z,N20,Routine Flare
firms-2026-09-09-2127-280,37.7453,62.13112,304.3,0.96,50,2026-09-09T21:27:00Z,N20,Routine Flare
firms-2026-09-09-2129-281,29.99305,55.85315,324.3,2.23,50,2026-09-09T21:29:00Z,N20,Routine Flare
firms-2026-09-09-2129-282,29.99279,55.85624,330.97,2.23,50,2026-09-09T21:29:00Z,N20,Routine Flare
firms-2026-09-09-2127-283,37.74365,62.07508,299.16,0.56,50,2026-09-09T21:27:00Z,N20,Routine Flare
firms-2026-09-09-2127-284,37.75169,61.85643,297.99,0.71,50,2026-09-09T21:27:00Z,N20,Routine Flare
firms-2026-09-09-2129-285,29.47766,60.80727,307.55,1.09,50,2026-09-09T21:29:00Z,N20,Routine Flare
firms-2026-09-09-2127-286,37.72619,62.09059,299.28,0.66,50,2026-09-09T21:27:00Z,N20,Routine Flare
firms-2026-09-09-2129-287,29.98802,55.85244,308.77,1.85,50,2026-09-09T21:29:00Z,N20,Routine Flare
firms-2026-09-09-2129-288,29.98777,55.85551,317.13,1.85,50,2026-09-09T21:29:00Z,N20,Routine Flare
firms-2026-09-09-2127-289,37.72552,62.09668,299.46,0.66,50,2026-09-09T21:27:00Z,N20,Routine Flare
firms-2026-09-09-2127-290,37.67121,62.23442,309.49,1.12,50,2026-09-09T21:27:00Z,N20,Routine Flare
firms-2026-09-09-2127-291,37.6629,62.23902,308.03,1.14,50,2026-09-09T21:27:00Z,N20,Routine Flare
firms-2026-09-09-2127-292,37.65842,62.2443,302.33,1.14,50,2026-09-09T21:27:00Z,N20,Routine Flare
firms-2026-09-09-2127-293,37.67298,62.23449,305.11,1.53,50,2026-09-09T21:27:00Z,N20,Routine Flare
firms-2026-09-09-2129-294,29.999,55.19396,298.65,0.79,50,2026-09-09T21:29:00Z,N20,Routine Flare
firms-2026-09-09-2127-295,37.66081,62.2384,307.48,1.14,50,2026-09-09T21:27:00Z,N20,Routine Flare
firms-2026-09-09-2127-296,37.6563,62.24368,300.55,0.69,50,2026-09-09T21:27:00Z,N20,Routine Flare
firms-2026-09-09-2127-297,37.63739,62.20374,302.06,0.87,50,2026-09-09T21:27:00Z,N20,Routine Flare
firms-2026-09-09-2127-298,37.62837,62.21435,305.66,1.12,50,2026-09-09T21:27:00Z,N20,Routine Flare
firms-2026-09-09-2127-299,37.65506,61.90296,300.34,0.57,50,2026-09-09T21:27:00Z,N20,Routine Flare
firms-2026-09-09-2127-300,37.6254,62.17109,314.85,1.96,50,2026-09-09T21:27:00Z,N20,Routine Flare
firms-2026-09-09-2129-301,29.70175,55.5295,312.7,0.88,50,2026-09-09T21:29:00Z,N20,Routine Flare
firms-2026-09-09-2127-302,37.62693,62.12225,299.04,0.36,50,2026-09-09T21:27:00Z,N20,Routine Flare
firms-2026-09-09-2127-303,37.62107,62.13966,317.35,2.63,50,2026-09-09T21:27:00Z,N20,Routine Flare
firms-2026-09-09-2127-304,37.94254,58.56279,300.96,0.74,50,2026-09-09T21:27:00Z,N20,Routine Flare
firms-2026-09-09-2127-305,37.61596,61.60783,303.54,1.04,50,2026-09-09T21:27:00Z,N20,Routine Flare
firms-2026-09-09-2127-306,37.61548,61.57519,306.75,1.67,50,2026-09-09T21:27:00Z,N20,Routine Flare
firms-2026-09-09-2127-307,37.61201,61.60716,315.9,3.04,50,2026-09-09T21:27:00Z,N20,Routine Flare
firms-2026-09-09-2129-308,29.5128,55.79643,314.27,0.92,50,2026-09-09T21:29:00Z,N20,Routine Flare
firms-2026-09-09-2127-309,37.59707,61.55897,310.02,1.09,50,2026-09-09T21:27:00Z,N20,Routine Flare
firms-2026-09-09-2127-310,37.59258,61.52549,309.08,1.88,50,2026-09-09T21:27:00Z,N20,Routine Flare
firms-2026-09-09-2127-311,37.48085,62.00935,301.63,0.89,50,2026-09-09T21:27:00Z,N20,Routine Flare
firms-2026-09-09-2129-312,26.26084,74.09544,313.45,1.05,50,2026-09-09T21:29:00Z,N20,Routine Flare
firms-2026-09-09-2127-313,37.48327,61.97763,302.68,0.78,50,2026-09-09T21:27:00Z,N20,Routine Flare
firms-2026-09-09-2127-314,37.47983,62.00804,301.16,0.99,50,2026-09-09T21:27:00Z,N20,Routine Flare
firms-2026-09-09-2127-315,37.42586,62.3089,320.18,2.75,50,2026-09-09T21:27:00Z,N20,Routine Flare
firms-2026-09-09-2129-316,29.1519,55.36501,304.34,0.69,50,2026-09-09T21:29:00Z,N20,Routine Flare
firms-2026-09-09-2127-317,37.5136,61.0168,301.49,0.28,50,2026-09-09T21:27:00Z,N20,Routine Flare
firms-2026-09-09-2127-318,37.50454,61.02452,309,1.15,50,2026-09-09T21:27:00Z,N20,Routine Flare
firms-2026-09-09-2127-319,37.35073,61.36192,305.67,0.87,50,2026-09-09T21:27:00Z,N20,Routine Flare
firms-2026-09-09-2127-320,37.32831,61.096,309.93,1.61,50,2026-09-09T21:27:00Z,N20,Routine Flare
firms-2026-09-09-2129-321,28.2048,61.3045,306.33,1.09,50,2026-09-09T21:29:00Z,N20,Routine Flare
firms-2026-09-09-2127-322,36.70251,65.95914,305.44,1.23,50,2026-09-09T21:27:00Z,N20,Routine Flare
firms-2026-09-09-2129-323,25.78568,73.69735,315.84,1.03,50,2026-09-09T21:29:00Z,N20,Routine Flare
firms-2026-09-09-2127-324,37.11994,62.35844,308.07,3.01,50,2026-09-09T21:27:00Z,N20,Routine Flare
firms-2026-09-09-2127-325,37.11929,62.36423,315.49,3.01,50,2026-09-09T21:27:00Z,N20,Routine Flare
firms-2026-09-09-2127-326,37.11551,62.36355,305.22,3.01,50,2026-09-09T21:27:00Z,N20,Routine Flare
firms-2026-09-09-2127-327,37.11978,62.36441,325.7,3.45,50,2026-09-09T21:27:00Z,N20,Routine Flare
firms-2026-09-09-2129-328,24.93298,74.63309,306.17,0.87,50,2026-09-09T21:29:00Z,N20,Routine Flare
firms-2026-09-09-2127-329,37.12046,62.35865,300.57,4.43,50,2026-09-09T21:27:00Z,N20,Routine Flare
firms-2026-09-09-2129-330,24.66161,74.63222,306.03,1.63,50,2026-09-09T21:29:00Z,N20,Routine Flare
firms-2026-09-09-2127-331,37.116,62.36374,307.16,3.45,50,2026-09-09T21:27:00Z,N20,Routine Flare
firms-2026-09-09-2129-332,27.23015,60.48732,314.03,1.71,50,2026-09-09T21:29:00Z,N20,Routine Flare
firms-2026-09-09-2127-333,37.03321,62.41327,315.51,1.85,50,2026-09-09T21:27:00Z,N20,Routine Flare
firms-2026-09-09-2127-334,37.03255,62.41898,302.74,1.48,50,2026-09-09T21:27:00Z,N20,Routine Flare
firms-2026-09-09-2129-335,25.95873,68.37125,308.73,0.95,50,2026-09-09T21:29:00Z,N20,Routine Flare
firms-2026-09-09-2127-336,37.45362,57.68646,297.7,0.95,50,2026-09-09T21:27:00Z,N20,Routine Flare
firms-2026-09-09-2129-337,25.95721,68.36967,308.17,0.98,50,2026-09-09T21:29:00Z,N20,Routine Flare
firms-2026-09-09-2127-338,35.97097,68.68433,302.06,0.58,50,2026-09-09T21:27:00Z,N20,Routine Flare
firms-2026-09-09-2127-339,36.99517,56.23135,297.19,0.37,50,2026-09-09T21:27:00Z,N20,Routine Flare
firms-2026-09-09-2127-340,36.49573,61.80628,303.36,0.63,50,2026-09-09T21:27:00Z,N20,Routine Flare
firms-2026-09-09-2129-341,24.82284,73.09332,306.89,0.87,50,2026-09-09T21:29:00Z,N20,Routine Flare
firms-2026-09-09-2127-342,36.46365,60.84886,311.47,1.01,50,2026-09-09T21:27:00Z,N20,Routine Flare
firms-2026-09-09-2129-343,27.42391,56.49785,310.28,0.79,50,2026-09-09T21:29:00Z,N20,Routine Flare
firms-2026-09-09-2127-344,35.90895,62.96456,302.4,0.8,50,2026-09-09T21:27:00Z,N20,Routine Flare
firms-2026-09-09-2127-345,36.29914,54.78341,298.14,0.44,50,2026-09-09T21:27:00Z,N20,Routine Flare
firms-2026-09-09-2127-346,32.88894,71.61413,308.93,2.99,50,2026-09-09T21:27:00Z,N20,Routine Flare
firms-2026-09-09-2127-347,32.57493,72.5623,307.53,2.69,50,2026-09-09T21:27:00Z,N20,Routine Flare
firms-2026-09-09-2127-348,32.37976,72.13672,308.69,2.2,50,2026-09-09T21:27:00Z,N20,Routine Flare
firms-2026-09-09-2127-349,31.25961,76.92348,300.76,0.72,50,2026-09-09T21:27:00Z,N20,Routine Flare
firms-2026-09-09-2129-350,24.69181,73.00176,308.93,1.14,50,2026-09-09T21:29:00Z,N20,Routine Flare
firms-2026-09-09-2127-351,31.25256,76.9285,299.83,0.34,50,2026-09-09T21:27:00Z,N20,Routine Flare
firms-2026-09-09-2127-352,31.25094,76.9282,300.32,0.87,50,2026-09-09T21:27:00Z,N20,Routine Flare
firms-2026-09-09-2127-353,32.65487,70.47169,314.99,1.87,50,2026-09-09T21:27:00Z,N20,Routine Flare
firms-2026-09-09-2127-354,33.62763,59.16934,296.08,2.1,50,2026-09-09T21:27:00Z,N20,Routine Flare
firms-2026-09-09-2129-355,33.04488,56.84562,325.15,8.03,50,2026-09-09T21:29:00Z,N20,Routine Flare
firms-2026-09-09-2129-356,33.04285,56.84473,328.11,7.37,50,2026-09-09T21:29:00Z,N20,Routine Flare
firms-2026-09-09-2129-357,24.69116,73.00336,306.71,1.05,50,2026-09-09T21:29:00Z,N20,Routine Flare
firms-2026-09-09-2129-358,28.375,77.22592,306.16,1.28,50,2026-09-09T21:29:00Z,N20,Routine Flare
firms-2026-09-09-2129-359,31.85289,54.28227,311.37,0.95,50,2026-09-09T21:29:00Z,N20,Routine Flare
firms-2026-09-09-2129-360,31.85259,54.28668,303.45,0.95,50,2026-09-09T21:29:00Z,N20,Routine Flare
firms-2026-09-09-2129-361,31.62255,54.72149,306.27,0.66,50,2026-09-09T21:29:00Z,N20,Routine Flare
firms-2026-09-09-2129-362,31.62198,54.72361,307.8,0.81,50,2026-09-09T21:29:00Z,N20,Routine Flare
firms-2026-09-09-2129-363,27.66761,76.12939,303.85,1.52,50,2026-09-09T21:29:00Z,N20,Routine Flare
firms-2026-09-09-2129-364,25.3894,68.5838,315.81,2.11,50,2026-09-09T21:29:00Z,N20,Routine Flare
firms-2026-09-09-2129-365,27.1721,56.05198,313.95,1.53,50,2026-09-09T21:29:00Z,N20,Routine Flare
firms-2026-09-09-2129-366,27.16295,56.09809,316.81,2.01,50,2026-09-09T21:29:00Z,N20,Routine Flare
firms-2026-09-09-2129-367,27.1624,56.10394,309.81,2.01,50,2026-09-09T21:29:00Z,N20,Routine Flare
firms-2026-09-09-2129-368,27.17274,56.05206,313.42,1.36,50,2026-09-09T21:29:00Z,N20,Routine Flare
firms-2026-09-09-2129-369,27.16792,56.05144,312.63,1.44,50,2026-09-09T21:29:00Z,N20,Routine Flare
firms-2026-09-09-2129-370,27.16327,56.09806,314.79,2.84,50,2026-09-09T21:29:00Z,N20,Routine Flare
firms-2026-09-09-2129-371,27.16268,56.1039,312.74,0.93,50,2026-09-09T21:29:00Z,N20,Routine Flare
firms-2026-09-09-2131-372,25.15882,67.70341,309.86,1.13,50,2026-09-09T21:31:00Z,N20,Routine Flare
firms-2026-09-09-2131-373,25.05377,67.49573,310.2,1.26,50,2026-09-09T21:31:00Z,N20,Routine Flare
firms-2026-09-09-2131-374,25.05103,67.49039,307.76,1.13,50,2026-09-09T21:31:00Z,N20,Routine Flare
firms-2026-09-09-2131-375,25.05019,67.49493,310.91,1.26,50,2026-09-09T21:31:00Z,N20,Routine Flare
firms-2026-09-09-2131-376,25.15779,66.78284,314.67,2.15,50,2026-09-09T21:31:00Z,N20,Routine Flare
firms-2026-09-09-2131-377,25.15982,66.78565,310.76,2.57,50,2026-09-09T21:31:00Z,N20,Routine Flare
firms-2026-09-09-2131-378,25.13802,66.90982,308.65,2.1,50,2026-09-09T21:31:00Z,N20,Routine Flare
firms-2026-09-09-2131-379,25.97361,56.06998,318.1,7.82,50,2026-09-09T21:31:00Z,N20,Routine Flare
firms-2026-09-09-2131-380,25.90565,54.53061,312.8,0.31,50,2026-09-09T21:31:00Z,N20,Routine Flare
firms-2026-09-09-2131-381,25.57073,55.98579,311.98,1.72,50,2026-09-09T21:31:00Z,N20,Routine Flare
firms-2026-09-09-2131-382,25.56031,55.9851,314.31,1.43,50,2026-09-09T21:31:00Z,N20,Routine Flare
firms-2026-09-09-2131-383,22.26427,75.13316,304.21,0.98,50,2026-09-09T21:31:00Z,N20,Routine Flare
firms-2026-09-09-2131-384,25.31059,56.37148,318.65,1.87,50,2026-09-09T21:31:00Z,N20,Routine Flare
firms-2026-09-09-2131-385,22.92588,69.82298,306.27,0.97,50,2026-09-09T21:31:00Z,N20,Routine Flare
firms-2026-09-09-2131-386,22.93342,69.69579,315.65,1.34,50,2026-09-09T21:31:00Z,N20,Routine Flare
firms-2026-09-09-2131-387,22.93258,69.69999,306.61,1.34,50,2026-09-09T21:31:00Z,N20,Routine Flare
firms-2026-09-09-2131-388,24.50848,56.60721,322.58,2,50,2026-09-09T21:31:00Z,N20,Routine Flare
firms-2026-09-09-2131-389,24.50453,56.60169,312.86,2,50,2026-09-09T21:31:00Z,N20,Routine Flare
firms-2026-09-09-2131-390,24.50399,56.60661,317.95,2,50,2026-09-09T21:31:00Z,N20,Routine Flare
firms-2026-09-09-2131-391,24.45522,56.55041,312.41,1.58,50,2026-09-09T21:31:00Z,N20,Routine Flare
firms-2026-09-09-2131-392,24.45811,56.55045,312.32,1.54,50,2026-09-09T21:31:00Z,N20,Routine Flare
firms-2026-09-09-2131-393,22.33153,69.74809,305.56,1.91,50,2026-09-09T21:31:00Z,N20,Routine Flare
firms-2026-09-09-2131-394,22.41794,69.03831,307.91,2.54,50,2026-09-09T21:31:00Z,N20,Routine Flare
firms-2026-09-09-2131-395,21.86034,71.68641,309.26,1.48,50,2026-09-09T21:31:00Z,N20,Routine Flare
firms-2026-09-09-2131-396,24.32326,54.46815,319.96,1.81,50,2026-09-09T21:31:00Z,N20,Routine Flare
firms-2026-09-09-2131-397,23.91318,57.13814,310.38,0.81,50,2026-09-09T21:31:00Z,N20,Routine Flare
firms-2026-09-09-2131-398,21.10844,72.64442,346.9,4.87,50,2026-09-09T21:31:00Z,N20,Routine Flare
firms-2026-09-09-2131-399,21.11067,72.63412,307.26,3.42,50,2026-09-09T21:31:00Z,N20,Routine Flare
firms-2026-09-09-2131-400,21.10993,72.63754,307.33,4.92,50,2026-09-09T21:31:00Z,N20,Routine Flare
firms-2026-09-09-2131-401,21.10769,72.64785,315.59,4.87,50,2026-09-09T21:31:00Z,N20,Routine Flare
firms-2026-09-09-2131-402,21.10473,72.63625,335.79,5.36,50,2026-09-09T21:31:00Z,N20,Routine Flare
firms-2026-09-09-2131-403,23.55564,58.19856,312.84,0.81,50,2026-09-09T21:31:00Z,N20,Routine Flare
firms-2026-09-09-2131-404,20.90852,71.45917,306.78,1.48,50,2026-09-09T21:31:00Z,N20,Routine Flare
firms-2026-09-09-2131-405,23.19534,55.4539,322.3,3.01,50,2026-09-09T21:31:00Z,N20,Routine Flare
firms-2026-09-09-2131-406,23.19477,55.45945,309.95,3.01,50,2026-09-09T21:31:00Z,N20,Routine Flare
firms-2026-09-09-2131-407,23.31704,54.17125,312.44,1.97,50,2026-09-09T21:31:00Z,N20,Routine Flare
firms-2026-09-09-2131-408,23.31672,54.17464,311.07,2.09,50,2026-09-09T21:31:00Z,N20,Routine Flare
firms-2026-09-09-2131-409,23.31153,54.17403,367,6.91,50,2026-09-09T21:31:00Z,N20,Industrial Fire
firms-2026-09-09-2131-410,23.31121,54.17743,334.08,6.91,50,2026-09-09T21:31:00Z,N20,Routine Flare
firms-2026-09-09-2131-411,23.19429,55.45756,327.44,2.75,50,2026-09-09T21:31:00Z,N20,Routine Flare
firms-2026-09-09-2131-412,23.18953,55.45695,311.76,2.75,50,2026-09-09T21:31:00Z,N20,Routine Flare
firms-2026-09-09-2131-413,23.31528,54.17373,367,8.43,50,2026-09-09T21:31:00Z,N20,Industrial Fire
firms-2026-09-09-2131-414,23.31494,54.17712,352.49,8.43,50,2026-09-09T21:31:00Z,N20,Routine Flare
firms-2026-09-09-2131-415,23.30976,54.17652,322.18,0.99,50,2026-09-09T21:31:00Z,N20,Routine Flare
firms-2026-09-09-2131-416,23.3101,54.17314,309.76,0.99,50,2026-09-09T21:31:00Z,N20,Routine Flare
firms-2026-09-09-2131-417,23.27853,54.22696,309.8,0.69,50,2026-09-09T21:31:00Z,N20,Routine Flare
firms-2026-09-09-2131-418,22.65744,59.41523,312.21,1.35,50,2026-09-09T21:31:00Z,N20,Routine Flare
firms-2026-09-09-2131-419,22.88139,55.92257,330.74,4.31,50,2026-09-09T21:31:00Z,N20,Routine Flare
firms-2026-09-09-2131-420,22.87265,55.61308,325.32,3.2,50,2026-09-09T21:31:00Z,N20,Routine Flare
firms-2026-09-09-2131-421,22.78192,55.81365,310.69,1.85,50,2026-09-09T21:31:00Z,N20,Routine Flare
firms-2026-09-09-2131-422,22.67408,56.24694,311.52,0.88,50,2026-09-09T21:31:00Z,N20,Routine Flare
firms-2026-09-09-2131-423,22.67154,56.24903,309.29,1.15,50,2026-09-09T21:31:00Z,N20,Routine Flare
firms-2026-09-09-2131-424,22.40659,56.98983,331.55,2,50,2026-09-09T21:31:00Z,N20,Routine Flare
firms-2026-09-09-2131-425,22.33057,56.48737,339.08,7.55,50,2026-09-09T21:31:00Z,N20,Routine Flare
firms-2026-09-09-2131-426,22.29475,56.52747,309.29,0.75,50,2026-09-09T21:31:00Z,N20,Routine Flare
firms-2026-09-09-2131-427,22.52571,54.04995,311.61,1.15,50,2026-09-09T21:31:00Z,N20,Routine Flare
firms-2026-09-09-2131-428,21.9373,57.07299,341.53,5.7,50,2026-09-09T21:31:00Z,N20,Routine Flare
firms-2026-09-09-2131-429,21.89098,56.847,338.68,4.64,50,2026-09-09T21:31:00Z,N20,Routine Flare
firms-2026-09-09-2131-430,21.83442,56.6779,314.83,1.28,50,2026-09-09T21:31:00Z,N20,Routine Flare
firms-2026-09-09-2131-431,21.83389,56.68231,312.61,1.33,50,2026-09-09T21:31:00Z,N20,Routine Flare
firms-2026-09-09-2131-432,18.55977,74.38993,296.02,0.42,50,2026-09-09T21:31:00Z,N20,Routine Flare
firms-2026-09-09-2131-433,21.66476,56.41216,326.47,3.36,50,2026-09-09T21:31:00Z,N20,Routine Flare
firms-2026-09-09-2131-434,18.85809,72.92795,314.02,1.22,50,2026-09-09T21:31:00Z,N20,Routine Flare
firms-2026-09-09-2131-435,21.46015,56.96593,313.73,0.89,50,2026-09-09T21:31:00Z,N20,Routine Flare
firms-2026-09-09-2131-436,21.45593,56.96532,314.09,1.22,50,2026-09-09T21:31:00Z,N20,Routine Flare
firms-2026-09-09-2131-437,21.33387,57.72358,322.79,1.68,50,2026-09-09T21:31:00Z,N20,Routine Flare
firms-2026-09-09-2131-438,21.32183,57.72179,317.1,1.69,50,2026-09-09T21:31:00Z,N20,Routine Flare
firms-2026-09-09-2131-439,21.31505,57.74366,326.88,2.32,50,2026-09-09T21:31:00Z,N20,Routine Flare
firms-2026-09-09-2131-440,21.30419,57.79879,323.13,1.11,50,2026-09-09T21:31:00Z,N20,Routine Flare
firms-2026-09-09-2131-441,21.31104,57.74307,312.78,1.6,50,2026-09-09T21:31:00Z,N20,Routine Flare
firms-2026-09-09-2131-442,21.31058,57.7468,319.9,1.68,50,2026-09-09T21:31:00Z,N20,Routine Flare
firms-2026-09-09-2131-443,21.30233,57.79922,308.3,0.41,50,2026-09-09T21:31:00Z,N20,Routine Flare
firms-2026-09-09-2131-444,21.30636,57.70501,322.17,1.15,50,2026-09-09T21:31:00Z,N20,Routine Flare
firms-2026-09-09-2131-445,21.29719,57.68077,316.8,1.06,50,2026-09-09T21:31:00Z,N20,Routine Flare
firms-2026-09-09-2131-446,20.38916,55.65942,317.99,2.03,50,2026-09-09T21:31:00Z,N20,Routine Flare
firms-2026-09-09-2131-447,20.38629,55.64415,310.95,2.44,50,2026-09-09T21:31:00Z,N20,Routine Flare
firms-2026-09-09-2131-448,20.38733,55.6628,324.33,2.81,50,2026-09-09T21:31:00Z,N20,Routine Flare
firms-2026-09-09-2131-449,20.38456,55.64754,321.65,2.16,50,2026-09-09T21:31:00Z,N20,Routine Flare
firms-2026-09-09-2131-450,20.21483,55.71103,314.99,1.22,50,2026-09-09T21:31:00Z,N20,Routine Flare
firms-2026-09-09-2133-451,19.27031,56.173,318.8,1.09,50,2026-09-09T21:33:00Z,N20,Routine Flare
firms-2026-09-09-2133-452,18.3249,55.10578,338.74,6.06,50,2026-09-09T21:33:00Z,N20,Routine Flare
firms-2026-09-09-2133-453,18.17798,55.24695,307.27,0.72,50,2026-09-09T21:33:00Z,N20,Routine Flare
firms-2026-09-09-2133-454,18.01671,54.56941,338.19,10.41,50,2026-09-09T21:33:00Z,N20,Routine Flare
firms-2026-09-09-2133-455,18.01608,54.57465,311.76,10.41,50,2026-09-09T21:33:00Z,N20,Routine Flare
firms-2026-09-09-2133-456,12.98642,74.85329,326.26,4.91,50,2026-09-09T21:33:00Z,N20,Routine Flare
firms-2026-09-09-2133-457,12.98743,74.85194,323.57,5.75,50,2026-09-09T21:33:00Z,N20,Routine Flare
firms-2026-09-09-2307-458,38.68216,54.31433,326.63,2.18,50,2026-09-09T23:07:00Z,N20,Routine Flare
firms-2026-09-09-2307-459,38.65105,54.28337,319.67,1.16,50,2026-09-09T23:07:00Z,N20,Routine Flare
firms-2026-09-09-2307-460,38.64599,54.28117,305.43,0.67,50,2026-09-09T23:07:00Z,N20,Routine Flare
firms-2026-09-09-2309-461,32.33457,54.08416,300.09,0.92,50,2026-09-09T23:09:00Z,N20,Routine Flare
firms-2026-09-09-2309-462,31.85198,54.28646,303.01,1.03,50,2026-09-09T23:09:00Z,N20,Routine Flare
firms-2026-09-09-2309-463,31.62429,54.72528,305.9,1.56,50,2026-09-09T23:09:00Z,N20,Routine Flare
firms-2026-09-09-2309-464,31.62252,54.72244,305.61,1.91,50,2026-09-09T23:09:00Z,N20,Routine Flare
firms-2026-09-09-2309-465,30.7353,55.38451,301.73,0.68,50,2026-09-09T23:09:00Z,N20,Routine Flare
firms-2026-09-09-2309-466,30.37278,56.12803,297.11,0.91,50,2026-09-09T23:09:00Z,N20,Routine Flare
firms-2026-09-09-2309-467,29.993,55.85573,303.08,1.61,50,2026-09-09T23:09:00Z,N20,Routine Flare
firms-2026-09-09-2309-468,30.08055,55.39589,299.26,2.92,50,2026-09-09T23:09:00Z,N20,Routine Flare
